,index_x,season,TOT,age_x,games_played,pen_min,plus_minus,goals_ev,goals_pp,goals_sh,goals_gw,assists_ev,assists_pp,assists_sh,shot_pct,shots_attempted,shot_pct.1,shots_attempted.1,time_on_ice_avg,hits,blocks,takeaways,giveaways,name,index_y,age_y,corsi_for,corsi_against,corsi_pct,corsi_rel_pct,fenwick_for,fenwick_against,fenwick_pct,fenwick_rel_pct,on_ice_shot_pct,on_ice_sv_pct,pdo,zs_offense_pct,zs_defense_pct,uniqueseason
6,7,2007-08,TOT,30.0,75.0,58.0,-16.0,3.0,0.0,1.0,1.0,7.0,0.0,0.0,6.3,110.0,6.3,110.0,10.48,117.0,43.0,22.0,9.0,adamscr01,1.0,30.0,446.0,550.0,44.8,-9.2,340.0,408.0,45.5,-8.7,4.7,89.5,94.2,51.0,49.0,1
9,10,2008-09,TOT,31.0,45.0,22.0,-3.0,1.0,1.0,0.0,0.0,5.0,0.0,0.0,4.3,81.0,4.3,81.0,8.41,67.0,20.0,7.0,3.0,adamscr01,4.0,31.0,306.0,274.0,52.8,-3.2,238.0,198.0,54.6,-1.4,3.8,93.1,96.9,56.5,43.5,1
12,13,2009-10,PIT,32.0,82.0,72.0,-5.0,0.0,0.0,0.0,0.0,10.0,0.0,0.0,0.0,147.0,0.0,147.0,11.06,193.0,58.0,22.0,12.0,adamscr01,7.0,32.0,511.0,604.0,45.8,-9.2,376.0,421.0,47.2,-8.9,7.2,92.0,99.2,42.4,57.6,1
13,14,2010-11,PIT,33.0,80.0,76.0,-5.0,2.0,0.0,2.0,1.0,9.0,0.0,2.0,4.4,138.0,4.4,138.0,12.11,171.0,64.0,24.0,15.0,adamscr01,8.0,33.0,565.0,647.0,46.6,-7.8,424.0,460.0,48.0,-6.0,5.6,91.1,96.8,49.4,50.6,1
14,15,2011-12,PIT,34.0,82.0,34.0,-6.0,5.0,0.0,0.0,0.0,10.0,0.0,3.0,6.6,130.0,6.6,130.0,11.17,162.0,45.0,13.0,7.0,adamscr01,9.0,34.0,530.0,545.0,49.3,-6.6,402.0,403.0,49.9,-6.4,7.8,89.3,97.1,43.8,56.2,1
15,16,2012-13,PIT,35.0,48.0,28.0,-1.0,2.0,0.0,1.0,0.0,6.0,0.0,0.0,6.5,71.0,6.5,71.0,11.10,107.0,37.0,5.0,7.0,adamscr01,10.0,35.0,277.0,381.0,42.1,-8.8,219.0,252.0,46.5,-5.0,6.8,93.0,99.8,41.3,58.7,1
16,17,2013-14,PIT,36.0,82.0,46.0,-16.0,5.0,0.0,0.0,0.0,6.0,0.0,0.0,6.8,125.0,6.8,125.0,12.28,190.0,59.0,15.0,16.0,adamscr01,11.0,36.0,489.0,714.0,40.6,-10.0,380.0,512.0,42.6,-8.9,5.7,90.4,96.0,37.9,62.1,1
17,18,2014-15,PIT,37.0,70.0,44.0,-1.0,1.0,0.0,0.0,1.0,5.0,0.0,1.0,2.0,76.0,2.0,76.0,9.45,183.0,29.0,6.0,7.0,adamscr01,12.0,37.0,363.0,396.0,47.8,-6.3,268.0,292.0,47.9,-6.6,5.6,93.7,99.2,50.0,50.0,1
26,9,2007-08,NJD,29.0,77.0,84.0,-6.0,6.0,0.0,0.0,2.0,3.0,1.0,0.0,8.8,101.0,8.8,101.0,8.33,87.0,5.0,21.0,18.0,ashamar01,1.0,29.0,447.0,440.0,50.4,-4.5,341.0,347.0,49.6,-5.2,5.0,92.6,97.6,53.8,46.2,1
27,10,2008-09,PHI,30.0,78.0,155.0,0.0,8.0,0.0,0.0,1.0,12.0,0.0,0.0,10.8,110.0,10.8,110.0,8.45,143.0,10.0,12.0,11.0,ashamar01,2.0,30.0,553.0,594.0,48.2,-1.1,430.0,440.0,49.4,-1.0,9.5,90.9,100.0,53.6,46.4,1
28,11,2009-10,PHI,31.0,72.0,126.0,-2.0,10.0,0.0,0.0,2.0,14.0,0.0,0.0,11.0,155.0,11.0,155.0,10.04,92.0,16.0,22.0,9.0,ashamar01,3.0,31.0,663.0,637.0,51.0,-1.3,508.0,460.0,52.5,-0.7,8.1,90.2,98.3,51.7,48.3,1
29,12,2010-11,PIT,32.0,44.0,46.0,0.0,5.0,0.0,0.0,0.0,6.0,0.0,0.0,8.3,81.0,8.3,81.0,9.33,107.0,16.0,7.0,8.0,ashamar01,4.0,32.0,337.0,368.0,47.8,-6.8,260.0,269.0,49.1,-5.7,7.5,92.1,99.5,58.1,41.9,1
30,13,2011-12,PIT,33.0,64.0,76.0,-5.0,5.0,0.0,0.0,0.0,11.0,0.0,0.0,10.2,92.0,10.2,92.0,9.14,95.0,8.0,13.0,3.0,ashamar01,5.0,33.0,479.0,491.0,49.4,-5.1,358.0,377.0,48.7,-6.9,9.6,89.7,99.3,49.4,50.6,1
31,14,2012-13,NYR,34.0,27.0,50.0,2.0,2.0,0.0,0.0,0.0,0.0,0.0,0.0,14.3,24.0,14.3,24.0,6.38,39.0,4.0,5.0,3.0,ashamar01,6.0,34.0,126.0,150.0,45.7,-6.5,86.0,110.0,43.9,-10.0,7.0,97.4,104.0,40.9,59.1,1
32,15,2013-14,NYR,35.0,6.0,14.0,-5.0,0.0,0.0,0.0,0.0,0.0,0.0,0.0,0.0,2.0,0.0,2.0,7.29,8.0,1.0,0.0,2.0,ashamar01,7.0,35.0,31.0,48.0,39.2,-16.0,17.0,35.0,32.7,-21.0,0.0,78.3,78.3,24.0,76.0,1
41,9,2007-08,MTL,29.0,44.0,48.0,0.0,3.0,0.0,0.0,0.0,5.0,0.0,0.0,4.5,109.0,4.5,109.0,11.38,119.0,27.0,8.0,11.0,beginst01,1.0,29.0,373.0,425.0,46.7,-2.2,268.0,301.0,47.1,-1.3,8.4,91.8,100.0,34.8,65.2,1
42,10,2008-09,TOT,30.0,62.0,42.0,-6.0,7.0,0.0,0.0,1.0,5.0,0.0,0.0,7.8,147.0,7.8,147.0,10.43,185.0,38.0,15.0,18.0,beginst01,2.0,30.0,471.0,540.0,46.6,-6.0,346.0,403.0,46.2,-6.5,6.6,92.0,98.7,49.7,50.3,1
45,13,2009-10,BOS,31.0,77.0,53.0,-7.0,4.0,0.0,1.0,2.0,8.0,0.0,1.0,4.5,170.0,4.5,170.0,12.50,182.0,31.0,25.0,13.0,beginst01,5.0,31.0,652.0,726.0,47.3,-7.5,505.0,537.0,48.5,-5.9,4.5,93.2,97.8,42.3,57.7,1
46,14,2010-11,NSH,32.0,2.0,4.0,-2.0,0.0,0.0,0.0,0.0,0.0,0.0,0.0,0.0,3.0,0.0,3.0,9.49,5.0,0.0,1.0,0.0,beginst01,6.0,32.0,10.0,16.0,38.5,-16.0,10.0,14.0,41.7,-11.0,0.0,81.8,81.8,57.1,42.9,1
47,15,2012-13,CGY,34.0,36.0,22.0,-2.0,3.0,0.0,1.0,2.0,4.0,0.0,0.0,12.9,58.0,12.9,58.0,7.00,62.0,21.0,4.0,7.0,beginst01,7.0,34.0,210.0,226.0,48.2,0.4,160.0,166.0,49.1,1.3,10.4,88.1,98.5,45.5,54.5,1
56,9,2007-08,MIN,30.0,75.0,30.0,-6.0,5.0,7.0,1.0,3.0,17.0,7.0,0.0,11.3,230.0,11.3,230.0,17.13,51.0,46.0,40.0,35.0,belaner01,1.0,30.0,811.0,818.0,49.8,0.4,619.0,640.0,49.2,0.7,8.7,91.2,99.9,38.8,61.2,1
57,10,2008-09,MIN,31.0,79.0,26.0,-5.0,9.0,4.0,0.0,4.0,12.0,9.0,2.0,8.8,259.0,8.8,259.0,17.50,45.0,48.0,48.0,34.0,belaner01,2.0,31.0,844.0,952.0,47.0,-2.5,634.0,725.0,46.7,-3.5,7.6,92.4,100.0,38.2,61.8,1
58,11,2009-10,TOT,32.0,77.0,32.0,2.0,12.0,3.0,0.0,3.0,20.0,6.0,0.0,9.9,250.0,9.9,250.0,15.31,47.0,29.0,40.0,23.0,belaner01,3.0,32.0,851.0,814.0,51.1,-1.6,647.0,606.0,51.6,-0.6,8.2,92.7,100.0,43.8,56.2,1
61,14,2010-11,PHX,33.0,82.0,36.0,11.0,11.0,1.0,1.0,2.0,23.0,4.0,0.0,10.2,248.0,10.2,248.0,17.21,71.0,45.0,45.0,29.0,belaner01,6.0,33.0,1143.0,1059.0,51.9,1.3,858.0,814.0,51.3,2.2,9.7,92.2,101.0,46.5,53.5,1
62,15,2011-12,EDM,34.0,78.0,32.0,-13.0,2.0,1.0,1.0,0.0,8.0,4.0,0.0,3.4,217.0,3.4,217.0,14.44,36.0,41.0,50.0,38.0,belaner01,7.0,34.0,731.0,852.0,46.2,-2.2,546.0,633.0,46.3,-3.7,5.9,92.3,98.2,41.9,58.1,1
63,16,2012-13,EDM,35.0,26.0,10.0,-1.0,0.0,0.0,0.0,0.0,3.0,0.0,0.0,0.0,54.0,0.0,54.0,14.07,19.0,15.0,12.0,9.0,belaner01,8.0,35.0,199.0,316.0,38.6,-10.0,141.0,229.0,38.1,-10.0,7.7,94.6,102.0,34.0,66.0,1
70,7,2007-08,PHI,29.0,5.0,29.0,-2.0,0.0,0.0,0.0,0.0,0.0,0.0,0.0,0.0,2.0,0.0,2.0,3.52,4.0,0.0,1.0,0.0,bouleje01,1.0,29.0,9.0,14.0,39.1,-14.0,4.0,13.0,23.5,-32.0,0.0,77.8,77.8,0.0,100.0,1
78,7,2007-08,WSH,29.0,77.0,74.0,1.0,5.0,1.0,1.0,2.0,11.0,0.0,0.0,6.3,173.0,6.3,173.0,9.00,126.0,17.0,21.0,20.0,bradlma01,1.0,29.0,637.0,531.0,54.5,-0.6,474.0,398.0,54.4,-1.1,6.4,92.3,98.7,49.3,50.7,1
79,8,2008-09,WSH,30.0,81.0,59.0,-1.0,5.0,0.0,0.0,1.0,6.0,0.0,0.0,5.1,166.0,5.1,166.0,10.37,115.0,16.0,21.0,22.0,bradlma01,2.0,30.0,687.0,675.0,50.4,-6.0,493.0,494.0,49.9,-6.3,6.0,94.0,100.0,51.8,48.2,1
80,9,2009-10,WSH,31.0,77.0,47.0,6.0,9.0,0.0,1.0,5.0,14.0,0.0,0.0,10.2,193.0,10.2,193.0,11.02,112.0,19.0,27.0,8.0,bradlma01,3.0,31.0,696.0,621.0,52.8,-1.1,484.0,454.0,51.6,-1.0,8.4,92.6,101.0,48.8,51.2,1
81,10,2010-11,WSH,32.0,61.0,68.0,-3.0,4.0,0.0,0.0,0.0,7.0,0.0,0.0,6.9,103.0,6.9,103.0,10.29,156.0,15.0,12.0,5.0,bradlma01,4.0,32.0,499.0,535.0,48.3,-4.1,367.0,358.0,50.6,-1.2,6.9,91.2,98.1,49.7,50.3,1
82,11,2011-12,FLA,33.0,45.0,31.0,-3.0,3.0,0.0,0.0,0.0,5.0,0.0,0.0,8.6,61.0,8.6,61.0,10.52,134.0,11.0,7.0,2.0,bradlma01,5.0,33.0,322.0,458.0,41.3,-11.0,231.0,332.0,41.0,-12.0,6.5,93.9,100.0,50.0,50.0,1
94,12,2007-08,PHI,30.0,79.0,68.0,-22.0,17.0,14.0,0.0,3.0,17.0,23.0,1.0,17.0,299.0,17.0,299.0,18.52,29.0,17.0,28.0,43.0,brierda01,1.0,30.0,936.0,1131.0,45.3,-4.7,690.0,869.0,44.3,-6.5,7.7,91.2,99.0,57.4,42.6,1
95,13,2008-09,PHI,31.0,29.0,26.0,-1.0,7.0,4.0,0.0,0.0,8.0,6.0,0.0,20.4,97.0,20.4,97.0,15.39,13.0,6.0,8.0,16.0,brierda01,2.0,31.0,306.0,374.0,45.0,-5.4,227.0,273.0,45.4,-6.4,11.2,90.2,101.0,52.2,47.8,1
96,14,2009-10,PHI,32.0,75.0,71.0,-2.0,18.0,8.0,0.0,1.0,18.0,9.0,0.0,13.5,318.0,13.5,318.0,16.35,53.0,17.0,31.0,21.0,brierda01,3.0,32.0,1160.0,990.0,54.0,1.4,879.0,756.0,53.8,0.0,7.8,91.4,99.3,56.7,43.3,1
97,15,2010-11,PHI,33.0,77.0,87.0,20.0,28.0,6.0,0.0,6.0,25.0,9.0,0.0,13.8,386.0,13.8,386.0,18.19,36.0,17.0,33.0,16.0,brierda01,4.0,33.0,1173.0,1176.0,49.9,-1.7,890.0,875.0,50.4,-1.7,10.4,92.4,102.0,54.2,45.8,1
98,16,2011-12,PHI,34.0,70.0,69.0,5.0,12.0,4.0,0.0,3.0,20.0,13.0,0.0,9.2,310.0,9.2,310.0,17.22,48.0,16.0,18.0,32.0,brierda01,5.0,34.0,997.0,988.0,50.2,-2.8,720.0,699.0,50.7,-2.1,9.1,92.0,101.0,57.3,42.7,1
99,17,2012-13,PHI,35.0,34.0,10.0,-13.0,3.0,3.0,0.0,1.0,7.0,3.0,0.0,6.9,143.0,6.9,143.0,16.04,15.0,6.0,7.0,13.0,brierda01,6.0,35.0,409.0,451.0,47.6,-0.6,294.0,338.0,46.5,-3.0,7.1,88.8,95.9,51.3,48.7,1
100,18,2013-14,MTL,36.0,69.0,30.0,1.0,9.0,4.0,0.0,1.0,10.0,2.0,0.0,11.0,188.0,11.0,188.0,12.46,23.0,11.0,22.0,17.0,brierda01,7.0,36.0,688.0,768.0,47.3,-0.3,515.0,566.0,47.6,-1.0,8.5,92.9,101.0,44.7,55.3,1
101,19,2014-15,COL,37.0,57.0,18.0,-7.0,8.0,0.0,0.0,3.0,4.0,0.0,0.0,11.6,113.0,11.6,113.0,12.07,19.0,9.0,23.0,9.0,brierda01,8.0,37.0,454.0,632.0,41.8,-2.7,352.0,468.0,42.9,-2.0,5.9,93.1,98.9,50.7,49.3,1
111,10,2007-08,BOS,30.0,77.0,114.0,14.0,7.0,9.0,1.0,0.0,17.0,16.0,1.0,8.2,389.0,8.2,389.0,26.50,222.0,78.0,30.0,50.0,charazd01,1.0,30.0,1329.0,1139.0,53.8,2.9,1006.0,917.0,52.3,2.4,9.5,92.0,101.0,48.9,51.1,1
112,11,2008-09,BOS,31.0,80.0,95.0,23.0,8.0,11.0,0.0,3.0,12.0,17.0,2.0,8.8,427.0,8.8,427.0,26.04,166.0,121.0,28.0,54.0,charazd01,2.0,31.0,1391.0,1290.0,51.9,2.0,1056.0,1003.0,51.3,2.1,10.1,92.8,102.0,46.9,53.1,1
113,12,2009-10,BOS,32.0,80.0,87.0,19.0,3.0,4.0,0.0,1.0,24.0,12.0,1.0,2.9,440.0,2.9,440.0,25.22,149.0,102.0,27.0,65.0,charazd01,3.0,32.0,1545.0,1251.0,55.3,2.9,1158.0,945.0,55.1,2.7,7.7,93.4,101.0,49.9,50.1,1
115,14,2011-12,BOS,34.0,79.0,86.0,33.0,4.0,8.0,0.0,0.0,29.0,10.0,1.0,5.4,437.0,5.4,437.0,25.00,166.0,87.0,28.0,68.0,charazd01,5.0,34.0,1745.0,1276.0,57.8,4.4,1277.0,957.0,57.2,4.2,9.4,92.0,101.0,49.0,51.0,1
116,15,2012-13,BOS,35.0,48.0,70.0,14.0,4.0,3.0,0.0,2.0,10.0,1.0,1.0,5.9,248.0,5.9,248.0,24.56,101.0,64.0,12.0,34.0,charazd01,6.0,35.0,991.0,782.0,55.9,0.6,751.0,595.0,55.8,1.6,8.4,93.3,101.0,45.0,55.0,1
117,16,2013-14,BOS,36.0,77.0,66.0,25.0,7.0,10.0,0.0,3.0,17.0,5.0,1.0,10.1,341.0,10.1,341.0,24.39,163.0,104.0,20.0,62.0,charazd01,7.0,36.0,1465.0,1202.0,54.9,1.4,1096.0,893.0,55.1,2.3,8.6,93.6,102.0,47.8,52.2,1
118,17,2014-15,BOS,37.0,63.0,42.0,0.0,4.0,4.0,0.0,0.0,8.0,1.0,3.0,5.8,254.0,5.8,254.0,23.21,125.0,99.0,14.0,55.0,charazd01,8.0,37.0,1173.0,1007.0,53.8,2.6,853.0,782.0,52.2,1.4,6.9,91.8,98.7,45.9,54.1,1
119,18,2015-16,BOS,38.0,80.0,71.0,12.0,8.0,1.0,0.0,3.0,17.0,9.0,2.0,5.7,312.0,5.7,312.0,24.06,134.0,123.0,23.0,87.0,charazd01,9.0,38.0,1424.0,1474.0,49.1,-0.8,1074.0,1118.0,49.0,-1.3,8.5,92.2,100.0,43.9,56.1,1
120,19,2016-17,BOS,39.0,19.0,19.0,12.0,1.0,0.0,0.0,0.0,4.0,1.0,0.0,3.7,61.0,3.7,61.0,22.41,30.0,41.0,11.0,17.0,charazd01,10.0,39.0,344.0,321.0,51.7,-3.4,258.0,230.0,52.9,-2.6,10.0,94.3,104.0,46.9,53.1,1
129,9,2007-08,COL,31.0,57.0,33.0,5.0,4.0,1.0,0.0,0.0,11.0,5.0,0.0,5.7,165.0,5.7,165.0,23.09,70.0,143.0,23.0,30.0,clarkbr01,1.0,31.0,765.0,862.0,47.0,-4.7,605.0,639.0,48.6,-4.2,9.8,90.9,100.0,45.9,54.1,1
130,10,2008-09,COL,32.0,76.0,32.0,-16.0,2.0,0.0,0.0,1.0,8.0,2.0,0.0,2.1,219.0,2.1,219.0,22.20,73.0,238.0,26.0,41.0,clarkbr01,2.0,32.0,1055.0,1268.0,45.4,-4.1,815.0,878.0,48.1,-1.5,7.3,90.5,97.8,43.1,56.9,1
131,11,2009-10,COL,33.0,64.0,28.0,6.0,1.0,2.0,0.0,1.0,12.0,5.0,0.0,4.0,161.0,4.0,161.0,19.08,55.0,162.0,20.0,28.0,clarkbr01,3.0,33.0,762.0,901.0,45.8,1.5,578.0,623.0,48.1,2.7,8.9,92.4,101.0,52.4,47.6,1
132,12,2010-11,TBL,34.0,82.0,14.0,2.0,3.0,6.0,0.0,1.0,11.0,11.0,0.0,10.3,209.0,10.3,209.0,18.53,117.0,157.0,20.0,48.0,clarkbr01,4.0,34.0,1170.0,1050.0,52.7,1.8,885.0,727.0,54.9,2.8,7.7,92.1,99.8,46.7,53.3,1
133,13,2011-12,TBL,35.0,82.0,20.0,-26.0,2.0,0.0,0.0,0.0,11.0,2.0,0.0,3.3,168.0,3.3,168.0,18.23,118.0,199.0,26.0,43.0,clarkbr01,5.0,35.0,977.0,1211.0,44.7,-3.9,710.0,851.0,45.5,-4.0,8.4,88.9,97.4,46.2,53.8,1
134,14,2012-13,MIN,36.0,8.0,0.0,-9.0,0.0,0.0,0.0,0.0,1.0,0.0,0.0,0.0,18.0,0.0,18.0,14.04,5.0,11.0,1.0,4.0,clarkbr01,6.0,36.0,92.0,102.0,47.4,-5.2,65.0,72.0,47.4,-8.6,4.2,78.8,83.0,69.0,31.0,1
146,12,2007-08,CAR,31.0,59.0,32.0,2.0,5.0,8.0,0.0,1.0,20.0,15.0,1.0,9.5,255.0,9.5,255.0,16.52,33.0,30.0,27.0,28.0,cullema01,1.0,31.0,648.0,627.0,50.8,-5.1,500.0,474.0,51.3,-5.1,9.8,91.4,101.0,51.6,48.4,1
147,13,2008-09,CAR,32.0,69.0,20.0,11.0,16.0,4.0,2.0,2.0,15.0,3.0,3.0,15.8,254.0,15.8,254.0,16.48,41.0,44.0,54.0,25.0,cullema01,2.0,32.0,845.0,853.0,49.8,-3.6,639.0,619.0,50.8,-3.2,8.1,93.3,101.0,51.0,49.0,1
148,14,2009-10,TOT,33.0,81.0,34.0,-7.0,12.0,2.0,2.0,2.0,21.0,10.0,1.0,8.2,368.0,8.2,368.0,18.45,70.0,48.0,53.0,35.0,cullema01,3.0,33.0,1001.0,953.0,51.2,1.4,731.0,717.0,50.5,2.0,9.2,89.7,99.0,49.8,50.2,1
151,17,2010-11,MIN,34.0,78.0,34.0,-14.0,3.0,5.0,4.0,2.0,11.0,16.0,0.0,8.0,287.0,8.0,287.0,18.02,39.0,36.0,43.0,34.0,cullema01,6.0,34.0,814.0,1040.0,43.9,-2.8,603.0,804.0,42.9,-3.7,7.6,91.8,99.4,42.1,57.9,1
152,18,2011-12,MIN,35.0,73.0,24.0,-10.0,10.0,4.0,0.0,0.0,16.0,5.0,0.0,8.5,267.0,8.5,267.0,18.56,46.0,39.0,37.0,31.0,cullema01,7.0,35.0,930.0,1025.0,47.6,3.3,690.0,760.0,47.6,2.3,7.2,91.1,98.3,43.9,56.1,1
153,19,2012-13,MIN,36.0,42.0,10.0,9.0,7.0,0.0,0.0,0.0,16.0,4.0,0.0,8.9,140.0,8.9,140.0,15.53,18.0,18.0,14.0,24.0,cullema01,8.0,36.0,464.0,500.0,48.1,-4.4,347.0,377.0,47.9,-5.9,12.6,91.8,104.0,43.4,56.6,1
154,20,2013-14,NSH,37.0,77.0,32.0,4.0,9.0,1.0,0.0,2.0,21.0,8.0,0.0,7.5,230.0,7.5,230.0,15.30,18.0,22.0,30.0,40.0,cullema01,9.0,37.0,920.0,897.0,50.6,2.3,691.0,679.0,50.4,1.4,9.0,90.7,99.7,48.0,52.0,1
155,21,2014-15,NSH,38.0,62.0,16.0,8.0,7.0,0.0,0.0,1.0,14.0,4.0,0.0,7.8,162.0,7.8,162.0,13.01,10.0,18.0,26.0,22.0,cullema01,10.0,38.0,704.0,625.0,53.0,-0.5,537.0,458.0,54.0,0.6,8.4,92.9,101.0,54.4,45.6,1
156,22,2015-16,PIT,39.0,82.0,20.0,5.0,13.0,0.0,3.0,4.0,13.0,0.0,3.0,13.6,183.0,13.6,183.0,13.53,40.0,41.0,19.0,20.0,cullema01,11.0,39.0,793.0,840.0,48.6,-5.4,601.0,617.0,49.3,-4.5,7.7,92.2,99.8,36.0,64.0,1
157,23,2016-17,PIT,40.0,23.0,10.0,-1.0,4.0,0.0,0.0,1.0,5.0,1.0,0.0,13.3,57.0,13.3,57.0,14.02,11.0,5.0,4.0,9.0,cullema01,12.0,40.0,257.0,242.0,51.5,-0.2,198.0,163.0,54.8,2.1,7.5,90.2,97.6,34.0,66.0,1
167,10,2007-08,TOR,29.0,62.0,24.0,-6.0,6.0,0.0,1.0,1.0,11.0,0.0,0.0,8.6,142.0,8.6,142.0,13.58,47.0,20.0,23.0,28.0,deverbo01,1.0,29.0,619.0,605.0,50.6,-0.3,483.0,461.0,51.2,0.0,7.7,89.6,97.3,47.3,52.7,1
168,11,2008-09,TOR,30.0,23.0,2.0,3.0,3.0,0.0,3.0,0.0,5.0,0.0,0.0,14.6,60.0,14.6,60.0,13.42,21.0,18.0,8.0,6.0,deverbo01,2.0,30.0,240.0,287.0,45.5,-5.7,184.0,200.0,47.9,-2.3,8.2,91.1,99.3,50.7,49.3,1
177,9,2007-08,NSH,29.0,80.0,34.0,5.0,22.0,7.0,0.0,8.0,34.0,9.0,0.0,15.1,336.0,15.1,336.0,18.30,44.0,11.0,47.0,54.0,dumonjp01,1.0,29.0,1090.0,1024.0,51.6,0.8,850.0,808.0,51.3,0.8,10.8,90.6,101.0,52.9,47.1,1
178,10,2008-09,NSH,30.0,82.0,20.0,1.0,11.0,5.0,0.0,4.0,32.0,17.0,0.0,9.1,318.0,9.1,318.0,17.30,33.0,13.0,39.0,66.0,dumonjp01,2.0,30.0,1082.0,1055.0,50.6,1.6,821.0,824.0,49.9,0.1,10.6,90.5,101.0,55.6,44.4,1
179,11,2009-10,NSH,31.0,74.0,20.0,8.0,13.0,3.0,1.0,3.0,18.0,10.0,0.0,15.2,196.0,15.2,196.0,14.46,20.0,19.0,33.0,34.0,dumonjp01,3.0,31.0,848.0,814.0,51.0,-2.6,631.0,615.0,50.6,-2.8,9.2,92.5,101.0,53.9,46.1,1
180,12,2010-11,NSH,32.0,70.0,16.0,2.0,9.0,1.0,0.0,2.0,6.0,3.0,0.0,11.2,148.0,11.2,148.0,11.11,45.0,8.0,35.0,23.0,dumonjp01,4.0,32.0,614.0,566.0,52.0,1.3,462.0,455.0,50.4,0.2,6.7,93.7,100.0,63.6,36.4,1
193,13,2010-11,ANA,33.0,12.0,6.0,-3.0,0.0,0.0,0.0,0.0,0.0,0.0,0.0,0.0,20.0,0.0,20.0,10.01,11.0,1.0,3.0,0.0,greenjo01,1.0,33.0,95.0,99.0,49.0,-2.1,76.0,83.0,47.8,-2.2,1.9,93.3,95.3,56.5,43.5,1
194,14,2011-12,EDM,34.0,7.0,7.0,-6.0,0.0,1.0,0.0,0.0,1.0,0.0,0.0,7.1,22.0,7.1,22.0,11.49,4.0,2.0,3.0,1.0,greenjo01,2.0,34.0,74.0,66.0,52.9,-3.6,52.0,58.0,47.3,-14.0,2.9,84.8,87.7,52.4,47.6,1
202,8,2007-08,STL,31.0,58.0,42.0,-3.0,5.0,0.0,0.0,0.0,5.0,0.0,0.0,11.9,63.0,11.9,63.0,10.31,114.0,18.0,9.0,3.0,hinotda01,1.0,31.0,282.0,449.0,38.6,-10.0,213.0,332.0,39.1,-10.0,7.3,93.0,100.0,45.0,55.0,1
203,9,2008-09,STL,32.0,51.0,64.0,-7.0,1.0,0.0,0.0,0.0,2.0,1.0,1.0,4.2,40.0,4.2,40.0,10.55,86.0,29.0,11.0,2.0,hinotda01,2.0,32.0,264.0,400.0,39.8,-11.0,200.0,286.0,41.2,-12.0,9.0,88.5,97.6,43.7,56.3,1
212,9,2007-08,TOR,29.0,82.0,22.0,-8.0,2.0,6.0,0.0,1.0,21.0,24.0,0.0,5.2,265.0,5.2,265.0,24.52,41.0,99.0,24.0,84.0,kaberto01,1.0,29.0,1469.0,1351.0,52.1,0.1,1127.0,1015.0,52.6,0.7,7.9,90.6,98.6,53.2,46.8,1
213,10,2008-09,TOR,30.0,57.0,8.0,-8.0,1.0,3.0,0.0,1.0,11.0,16.0,0.0,4.3,210.0,4.3,210.0,23.28,29.0,78.0,21.0,44.0,kaberto01,2.0,30.0,1004.0,895.0,52.9,1.9,763.0,670.0,53.2,2.1,9.0,88.7,97.8,57.7,42.3,1
214,11,2009-10,TOR,31.0,82.0,24.0,-16.0,4.0,3.0,0.0,1.0,19.0,22.0,1.0,4.4,306.0,4.4,306.0,22.21,44.0,98.0,16.0,63.0,kaberto01,3.0,31.0,1560.0,1286.0,54.8,2.1,1158.0,946.0,55.0,2.5,7.2,89.5,96.7,59.0,41.0,1
215,12,2010-11,TOT,32.0,82.0,18.0,4.0,4.0,0.0,0.0,1.0,18.0,25.0,0.0,3.1,297.0,3.1,297.0,22.07,37.0,140.0,29.0,70.0,kaberto01,4.0,32.0,1412.0,1451.0,49.3,-1.7,989.0,1068.0,48.1,-2.4,8.6,93.0,101.0,52.1,47.9,1
218,15,2011-12,TOT,33.0,72.0,12.0,-18.0,2.0,1.0,0.0,0.0,13.0,15.0,0.0,3.4,188.0,3.4,188.0,17.43,21.0,80.0,18.0,38.0,kaberto01,7.0,33.0,942.0,997.0,48.6,-0.7,680.0,753.0,47.5,-1.1,7.8,90.5,98.3,53.7,46.3,1
221,18,2012-13,MTL,34.0,10.0,0.0,4.0,0.0,0.0,0.0,0.0,3.0,0.0,0.0,0.0,23.0,0.0,23.0,13.33,2.0,11.0,1.0,1.0,kaberto01,10.0,34.0,118.0,92.0,56.2,8.5,89.0,69.0,56.3,10.0,12.9,93.9,106.0,63.8,36.2,1
226,5,2009-10,WSH,31.0,3.0,2.0,-1.0,0.0,0.0,0.0,0.0,0.0,0.0,0.0,0.0,3.0,0.0,3.0,8.13,3.0,0.0,0.0,0.0,kanebo01,2.0,31.0,12.0,22.0,35.3,-11.0,9.0,17.0,34.6,-9.8,0.0,91.7,91.7,50.0,50.0,1
236,10,2007-08,TOR,30.0,72.0,116.0,5.0,5.0,6.0,0.0,4.0,16.0,12.0,1.0,8.1,278.0,8.1,278.0,23.55,121.0,166.0,34.0,48.0,kubinpa01,1.0,30.0,1148.0,1162.0,49.7,-3.6,887.0,857.0,50.9,-2.5,9.3,90.8,100.0,52.7,47.3,1
237,11,2008-09,TOR,31.0,82.0,94.0,-15.0,5.0,9.0,0.0,4.0,13.0,13.0,0.0,7.6,368.0,7.6,368.0,22.03,89.0,133.0,23.0,50.0,kubinpa01,2.0,31.0,1331.0,1266.0,51.3,-0.2,992.0,943.0,51.3,0.0,8.6,89.1,97.8,55.5,44.5,1
238,12,2009-10,ATL,32.0,76.0,66.0,0.0,4.0,2.0,0.0,1.0,23.0,8.0,1.0,3.8,292.0,3.8,292.0,22.38,94.0,111.0,55.0,37.0,kubinpa01,3.0,32.0,1153.0,1198.0,49.0,-1.4,873.0,940.0,48.2,-1.5,10.1,90.2,100.0,43.6,56.4,1
239,13,2010-11,TBL,33.0,79.0,62.0,2.0,3.0,1.0,0.0,2.0,15.0,4.0,0.0,5.1,196.0,5.1,196.0,19.14,90.0,115.0,19.0,35.0,kubinpa01,4.0,33.0,1250.0,1099.0,53.2,1.7,937.0,808.0,53.7,0.7,7.4,92.1,99.6,49.8,50.2,1
240,14,2011-12,TOT,34.0,69.0,74.0,-2.0,3.0,0.0,0.0,1.0,12.0,0.0,0.0,4.0,158.0,4.0,158.0,19.16,130.0,119.0,18.0,26.0,kubinpa01,5.0,34.0,1008.0,1087.0,48.1,-5.2,739.0,783.0,48.6,-5.6,10.0,90.2,100.0,46.2,53.8,1
253,11,2007-08,ATL,30.0,18.0,20.0,-5.0,0.0,0.0,0.0,0.0,4.0,1.0,0.0,0.0,45.0,0.0,45.0,16.44,9.0,18.0,6.0,7.0,kwiatjo01,1.0,30.0,228.0,252.0,47.5,3.4,184.0,204.0,47.4,2.7,5.8,91.9,97.7,42.4,57.6,1
266,13,2008-09,CAR,31.0,11.0,10.0,-1.0,2.0,0.0,0.0,1.0,0.0,0.0,0.0,50.0,5.0,50.0,5.0,4.16,9.0,3.0,1.0,1.0,lacouda01,1.0,31.0,39.0,56.0,41.1,-5.1,28.0,39.0,41.8,-5.3,10.0,90.9,100.0,56.7,43.3,1
277,11,2007-08,CAR,30.0,75.0,30.0,-10.0,8.0,0.0,1.0,1.0,8.0,1.0,0.0,13.4,112.0,13.4,112.0,10.16,26.0,37.0,13.0,8.0,letowtr01,1.0,30.0,483.0,562.0,46.2,-10.0,368.0,401.0,47.9,-8.9,6.1,90.0,96.1,50.7,49.3,1
284,7,2007-08,BUF,30.0,82.0,74.0,1.0,1.0,3.0,0.0,0.0,21.0,0.0,1.0,4.7,175.0,4.7,175.0,21.40,155.0,144.0,18.0,83.0,lydmato01,1.0,30.0,1174.0,1270.0,48.0,-3.8,915.0,939.0,49.4,-3.5,8.8,91.0,99.8,48.0,52.0,1
285,8,2008-09,BUF,31.0,80.0,70.0,0.0,3.0,0.0,0.0,0.0,14.0,5.0,1.0,3.0,201.0,3.0,201.0,21.47,165.0,166.0,20.0,67.0,lydmato01,2.0,31.0,1175.0,1321.0,47.1,-4.7,913.0,973.0,48.4,-2.8,8.2,91.3,99.5,46.4,53.6,1
286,9,2009-10,BUF,32.0,67.0,30.0,10.0,4.0,0.0,0.0,1.0,14.0,2.0,0.0,5.2,145.0,5.2,145.0,18.52,123.0,97.0,10.0,48.0,lydmato01,3.0,32.0,974.0,985.0,49.7,0.3,754.0,744.0,50.3,1.1,7.3,93.6,101.0,50.5,49.5,1
287,10,2010-11,ANA,33.0,78.0,42.0,32.0,3.0,0.0,0.0,0.0,20.0,2.0,0.0,3.0,195.0,3.0,195.0,22.10,141.0,178.0,11.0,38.0,lydmato01,4.0,33.0,1177.0,1323.0,47.1,4.4,911.0,991.0,47.9,4.4,12.1,92.9,105.0,42.8,57.2,1
288,11,2011-12,ANA,34.0,74.0,46.0,0.0,0.0,0.0,0.0,0.0,12.0,0.0,1.0,0.0,125.0,0.0,125.0,18.54,134.0,152.0,13.0,33.0,lydmato01,5.0,34.0,936.0,1126.0,45.4,-6.1,701.0,815.0,46.2,-4.8,9.5,91.6,101.0,44.3,55.7,1
289,12,2012-13,ANA,35.0,35.0,12.0,-1.0,0.0,0.0,0.0,0.0,5.0,0.0,1.0,0.0,61.0,0.0,61.0,19.23,83.0,76.0,6.0,19.0,lydmato01,6.0,35.0,481.0,517.0,48.2,1.2,364.0,351.0,50.9,2.6,6.9,91.1,98.0,47.1,52.9,1
298,9,2007-08,TBL,30.0,65.0,16.0,-10.0,2.0,0.0,0.0,0.0,9.0,0.0,0.0,2.4,135.0,2.4,135.0,10.52,53.0,33.0,21.0,4.0,macdocr01,1.0,30.0,396.0,492.0,44.6,-8.9,310.0,363.0,46.1,-8.0,6.2,90.8,97.0,34.1,65.9,1
299,10,2008-09,CBJ,31.0,8.0,0.0,1.0,1.0,0.0,0.0,1.0,1.0,0.0,0.0,16.7,9.0,16.7,9.0,10.39,7.0,1.0,1.0,0.0,macdocr01,2.0,31.0,43.0,61.0,41.3,-15.0,33.0,47.0,41.3,-14.0,8.0,96.9,104.0,50.0,50.0,1
311,12,2007-08,VAN,30.0,72.0,81.0,6.0,2.0,0.0,0.0,1.0,9.0,1.0,0.0,3.1,141.0,3.1,141.0,23.12,49.0,109.0,37.0,41.0,mitchwi01,1.0,30.0,995.0,1184.0,45.7,-4.2,779.0,920.0,45.9,-3.8,8.6,92.7,101.0,37.3,62.7,1
312,13,2008-09,VAN,31.0,82.0,59.0,29.0,3.0,0.0,0.0,1.0,20.0,0.0,0.0,3.4,207.0,3.4,207.0,22.55,81.0,125.0,39.0,58.0,mitchwi01,2.0,31.0,1334.0,1316.0,50.3,2.4,988.0,1003.0,49.6,1.4,10.5,93.5,104.0,43.2,56.8,1
313,14,2009-10,VAN,32.0,48.0,48.0,13.0,4.0,0.0,0.0,1.0,7.0,0.0,1.0,8.5,104.0,8.5,104.0,22.37,32.0,79.0,23.0,27.0,mitchwi01,3.0,32.0,779.0,799.0,49.4,-3.3,606.0,617.0,49.6,-2.3,9.7,92.9,102.0,43.0,57.0,1
314,15,2010-11,LAK,33.0,57.0,21.0,4.0,4.0,0.0,1.0,1.0,5.0,0.0,0.0,8.5,152.0,8.5,152.0,21.49,35.0,85.0,12.0,47.0,mitchwi01,4.0,33.0,961.0,919.0,51.1,-3.4,684.0,707.0,49.2,-4.6,9.3,91.5,100.0,45.4,54.6,1
315,16,2011-12,LAK,34.0,76.0,44.0,20.0,5.0,0.0,0.0,2.0,11.0,5.0,3.0,4.8,239.0,4.8,239.0,22.14,74.0,136.0,21.0,55.0,mitchwi01,5.0,34.0,1357.0,1194.0,53.2,-1.7,978.0,897.0,52.2,-2.1,7.2,94.4,101.0,50.9,49.1,1
316,17,2013-14,LAK,36.0,76.0,58.0,14.0,1.0,0.0,0.0,0.0,9.0,2.0,0.0,1.4,177.0,1.4,177.0,20.20,102.0,128.0,10.0,56.0,mitchwi01,6.0,36.0,1307.0,1054.0,55.4,-4.3,974.0,777.0,55.6,-2.1,7.1,93.4,100.0,51.3,48.7,1
317,18,2014-15,FLA,37.0,66.0,25.0,1.0,3.0,0.0,0.0,0.0,4.0,0.0,1.0,3.8,183.0,3.8,183.0,21.41,99.0,144.0,17.0,34.0,mitchwi01,7.0,37.0,1069.0,1107.0,49.1,-4.3,799.0,836.0,48.9,-4.4,8.1,91.9,100.0,39.0,61.0,1
318,19,2015-16,FLA,38.0,46.0,18.0,-2.0,1.0,0.0,0.0,1.0,6.0,0.0,0.0,3.0,77.0,3.0,77.0,19.56,68.0,70.0,6.0,18.0,mitchwi01,8.0,38.0,541.0,732.0,42.5,-8.4,435.0,568.0,43.4,-7.5,8.7,92.6,101.0,35.9,64.1,1
330,12,2007-08,PHX,29.0,82.0,83.0,8.0,6.0,2.0,0.0,0.0,9.0,8.0,0.0,5.9,281.0,5.9,281.0,21.43,81.0,115.0,24.0,22.0,morride01,1.0,29.0,1136.0,1273.0,47.2,-4.4,896.0,988.0,47.6,-4.4,8.3,93.3,101.0,40.7,59.3,1
331,13,2008-09,TOT,30.0,75.0,40.0,-10.0,4.0,0.0,1.0,0.0,9.0,5.0,1.0,4.2,278.0,4.2,278.0,20.53,83.0,128.0,20.0,20.0,morride01,2.0,30.0,1109.0,1262.0,46.8,-1.5,829.0,971.0,46.1,-3.3,7.1,92.7,99.8,58.6,41.4,1
334,16,2009-10,TOT,31.0,76.0,37.0,2.0,2.0,2.0,0.0,0.0,14.0,11.0,0.0,3.3,257.0,3.3,257.0,21.27,64.0,110.0,12.0,32.0,morride01,5.0,31.0,1193.0,1038.0,53.5,1.3,914.0,785.0,53.8,1.6,7.7,92.0,99.7,53.0,47.0,1
337,19,2010-11,PHX,32.0,77.0,58.0,-2.0,4.0,1.0,0.0,1.0,10.0,0.0,1.0,6.0,186.0,6.0,186.0,21.04,117.0,136.0,14.0,31.0,morride01,8.0,32.0,1255.0,1406.0,47.2,-6.0,957.0,1093.0,46.7,-6.1,7.3,93.7,101.0,49.3,50.7,1
338,20,2011-12,PHX,33.0,59.0,38.0,-12.0,2.0,0.0,0.0,0.0,8.0,1.0,0.0,2.8,159.0,2.8,159.0,18.59,95.0,78.0,12.0,20.0,morride01,9.0,33.0,835.0,924.0,47.5,-4.1,643.0,742.0,46.4,-4.0,6.9,91.7,98.7,54.2,45.8,1
339,21,2012-13,PHX,34.0,39.0,36.0,-6.0,0.0,0.0,0.0,0.0,8.0,3.0,0.0,0.0,153.0,0.0,153.0,21.24,92.0,69.0,10.0,15.0,morride01,10.0,34.0,716.0,646.0,52.6,1.1,555.0,507.0,52.3,0.4,5.5,92.3,97.8,58.4,41.6,1
340,22,2013-14,PHX,35.0,63.0,41.0,-2.0,5.0,0.0,0.0,0.0,11.0,1.0,0.0,6.1,200.0,6.1,200.0,19.27,99.0,104.0,21.0,23.0,morride01,11.0,35.0,1028.0,1010.0,50.4,-1.9,754.0,773.0,49.4,-2.6,7.5,92.1,99.7,49.8,50.2,1
351,11,2007-08,CGY,29.0,47.0,4.0,2.0,3.0,0.0,0.0,0.0,2.0,0.0,0.0,6.4,74.0,6.4,74.0,9.49,6.0,17.0,9.0,6.0,nilsoma01,1.0,29.0,279.0,266.0,51.2,-5.0,213.0,210.0,50.4,-3.3,6.0,94.7,100.0,58.5,41.5,1
360,9,2007-08,ANA,30.0,56.0,34.0,-2.0,3.0,0.0,3.0,3.0,8.0,1.0,0.0,6.4,152.0,6.4,152.0,18.46,114.0,24.0,33.0,22.0,pahlssa01,1.0,30.0,527.0,598.0,46.8,-12.0,419.0,495.0,45.8,-12.0,5.1,94.2,99.3,44.1,55.9,1
361,10,2008-09,TOT,31.0,65.0,34.0,-17.0,6.0,1.0,0.0,2.0,9.0,2.0,0.0,8.0,139.0,8.0,139.0,18.17,121.0,21.0,25.0,26.0,pahlssa01,2.0,31.0,575.0,716.0,44.5,-12.0,453.0,602.0,42.9,-14.0,6.9,91.5,98.5,41.1,58.9,1
364,13,2009-10,CBJ,32.0,79.0,32.0,-9.0,3.0,0.0,0.0,0.0,10.0,1.0,2.0,3.2,160.0,3.2,160.0,16.17,151.0,35.0,28.0,13.0,pahlssa01,5.0,32.0,736.0,888.0,45.3,-4.6,572.0,687.0,45.4,-3.8,6.0,92.7,98.7,31.9,68.1,1
365,14,2010-11,CBJ,33.0,82.0,30.0,-13.0,6.0,0.0,1.0,1.0,13.0,0.0,0.0,6.5,181.0,6.5,181.0,15.20,162.0,49.0,28.0,8.0,pahlssa01,6.0,33.0,758.0,868.0,46.6,-5.7,586.0,644.0,47.6,-5.3,6.1,91.4,97.5,33.6,66.4,1
366,15,2011-12,TOT,34.0,80.0,34.0,-2.0,3.0,0.0,1.0,1.0,12.0,0.0,1.0,4.3,172.0,4.3,172.0,14.46,123.0,37.0,44.0,14.0,pahlssa01,7.0,34.0,766.0,881.0,46.5,-6.2,571.0,633.0,47.4,-3.9,6.4,93.4,99.8,29.1,70.9,1
378,10,2007-08,COL,30.0,25.0,70.0,0.0,0.0,0.0,0.0,0.0,0.0,0.0,0.0,0.0,8.0,0.0,8.0,3.42,18.0,1.0,1.0,5.0,parkesc01,1.0,30.0,64.0,72.0,47.1,-1.5,45.0,54.0,45.5,-5.1,0.0,100.0,100.0,71.7,28.3,1
389,11,2007-08,MIN,30.0,66.0,16.0,2.0,9.0,7.0,0.0,0.0,9.0,5.0,0.0,16.8,155.0,16.8,155.0,14.56,32.0,43.0,13.0,17.0,parrima01,1.0,30.0,532.0,600.0,47.0,-3.2,416.0,445.0,48.3,-0.9,9.3,93.6,102.0,45.0,55.0,1
390,12,2008-09,DAL,31.0,44.0,18.0,-3.0,4.0,4.0,0.0,3.0,4.0,1.0,0.0,17.4,93.0,17.4,93.0,11.16,30.0,21.0,9.0,10.0,parrima01,2.0,31.0,306.0,416.0,42.4,-10.0,241.0,302.0,44.4,-9.7,7.4,93.1,100.0,55.7,44.3,1
391,13,2009-10,TBL,32.0,16.0,4.0,-5.0,0.0,0.0,0.0,0.0,2.0,0.0,0.0,0.0,25.0,0.0,25.0,15.10,11.0,13.0,1.0,7.0,parrima01,3.0,32.0,135.0,168.0,44.6,-4.6,99.0,120.0,45.2,-3.6,2.9,91.4,94.3,29.0,71.0,1
402,10,2007-08,OTT,29.0,81.0,56.0,15.0,4.0,1.0,0.0,1.0,10.0,0.0,3.0,6.3,164.0,6.3,164.0,22.29,126.0,151.0,25.0,57.0,phillch02,1.0,29.0,1171.0,1322.0,47.0,-6.9,873.0,972.0,47.3,-5.1,9.7,92.3,102.0,44.8,55.2,1
403,11,2008-09,OTT,30.0,82.0,66.0,-14.0,5.0,0.0,1.0,0.0,11.0,3.0,2.0,6.8,183.0,6.8,183.0,21.52,113.0,114.0,32.0,56.0,phillch02,2.0,30.0,1282.0,1229.0,51.1,1.8,961.0,913.0,51.3,1.5,6.7,90.4,97.0,46.6,53.4,1
404,12,2009-10,OTT,31.0,82.0,45.0,8.0,6.0,1.0,1.0,2.0,12.0,3.0,1.0,9.8,172.0,9.8,172.0,22.21,97.0,142.0,29.0,75.0,phillch02,3.0,31.0,1309.0,1310.0,50.0,-3.4,973.0,953.0,50.5,-3.8,9.4,91.4,100.0,48.4,51.6,1
405,13,2010-11,OTT,32.0,82.0,32.0,-35.0,1.0,0.0,0.0,0.0,7.0,1.0,0.0,1.2,170.0,1.2,170.0,21.31,116.0,152.0,26.0,54.0,phillch02,4.0,32.0,1206.0,1403.0,46.2,-5.7,875.0,1056.0,45.3,-6.7,6.6,89.9,96.4,48.0,52.0,1
406,14,2011-12,OTT,33.0,80.0,16.0,12.0,1.0,4.0,0.0,1.0,12.0,0.0,2.0,5.9,190.0,5.9,190.0,19.07,134.0,137.0,18.0,50.0,phillch02,5.0,33.0,1208.0,1232.0,49.5,-6.4,863.0,917.0,48.5,-5.8,8.2,93.4,101.0,49.7,50.3,1
407,15,2012-13,OTT,34.0,48.0,43.0,-5.0,4.0,1.0,0.0,0.0,9.0,0.0,0.0,5.6,162.0,5.6,162.0,21.03,93.0,78.0,9.0,20.0,phillch02,6.0,34.0,821.0,767.0,51.7,-2.8,613.0,578.0,51.5,-2.0,5.9,92.0,98.0,52.3,47.7,1
408,16,2013-14,OTT,35.0,70.0,30.0,-13.0,0.0,1.0,0.0,0.0,7.0,7.0,0.0,1.1,173.0,1.1,173.0,19.14,140.0,95.0,10.0,46.0,phillch02,7.0,35.0,1050.0,980.0,51.7,-3.1,790.0,787.0,50.1,-3.7,7.4,90.8,98.1,47.1,52.9,1
409,17,2014-15,OTT,36.0,36.0,14.0,0.0,0.0,0.0,0.0,0.0,2.0,1.0,0.0,0.0,69.0,0.0,69.0,20.54,70.0,54.0,7.0,26.0,phillch02,8.0,36.0,503.0,642.0,43.9,-6.8,365.0,488.0,42.8,-6.1,7.5,94.0,101.0,46.3,53.7,1
414,5,2007-08,EDM,31.0,56.0,28.0,-5.0,9.0,4.0,0.0,3.0,8.0,1.0,0.0,13.5,165.0,13.5,165.0,16.32,41.0,14.0,20.0,22.0,pisanfe01,1.0,31.0,553.0,709.0,43.8,-5.2,408.0,537.0,43.2,-6.0,8.9,91.8,100.0,44.2,55.8,1
415,6,2008-09,EDM,32.0,38.0,14.0,-1.0,7.0,0.0,0.0,0.0,7.0,0.0,1.0,9.7,115.0,9.7,115.0,15.19,48.0,12.0,16.0,12.0,pisanfe01,2.0,32.0,387.0,520.0,42.7,-7.1,288.0,401.0,41.8,-8.5,10.0,92.1,102.0,45.9,54.1,1
416,7,2009-10,EDM,33.0,40.0,10.0,-16.0,4.0,0.0,0.0,0.0,3.0,0.0,1.0,7.4,90.0,7.4,90.0,14.35,57.0,24.0,13.0,15.0,pisanfe01,3.0,33.0,375.0,544.0,40.8,-7.2,274.0,411.0,40.0,-10.0,6.5,90.3,96.8,47.3,52.7,1
417,8,2010-11,CHI,34.0,60.0,10.0,0.0,6.0,1.0,0.0,1.0,9.0,0.0,0.0,9.7,123.0,9.7,123.0,12.34,69.0,21.0,32.0,13.0,pisanfe01,4.0,34.0,533.0,642.0,45.4,-11.0,400.0,462.0,46.4,-10.0,6.9,93.9,100.0,36.0,64.0,1
428,11,2007-08,WSH,30.0,71.0,46.0,9.0,2.0,0.0,0.0,0.0,19.0,8.0,0.0,2.0,182.0,2.0,182.0,23.29,42.0,119.0,32.0,58.0,potito01,1.0,30.0,1241.0,974.0,56.0,1.7,944.0,724.0,56.6,1.7,8.5,90.8,99.2,54.1,45.9,1
429,12,2008-09,WSH,31.0,52.0,28.0,3.0,3.0,0.0,0.0,1.0,7.0,2.0,1.0,6.3,109.0,6.3,109.0,21.09,31.0,97.0,24.0,42.0,potito01,2.0,31.0,780.0,704.0,52.6,-1.9,578.0,511.0,53.1,-1.4,8.9,90.3,99.2,49.2,50.8,1
430,13,2009-10,WSH,32.0,70.0,42.0,26.0,2.0,2.0,0.0,0.0,16.0,4.0,0.0,5.8,135.0,5.8,135.0,21.24,19.0,121.0,35.0,53.0,potito01,3.0,32.0,1182.0,1053.0,52.9,-0.8,852.0,778.0,52.3,0.4,10.1,93.1,103.0,47.7,52.3,1
431,14,2010-11,WSH,33.0,21.0,8.0,-4.0,2.0,0.0,0.0,0.0,4.0,1.0,0.0,10.0,40.0,10.0,40.0,18.22,7.0,27.0,3.0,12.0,potito01,4.0,33.0,289.0,294.0,49.6,-5.5,211.0,215.0,49.5,-6.1,8.0,88.8,96.8,52.1,47.9,1
432,15,2012-13,WSH,35.0,16.0,2.0,-2.0,0.0,0.0,0.0,0.0,1.0,1.0,0.0,0.0,24.0,0.0,24.0,15.13,5.0,15.0,2.0,5.0,potito01,5.0,35.0,201.0,239.0,45.7,-7.8,150.0,191.0,44.0,-8.2,6.6,93.7,100.0,47.5,52.5,1
443,11,2007-08,EDM,30.0,82.0,50.0,-17.0,11.0,0.0,0.0,0.0,11.0,2.0,1.0,9.7,208.0,9.7,208.0,14.58,23.0,53.0,45.0,34.0,reasoma01,1.0,30.0,754.0,889.0,45.9,-2.2,570.0,678.0,45.7,-2.9,8.3,89.1,97.4,37.4,62.6,1
444,12,2008-09,ATL,31.0,79.0,36.0,11.0,13.0,0.0,1.0,2.0,11.0,0.0,5.0,10.7,221.0,10.7,221.0,15.19,41.0,60.0,69.0,18.0,reasoma01,2.0,31.0,754.0,849.0,47.0,-1.8,565.0,635.0,47.1,-2.2,8.3,93.8,102.0,40.2,59.8,1
445,13,2009-10,ATL,32.0,80.0,24.0,-3.0,4.0,0.0,0.0,0.0,11.0,0.0,2.0,4.7,162.0,4.7,162.0,12.30,33.0,49.0,51.0,12.0,reasoma01,3.0,32.0,613.0,712.0,46.3,-4.0,440.0,545.0,44.7,-5.0,7.9,91.6,99.5,40.6,59.4,1
446,14,2010-11,FLA,33.0,82.0,22.0,2.0,14.0,0.0,0.0,4.0,17.0,1.0,0.0,11.3,232.0,11.3,232.0,17.10,71.0,57.0,52.0,17.0,reasoma01,4.0,33.0,1022.0,1046.0,49.4,-1.2,765.0,793.0,49.1,-1.3,7.6,93.1,100.0,41.3,58.7,1
447,15,2011-12,NYI,34.0,61.0,34.0,-25.0,1.0,0.0,0.0,0.0,5.0,0.0,0.0,1.4,110.0,1.4,110.0,11.37,43.0,31.0,25.0,15.0,reasoma01,5.0,34.0,458.0,619.0,42.5,-5.7,344.0,434.0,44.2,-4.3,2.7,90.4,93.2,42.2,57.8,1
448,16,2012-13,NYI,35.0,31.0,4.0,-3.0,0.0,0.0,0.0,0.0,5.0,0.0,0.0,0.0,54.0,0.0,54.0,11.14,21.0,14.0,14.0,1.0,reasoma01,6.0,35.0,249.0,263.0,48.6,0.0,184.0,186.0,49.7,1.3,6.3,90.6,96.9,35.5,64.5,1
455,7,2007-08,NYR,29.0,80.0,80.0,0.0,5.0,6.0,2.0,0.0,13.0,12.0,0.0,10.2,269.0,10.2,269.0,24.33,93.0,129.0,58.0,55.0,rozsimi01,1.0,29.0,1356.0,1085.0,55.6,-1.1,1058.0,834.0,55.9,-2.4,7.1,91.4,98.6,57.7,42.3,1
456,8,2008-09,NYR,30.0,76.0,52.0,-7.0,5.0,3.0,0.0,2.0,9.0,11.0,2.0,6.7,277.0,6.7,277.0,22.31,90.0,113.0,37.0,32.0,rozsimi01,2.0,30.0,1240.0,1033.0,54.6,0.4,945.0,776.0,54.9,0.8,7.5,89.8,97.3,58.5,41.5,1
457,9,2009-10,NYR,31.0,82.0,78.0,3.0,2.0,1.0,0.0,1.0,16.0,3.0,1.0,3.8,179.0,3.8,179.0,21.26,136.0,130.0,34.0,28.0,rozsimi01,3.0,31.0,1273.0,1281.0,49.8,-1.1,944.0,970.0,49.3,-1.8,8.4,92.7,101.0,50.7,49.3,1
458,10,2010-11,TOT,32.0,65.0,42.0,6.0,4.0,2.0,0.0,3.0,9.0,6.0,0.0,10.9,136.0,10.9,136.0,21.00,100.0,108.0,24.0,24.0,rozsimi01,4.0,32.0,1063.0,978.0,52.1,3.3,811.0,720.0,53.0,3.7,8.7,91.7,100.0,47.7,52.3,1
461,13,2011-12,PHX,33.0,54.0,34.0,8.0,1.0,0.0,0.0,0.0,12.0,0.0,0.0,2.0,109.0,2.0,109.0,19.20,62.0,91.0,13.0,16.0,rozsimi01,7.0,33.0,860.0,833.0,50.8,1.4,618.0,637.0,49.2,0.4,8.2,93.9,102.0,46.3,53.7,1
462,14,2012-13,CHI,34.0,27.0,14.0,18.0,0.0,0.0,0.0,0.0,11.0,0.0,1.0,0.0,43.0,0.0,43.0,18.07,44.0,28.0,10.0,13.0,rozsimi01,8.0,34.0,440.0,290.0,60.3,7.2,335.0,209.0,61.6,6.9,11.6,92.4,103.0,62.7,37.3,1
463,15,2013-14,CHI,35.0,42.0,32.0,7.0,1.0,0.0,0.0,0.0,7.0,0.0,0.0,2.6,75.0,2.6,75.0,16.39,67.0,43.0,15.0,24.0,rozsimi01,9.0,35.0,638.0,441.0,59.1,1.3,476.0,335.0,58.7,0.3,8.3,89.7,98.1,64.7,35.3,1
464,16,2014-15,CHI,36.0,65.0,22.0,0.0,1.0,0.0,0.0,0.0,12.0,0.0,0.0,1.8,136.0,1.8,136.0,17.01,103.0,87.0,17.0,36.0,rozsimi01,10.0,36.0,1057.0,903.0,53.9,0.9,760.0,695.0,52.2,-0.1,7.6,91.7,99.4,55.6,44.4,1
465,17,2015-16,CHI,37.0,51.0,33.0,3.0,1.0,0.0,0.0,0.0,9.0,2.0,1.0,2.4,90.0,2.4,90.0,16.10,81.0,63.0,6.0,24.0,rozsimi01,11.0,37.0,693.0,684.0,50.3,0.4,487.0,518.0,48.5,-1.8,8.4,92.6,101.0,57.1,42.9,1
466,18,2016-17,CHI,38.0,8.0,4.0,1.0,0.0,0.0,0.0,0.0,1.0,0.0,0.0,0.0,10.0,0.0,10.0,15.13,19.0,12.0,0.0,2.0,rozsimi01,12.0,38.0,98.0,101.0,49.2,-3.0,69.0,79.0,46.6,-3.0,1.9,100.0,101.0,59.4,40.6,1
477,11,2007-08,TOT,33.0,82.0,98.0,-4.0,5.0,1.0,0.0,1.0,16.0,7.0,1.0,5.4,250.0,5.4,250.0,22.27,162.0,135.0,13.0,35.0,saleiru01,1.0,33.0,1220.0,1352.0,47.4,-4.5,933.0,1063.0,46.7,-5.2,7.7,92.1,99.8,46.9,53.1,1
480,14,2008-09,COL,34.0,70.0,72.0,-4.0,3.0,1.0,0.0,0.0,11.0,6.0,0.0,4.3,242.0,4.3,242.0,21.06,107.0,143.0,18.0,36.0,saleiru01,4.0,34.0,1026.0,1156.0,47.0,-2.8,773.0,822.0,48.5,-2.5,9.3,90.5,99.8,52.0,48.0,1
481,15,2009-10,COL,35.0,14.0,10.0,-1.0,1.0,0.0,0.0,0.0,5.0,0.0,0.0,4.5,38.0,4.5,38.0,18.46,21.0,20.0,1.0,7.0,saleiru01,5.0,35.0,174.0,196.0,47.0,5.0,142.0,146.0,49.3,7.9,8.1,90.6,98.7,48.1,51.9,1
482,16,2010-11,DET,36.0,75.0,48.0,0.0,2.0,0.0,0.0,0.0,8.0,0.0,0.0,2.7,161.0,2.7,161.0,17.58,117.0,109.0,19.0,35.0,saleiru01,6.0,36.0,1175.0,1040.0,53.0,-2.2,888.0,808.0,52.4,-2.6,6.6,92.5,99.0,56.6,43.4,1
491,9,2007-08,VAN,33.0,63.0,38.0,8.0,2.0,6.0,0.0,1.0,5.0,11.0,1.0,6.6,278.0,6.6,278.0,23.39,36.0,79.0,18.0,46.0,salosa01,1.0,33.0,843.0,972.0,46.4,-4.9,677.0,741.0,47.7,-3.8,6.9,94.4,101.0,50.3,49.7,1
492,10,2008-09,VAN,34.0,60.0,26.0,5.0,0.0,5.0,0.0,2.0,11.0,9.0,0.0,4.5,245.0,4.5,245.0,20.11,44.0,65.0,22.0,29.0,salosa01,2.0,34.0,728.0,706.0,50.8,1.7,542.0,545.0,49.9,1.2,8.9,92.7,101.0,49.4,50.6,1
493,11,2009-10,VAN,35.0,68.0,18.0,14.0,3.0,6.0,0.0,3.0,10.0,7.0,2.0,7.6,250.0,7.6,250.0,20.41,43.0,60.0,16.0,29.0,salosa01,3.0,35.0,894.0,917.0,49.4,-3.8,680.0,709.0,49.0,-3.9,11.5,91.3,102.0,49.9,50.1,1
494,12,2010-11,VAN,36.0,27.0,14.0,-3.0,2.0,1.0,0.0,0.0,2.0,2.0,0.0,7.7,81.0,7.7,81.0,20.21,6.0,28.0,3.0,18.0,salosa01,4.0,36.0,395.0,409.0,49.1,-9.9,298.0,319.0,48.3,-10.0,6.4,93.0,99.4,53.9,46.1,1
495,13,2011-12,VAN,37.0,69.0,10.0,7.0,2.0,7.0,0.0,3.0,9.0,7.0,0.0,6.6,282.0,6.6,282.0,20.27,29.0,77.0,23.0,35.0,salosa01,5.0,37.0,995.0,931.0,51.7,-3.6,720.0,708.0,50.4,-3.9,8.3,93.1,101.0,55.1,44.9,1
496,14,2012-13,TBL,38.0,46.0,16.0,5.0,1.0,1.0,0.0,0.0,9.0,6.0,0.0,4.2,99.0,4.2,99.0,20.59,40.0,65.0,13.0,16.0,salosa01,6.0,38.0,581.0,711.0,45.0,-2.2,436.0,540.0,44.7,-3.2,11.9,91.4,103.0,42.0,58.0,1
497,15,2013-14,TBL,39.0,71.0,18.0,11.0,4.0,0.0,0.0,0.0,7.0,6.0,0.0,4.9,179.0,4.9,179.0,18.11,57.0,66.0,17.0,20.0,salosa01,7.0,39.0,910.0,849.0,51.7,1.4,717.0,634.0,53.1,2.6,9.5,91.6,101.0,53.7,46.3,1
508,11,2007-08,CGY,29.0,80.0,135.0,2.0,2.0,0.0,0.0,0.0,3.0,0.0,2.0,3.5,135.0,3.5,135.0,18.49,157.0,64.0,27.0,44.0,saricco01,1.0,29.0,928.0,912.0,50.4,-5.4,715.0,735.0,49.3,-4.6,8.8,91.9,100.0,44.7,55.3,1
509,12,2008-09,CGY,30.0,76.0,112.0,12.0,2.0,0.0,0.0,0.0,15.0,1.0,2.0,3.5,160.0,3.5,160.0,17.53,132.0,70.0,13.0,46.0,saricco01,2.0,30.0,1032.0,838.0,55.2,-2.2,762.0,666.0,53.4,-1.9,8.3,92.7,101.0,56.2,43.8,1
510,13,2009-10,CGY,31.0,57.0,58.0,4.0,1.0,0.0,0.0,1.0,4.0,1.0,0.0,2.2,98.0,2.2,98.0,15.57,115.0,57.0,5.0,36.0,saricco01,3.0,31.0,717.0,662.0,52.0,-3.8,546.0,501.0,52.1,-1.9,7.5,92.9,100.0,53.6,46.4,1
511,14,2010-11,CGY,32.0,76.0,75.0,11.0,4.0,0.0,0.0,1.0,13.0,0.0,0.0,5.3,162.0,5.3,162.0,17.53,175.0,109.0,15.0,51.0,saricco01,4.0,32.0,1134.0,1050.0,51.9,0.4,846.0,757.0,52.8,1.6,8.6,92.2,100.0,48.9,51.1,1
512,15,2011-12,CGY,33.0,62.0,66.0,1.0,1.0,0.0,0.0,0.0,6.0,0.0,0.0,2.8,107.0,2.8,107.0,16.07,144.0,60.0,9.0,33.0,saricco01,5.0,33.0,802.0,779.0,50.7,3.6,570.0,579.0,49.6,3.2,7.2,93.4,100.0,47.6,52.4,1
513,16,2012-13,CGY,34.0,28.0,16.0,-8.0,0.0,0.0,0.0,0.0,2.0,0.0,0.0,0.0,38.0,0.0,38.0,14.52,43.0,33.0,6.0,13.0,saricco01,6.0,34.0,333.0,349.0,48.8,1.3,241.0,253.0,48.8,0.5,5.8,89.9,95.8,40.7,59.3,1
514,17,2013-14,COL,35.0,54.0,38.0,7.0,1.0,0.0,0.0,0.0,9.0,0.0,0.0,2.1,111.0,2.1,111.0,17.05,107.0,66.0,14.0,19.0,saricco01,7.0,35.0,707.0,773.0,47.8,-2.2,514.0,588.0,46.6,-3.9,9.7,92.4,102.0,50.4,49.6,1
530,16,2007-08,NYI,30.0,2.0,2.0,-1.0,0.0,0.0,0.0,0.0,1.0,0.0,0.0,0.0,8.0,0.0,8.0,14.19,4.0,0.0,1.0,0.0,simjo01,1.0,30.0,22.0,12.0,64.7,34.5,20.0,6.0,76.9,46.0,0.0,60.0,60.0,37.5,62.5,1
531,17,2008-09,NYI,31.0,49.0,42.0,-12.0,6.0,3.0,0.0,0.0,6.0,0.0,0.0,10.0,149.0,10.0,149.0,12.10,44.0,21.0,13.0,11.0,simjo01,2.0,31.0,429.0,586.0,42.3,-8.4,321.0,413.0,43.7,-7.2,8.8,90.0,98.8,43.4,56.6,1
532,18,2009-10,NYI,32.0,77.0,44.0,-4.0,12.0,1.0,0.0,0.0,9.0,0.0,0.0,10.2,189.0,10.2,189.0,11.39,121.0,36.0,27.0,12.0,simjo01,3.0,32.0,698.0,880.0,44.2,-5.6,504.0,619.0,44.9,-5.7,7.7,92.5,100.0,47.6,52.4,1
533,19,2010-11,NYI,33.0,34.0,22.0,-10.0,1.0,0.0,0.0,0.0,2.0,1.0,0.0,2.6,59.0,2.6,59.0,11.24,53.0,12.0,13.0,2.0,simjo01,4.0,33.0,237.0,370.0,39.0,-8.2,180.0,262.0,40.7,-6.9,6.1,89.3,95.4,36.9,63.1,1
545,12,2007-08,BOS,29.0,80.0,40.0,11.0,16.0,10.0,1.0,5.0,16.0,13.0,0.0,11.8,334.0,11.8,334.0,17.00,50.0,25.0,25.0,21.0,sturmma01,1.0,29.0,912.0,780.0,53.9,2.5,714.0,625.0,53.3,3.3,8.1,93.1,101.0,50.9,49.1,1
546,13,2008-09,BOS,30.0,19.0,8.0,9.0,3.0,4.0,0.0,0.0,5.0,1.0,0.0,15.6,65.0,15.6,65.0,16.01,12.0,3.0,5.0,3.0,sturmma01,2.0,30.0,170.0,170.0,50.0,-3.2,136.0,131.0,50.9,0.1,11.5,96.7,108.0,46.4,53.6,1
547,14,2009-10,BOS,31.0,76.0,30.0,14.0,17.0,4.0,1.0,2.0,9.0,6.0,0.0,10.8,313.0,10.8,313.0,16.46,69.0,24.0,31.0,19.0,sturmma01,3.0,31.0,1001.0,834.0,54.6,1.7,750.0,640.0,54.0,1.1,7.4,94.5,101.0,52.7,47.3,1
548,15,2010-11,TOT,32.0,35.0,23.0,6.0,4.0,1.0,0.0,1.0,8.0,2.0,1.0,8.8,98.0,8.8,98.0,14.14,23.0,6.0,12.0,11.0,sturmma01,4.0,32.0,413.0,384.0,51.8,-1.0,316.0,276.0,53.4,0.4,7.8,93.9,101.0,51.4,48.6,1
551,18,2011-12,TOT,33.0,48.0,25.0,-13.0,3.0,0.0,0.0,1.0,2.0,0.0,0.0,4.6,100.0,4.6,100.0,12.19,49.0,14.0,12.0,12.0,sturmma01,7.0,33.0,448.0,424.0,51.4,0.5,326.0,309.0,51.3,-0.3,4.6,89.9,94.5,47.3,52.7,1
561,8,2007-08,NJD,30.0,57.0,26.0,-5.0,2.0,0.0,0.0,1.0,8.0,0.0,0.0,7.4,77.0,7.4,77.0,19.40,106.0,73.0,20.0,24.0,whiteco01,1.0,30.0,684.0,774.0,46.9,-11.0,518.0,597.0,46.5,-11.0,7.4,92.5,99.9,50.4,49.6,1
562,9,2008-09,NJD,31.0,71.0,46.0,18.0,1.0,0.0,0.0,0.0,14.0,0.0,3.0,1.5,130.0,1.5,130.0,19.01,126.0,109.0,12.0,29.0,whiteco01,2.0,31.0,1026.0,908.0,53.1,-0.6,791.0,687.0,53.5,-0.5,9.6,91.4,101.0,46.2,53.8,1
563,10,2009-10,NJD,32.0,81.0,46.0,8.0,2.0,0.0,0.0,0.0,9.0,0.0,1.0,4.3,118.0,4.3,118.0,20.04,143.0,126.0,20.0,40.0,whiteco01,3.0,32.0,1124.0,1125.0,50.0,-2.4,879.0,846.0,51.0,-2.8,8.5,91.8,100.0,40.8,59.2,1
564,11,2010-11,NJD,33.0,69.0,48.0,-2.0,0.0,0.0,0.0,0.0,5.0,0.0,1.0,0.0,96.0,0.0,96.0,18.51,109.0,100.0,21.0,38.0,whiteco01,4.0,33.0,862.0,877.0,49.6,-4.3,653.0,654.0,50.0,-4.3,7.1,92.5,99.6,48.1,51.9,1
565,12,2011-12,SJS,34.0,54.0,21.0,-5.0,1.0,0.0,0.0,0.0,3.0,0.0,0.0,3.0,71.0,3.0,71.0,14.57,65.0,94.0,10.0,25.0,whiteco01,5.0,34.0,628.0,608.0,50.8,-3.0,464.0,421.0,52.4,-2.4,6.1,91.9,98.1,49.4,50.6,1
573,8,2008-09,STL,31.0,3.0,0.0,2.0,0.0,0.0,0.0,0.0,1.0,0.0,0.0,0.0,4.0,0.0,4.0,11.03,2.0,2.0,0.0,0.0,whitftr01,1.0,31.0,17.0,23.0,42.5,-11.0,16.0,16.0,50.0,-5.6,18.2,100.0,118.0,15.4,84.6,1
574,9,2009-10,BOS,32.0,16.0,7.0,-2.0,0.0,0.0,0.0,0.0,1.0,0.0,0.0,0.0,23.0,0.0,23.0,11.03,14.0,5.0,3.0,0.0,whitftr01,2.0,32.0,122.0,114.0,51.7,-5.8,93.0,81.0,53.4,-4.6,5.4,90.0,95.4,50.5,49.5,1
582,7,2007-08,LAK,29.0,53.0,30.0,-8.0,4.0,0.0,0.0,0.0,8.0,0.0,0.0,6.5,111.0,6.5,111.0,10.38,42.0,13.0,12.0,10.0,willsbr01,1.0,29.0,465.0,486.0,48.9,1.3,347.0,377.0,47.9,0.6,7.1,89.9,97.1,45.7,54.3,1
583,8,2008-09,COL,30.0,42.0,14.0,-6.0,1.0,0.0,0.0,0.0,3.0,0.0,0.0,1.7,108.0,1.7,108.0,11.47,36.0,21.0,12.0,8.0,willsbr01,2.0,30.0,353.0,385.0,47.8,-0.9,269.0,283.0,48.7,-0.2,3.0,93.2,96.2,49.1,50.9,1
602,17,2007-08,NJD,29.0,82.0,38.0,2.0,9.0,4.0,0.0,2.0,21.0,4.0,0.0,10.2,237.0,10.2,237.0,15.42,77.0,17.0,35.0,21.0,zubruda01,1.0,29.0,929.0,809.0,53.5,-0.1,710.0,638.0,52.7,-0.7,8.7,91.9,100.0,56.8,43.2,1
603,18,2008-09,NJD,30.0,82.0,69.0,6.0,14.0,1.0,0.0,3.0,15.0,10.0,0.0,11.5,207.0,11.5,207.0,15.16,98.0,16.0,19.0,25.0,zubruda01,2.0,30.0,1046.0,851.0,55.1,2.0,780.0,665.0,54.0,0.5,8.7,91.7,100.0,51.6,48.4,1
604,19,2009-10,NJD,31.0,51.0,28.0,4.0,9.0,1.0,0.0,4.0,14.0,2.0,1.0,11.6,131.0,11.6,131.0,16.29,61.0,24.0,18.0,21.0,zubruda01,3.0,31.0,577.0,530.0,52.1,2.4,455.0,387.0,54.0,3.9,8.7,91.2,99.9,48.6,51.4,1
605,20,2010-11,NJD,32.0,79.0,53.0,-11.0,12.0,1.0,0.0,2.0,14.0,2.0,1.0,11.3,190.0,11.3,190.0,17.09,107.0,32.0,33.0,30.0,zubruda01,4.0,32.0,881.0,761.0,53.7,2.1,694.0,585.0,54.3,2.7,7.9,89.6,97.5,52.3,47.7,1
606,21,2011-12,NJD,33.0,82.0,34.0,7.0,10.0,4.0,3.0,2.0,23.0,2.0,2.0,15.6,171.0,15.6,171.0,18.41,102.0,41.0,34.0,23.0,zubruda01,5.0,33.0,932.0,868.0,51.8,0.4,711.0,662.0,51.8,0.4,10.5,90.8,101.0,49.9,50.1,1
607,22,2012-13,NJD,34.0,22.0,12.0,-3.0,2.0,0.0,0.0,0.0,5.0,0.0,2.0,9.1,39.0,9.1,39.0,16.47,31.0,9.0,6.0,6.0,zubruda01,6.0,34.0,257.0,216.0,54.3,-6.4,194.0,151.0,56.2,-4.6,6.5,87.4,93.9,50.3,49.7,1
608,23,2013-14,NJD,35.0,82.0,46.0,1.0,13.0,0.0,0.0,1.0,13.0,0.0,0.0,10.7,188.0,10.7,188.0,17.33,107.0,39.0,19.0,20.0,zubruda01,7.0,35.0,1006.0,872.0,53.6,-0.5,772.0,686.0,52.9,-0.9,8.3,90.9,99.1,50.5,49.5,1
609,24,2014-15,NJD,36.0,74.0,42.0,-9.0,4.0,0.0,0.0,1.0,4.0,1.0,1.0,5.6,106.0,5.6,106.0,14.40,97.0,40.0,19.0,19.0,zubruda01,8.0,36.0,668.0,796.0,45.6,-1.6,496.0,622.0,44.4,-2.4,6.9,92.5,99.4,38.7,61.3,1
610,25,2015-16,SJS,37.0,50.0,20.0,4.0,3.0,0.0,0.0,0.0,4.0,0.0,0.0,9.1,66.0,9.1,66.0,11.35,68.0,15.0,15.0,15.0,zubruda01,9.0,37.0,438.0,443.0,49.7,-3.3,321.0,311.0,50.8,-3.0,8.4,92.7,101.0,47.1,52.9,1
624,14,2007-08,CHI,30.0,32.0,38.0,-11.0,1.0,1.0,0.0,0.0,2.0,1.0,0.0,5.9,68.0,5.9,68.0,14.58,29.0,35.0,6.0,10.0,zyuzian01,1.0,30.0,275.0,312.0,46.8,-7.0,207.0,237.0,46.6,-6.5,6.4,88.9,95.3,45.8,54.2,1
