,TOT,age_x,age_y,assists_ev,assists_pp,assists_sh,blocks,corsi_against,corsi_for,corsi_pct,corsi_rel_pct,fenwick_against,fenwick_for,fenwick_pct,fenwick_rel_pct,games_played,giveaways,goals_ev,goals_gw,goals_pp,goals_sh,hits,index_x,index_y,name,on_ice_shot_pct,on_ice_sv_pct,pdo,pen_min,plus_minus,season,shot_pct,shot_pct.1,shots_attempted,shots_attempted.1,takeaways,time_on_ice_avg,uniqueseason,zs_defense_pct,zs_offense_pct
12,PIT,32.0,32.0,10.0,0.0,0.0,58.0,604.0,511.0,45.8,-9.2,421.0,376.0,47.2,-8.9,82.0,12.0,0.0,0.0,0.0,0.0,193.0,13.0,7.0,adamscr01,7.2,92.0,99.2,72.0,-5.0,2009-10,0.0,0.0,147.0,147.0,22.0,11.06,1,57.6,42.4
29,PIT,32.0,32.0,6.0,0.0,0.0,16.0,368.0,337.0,47.8,-6.8,269.0,260.0,49.1,-5.7,44.0,8.0,5.0,0.0,0.0,0.0,107.0,12.0,4.0,ashamar01,7.5,92.1,99.5,46.0,0.0,2010-11,8.3,8.3,81.0,81.0,7.0,9.33,1,41.9,58.1
46,NSH,32.0,32.0,0.0,0.0,0.0,0.0,16.0,10.0,38.5,-16.0,14.0,10.0,41.7,-11.0,2.0,0.0,0.0,0.0,0.0,0.0,5.0,14.0,6.0,beginst01,0.0,81.8,81.8,4.0,-2.0,2010-11,0.0,0.0,3.0,3.0,1.0,9.49,1,42.9,57.1
58,TOT,32.0,32.0,20.0,6.0,0.0,29.0,814.0,851.0,51.1,-1.6,606.0,647.0,51.6,-0.6,77.0,23.0,12.0,3.0,3.0,0.0,47.0,11.0,3.0,belaner01,8.2,92.7,100.0,32.0,2.0,2009-10,9.9,9.9,250.0,250.0,40.0,15.31,1,56.2,43.8
81,WSH,32.0,32.0,7.0,0.0,0.0,15.0,535.0,499.0,48.3,-4.1,358.0,367.0,50.6,-1.2,61.0,5.0,4.0,0.0,0.0,0.0,156.0,10.0,4.0,bradlma01,6.9,91.2,98.1,68.0,-3.0,2010-11,6.9,6.9,103.0,103.0,12.0,10.29,1,50.3,49.7
96,PHI,32.0,32.0,18.0,9.0,0.0,17.0,990.0,1160.0,54.0,1.4,756.0,879.0,53.8,0.0,75.0,21.0,18.0,1.0,8.0,0.0,53.0,14.0,3.0,brierda01,7.8,91.4,99.3,71.0,-2.0,2009-10,13.5,13.5,318.0,318.0,31.0,16.35,1,43.3,56.7
113,BOS,32.0,32.0,24.0,12.0,1.0,102.0,1251.0,1545.0,55.3,2.9,945.0,1158.0,55.1,2.7,80.0,65.0,3.0,1.0,4.0,0.0,149.0,12.0,3.0,charazd01,7.7,93.4,101.0,87.0,19.0,2009-10,2.9,2.9,440.0,440.0,27.0,25.22,1,50.1,49.9
130,COL,32.0,32.0,8.0,2.0,0.0,238.0,1268.0,1055.0,45.4,-4.1,878.0,815.0,48.1,-1.5,76.0,41.0,2.0,1.0,0.0,0.0,73.0,10.0,2.0,clarkbr01,7.3,90.5,97.8,32.0,-16.0,2008-09,2.1,2.1,219.0,219.0,26.0,22.2,1,56.9,43.1
147,CAR,32.0,32.0,15.0,3.0,3.0,44.0,853.0,845.0,49.8,-3.6,619.0,639.0,50.8,-3.2,69.0,25.0,16.0,2.0,4.0,2.0,41.0,13.0,2.0,cullema01,8.1,93.3,101.0,20.0,11.0,2008-09,15.8,15.8,254.0,254.0,54.0,16.48,1,49.0,51.0
180,NSH,32.0,32.0,6.0,3.0,0.0,8.0,566.0,614.0,52.0,1.3,455.0,462.0,50.4,0.2,70.0,23.0,9.0,2.0,1.0,0.0,45.0,12.0,4.0,dumonjp01,6.7,93.7,100.0,16.0,2.0,2010-11,11.2,11.2,148.0,148.0,35.0,11.11,1,36.4,63.6
203,STL,32.0,32.0,2.0,1.0,1.0,29.0,400.0,264.0,39.8,-11.0,286.0,200.0,41.2,-12.0,51.0,2.0,1.0,0.0,0.0,0.0,86.0,9.0,2.0,hinotda01,9.0,88.5,97.6,64.0,-7.0,2008-09,4.2,4.2,40.0,40.0,11.0,10.55,1,56.3,43.7
215,TOT,32.0,32.0,18.0,25.0,0.0,140.0,1451.0,1412.0,49.3,-1.7,1068.0,989.0,48.1,-2.4,82.0,70.0,4.0,1.0,0.0,0.0,37.0,12.0,4.0,kaberto01,8.6,93.0,101.0,18.0,4.0,2010-11,3.1,3.1,297.0,297.0,29.0,22.07,1,47.9,52.1
238,ATL,32.0,32.0,23.0,8.0,1.0,111.0,1198.0,1153.0,49.0,-1.4,940.0,873.0,48.2,-1.5,76.0,37.0,4.0,1.0,2.0,0.0,94.0,12.0,3.0,kubinpa01,10.1,90.2,100.0,66.0,0.0,2009-10,3.8,3.8,292.0,292.0,55.0,22.38,1,56.4,43.6
286,BUF,32.0,32.0,14.0,2.0,0.0,97.0,985.0,974.0,49.7,0.3,744.0,754.0,50.3,1.1,67.0,48.0,4.0,1.0,0.0,0.0,123.0,9.0,3.0,lydmato01,7.3,93.6,101.0,30.0,10.0,2009-10,5.2,5.2,145.0,145.0,10.0,18.52,1,49.5,50.5
313,VAN,32.0,32.0,7.0,0.0,1.0,79.0,799.0,779.0,49.4,-3.3,617.0,606.0,49.6,-2.3,48.0,27.0,4.0,1.0,0.0,0.0,32.0,14.0,3.0,mitchwi01,9.7,92.9,102.0,48.0,13.0,2009-10,8.5,8.5,104.0,104.0,23.0,22.37,1,57.0,43.0
337,PHX,32.0,32.0,10.0,0.0,1.0,136.0,1406.0,1255.0,47.2,-6.0,1093.0,957.0,46.7,-6.1,77.0,31.0,4.0,1.0,1.0,0.0,117.0,19.0,8.0,morride01,7.3,93.7,101.0,58.0,-2.0,2010-11,6.0,6.0,186.0,186.0,14.0,21.04,1,50.7,49.3
364,CBJ,32.0,32.0,10.0,1.0,2.0,35.0,888.0,736.0,45.3,-4.6,687.0,572.0,45.4,-3.8,79.0,13.0,3.0,0.0,0.0,0.0,151.0,13.0,5.0,pahlssa01,6.0,92.7,98.7,32.0,-9.0,2009-10,3.2,3.2,160.0,160.0,28.0,16.17,1,68.1,31.9
391,TBL,32.0,32.0,2.0,0.0,0.0,13.0,168.0,135.0,44.6,-4.6,120.0,99.0,45.2,-3.6,16.0,7.0,0.0,0.0,0.0,0.0,11.0,13.0,3.0,parrima01,2.9,91.4,94.3,4.0,-5.0,2009-10,0.0,0.0,25.0,25.0,1.0,15.1,1,71.0,29.0
405,OTT,32.0,32.0,7.0,1.0,0.0,152.0,1403.0,1206.0,46.2,-5.7,1056.0,875.0,45.3,-6.7,82.0,54.0,1.0,0.0,0.0,0.0,116.0,13.0,4.0,phillch02,6.6,89.9,96.4,32.0,-35.0,2010-11,1.2,1.2,170.0,170.0,26.0,21.31,1,52.0,48.0
415,EDM,32.0,32.0,7.0,0.0,1.0,12.0,520.0,387.0,42.7,-7.1,401.0,288.0,41.8,-8.5,38.0,12.0,7.0,0.0,0.0,0.0,48.0,6.0,2.0,pisanfe01,10.0,92.1,102.0,14.0,-1.0,2008-09,9.7,9.7,115.0,115.0,16.0,15.19,1,54.1,45.9
430,WSH,32.0,32.0,16.0,4.0,0.0,121.0,1053.0,1182.0,52.9,-0.8,778.0,852.0,52.3,0.4,70.0,53.0,2.0,0.0,2.0,0.0,19.0,13.0,3.0,potito01,10.1,93.1,103.0,42.0,26.0,2009-10,5.8,5.8,135.0,135.0,35.0,21.24,1,52.3,47.7
445,ATL,32.0,32.0,11.0,0.0,2.0,49.0,712.0,613.0,46.3,-4.0,545.0,440.0,44.7,-5.0,80.0,12.0,4.0,0.0,0.0,0.0,33.0,13.0,3.0,reasoma01,7.9,91.6,99.5,24.0,-3.0,2009-10,4.7,4.7,162.0,162.0,51.0,12.3,1,59.4,40.6
458,TOT,32.0,32.0,9.0,6.0,0.0,108.0,978.0,1063.0,52.1,3.3,720.0,811.0,53.0,3.7,65.0,24.0,4.0,3.0,2.0,0.0,100.0,10.0,4.0,rozsimi01,8.7,91.7,100.0,42.0,6.0,2010-11,10.9,10.9,136.0,136.0,24.0,21.0,1,52.3,47.7
511,CGY,32.0,32.0,13.0,0.0,0.0,109.0,1050.0,1134.0,51.9,0.4,757.0,846.0,52.8,1.6,76.0,51.0,4.0,1.0,0.0,0.0,175.0,14.0,4.0,saricco01,8.6,92.2,100.0,75.0,11.0,2010-11,5.3,5.3,162.0,162.0,15.0,17.53,1,51.1,48.9
532,NYI,32.0,32.0,9.0,0.0,0.0,36.0,880.0,698.0,44.2,-5.6,619.0,504.0,44.9,-5.7,77.0,12.0,12.0,0.0,1.0,0.0,121.0,18.0,3.0,simjo01,7.7,92.5,100.0,44.0,-4.0,2009-10,10.2,10.2,189.0,189.0,27.0,11.39,1,52.4,47.6
548,TOT,32.0,32.0,8.0,2.0,1.0,6.0,384.0,413.0,51.8,-1.0,276.0,316.0,53.4,0.4,35.0,11.0,4.0,1.0,1.0,0.0,23.0,15.0,4.0,sturmma01,7.8,93.9,101.0,23.0,6.0,2010-11,8.8,8.8,98.0,98.0,12.0,14.14,1,48.6,51.4
563,NJD,32.0,32.0,9.0,0.0,1.0,126.0,1125.0,1124.0,50.0,-2.4,846.0,879.0,51.0,-2.8,81.0,40.0,2.0,0.0,0.0,0.0,143.0,10.0,3.0,whiteco01,8.5,91.8,100.0,46.0,8.0,2009-10,4.3,4.3,118.0,118.0,20.0,20.04,1,59.2,40.8
574,BOS,32.0,32.0,1.0,0.0,0.0,5.0,114.0,122.0,51.7,-5.8,81.0,93.0,53.4,-4.6,16.0,0.0,0.0,0.0,0.0,0.0,14.0,9.0,2.0,whitftr01,5.4,90.0,95.4,7.0,-2.0,2009-10,0.0,0.0,23.0,23.0,3.0,11.03,1,49.5,50.5
605,NJD,32.0,32.0,14.0,2.0,1.0,32.0,761.0,881.0,53.7,2.1,585.0,694.0,54.3,2.7,79.0,30.0,12.0,2.0,1.0,0.0,107.0,20.0,4.0,zubruda01,7.9,89.6,97.5,53.0,-11.0,2010-11,11.3,11.3,190.0,190.0,33.0,17.09,1,47.7,52.3
22,TOT,32.0,32.0,7.0,0.0,0.0,87.0,661.0,617.0,48.3,-5.9,457.0,464.0,50.4,-3.3,51.0,25.0,1.0,0.0,0.0,0.0,61.0,,,boyntni01,9.4,89.8,99.1,40.0,-1.0,2010-11,2.3,2.3,95.0,95.0,15.0,14.39,1,50.9,49.1
39,TBL,32.0,32.0,16.0,3.0,1.0,176.0,1537.0,1275.0,45.3,-4.9,1121.0,954.0,46.0,-6.1,82.0,37.0,1.0,0.0,0.0,0.0,197.0,,,breweer01,10.6,90.1,100.0,49.0,-5.0,2011-12,1.2,1.2,222.0,222.0,26.0,23.16,1,66.5,33.5
71,FLA,32.0,32.0,19.0,30.0,0.0,118.0,1521.0,1628.0,51.7,2.3,1149.0,1241.0,51.9,2.1,82.0,46.0,3.0,0.0,1.0,0.0,46.0,,,campbbr02,5.9,92.9,98.8,6.0,-9.0,2011-12,3.1,3.1,274.0,274.0,29.0,26.54,1,44.9,55.1
89,WSH,32.0,32.0,19.0,0.0,0.0,27.0,938.0,945.0,50.2,2.8,689.0,698.0,50.3,2.3,82.0,26.0,17.0,5.0,1.0,2.0,132.0,,,chimeja01,8.7,91.5,100.0,78.0,4.0,2011-12,9.8,9.8,296.0,296.0,23.0,14.26,1,52.2,47.8
107,DET,32.0,32.0,17.0,3.0,0.0,25.0,852.0,946.0,52.6,-2.7,678.0,752.0,52.6,-1.9,68.0,16.0,21.0,8.0,5.0,0.0,112.0,,,clearda01,8.8,90.7,99.4,20.0,-1.0,2010-11,13.5,13.5,312.0,312.0,18.0,16.38,1,49.2,50.8
125,PIT,32.0,32.0,15.0,0.0,3.0,39.0,711.0,770.0,52.0,-1.4,531.0,560.0,51.3,-2.7,67.0,19.0,9.0,2.0,0.0,3.0,192.0,,,cookema01,9.1,92.7,101.0,129.0,14.0,2010-11,12.6,12.6,166.0,166.0,23.0,15.38,1,50.4,49.6
138,TOT,32.0,32.0,8.0,4.0,0.0,65.0,751.0,930.0,55.3,2.3,600.0,683.0,53.2,1.9,52.0,20.0,1.0,0.0,5.0,0.0,34.0,,,corvojo01,6.8,90.5,97.3,12.0,-10.0,2009-10,6.1,6.1,233.0,233.0,23.0,23.18,1,45.2,54.8
173,BOS,32.0,32.0,15.0,2.0,1.0,81.0,1113.0,1046.0,48.4,-8.9,855.0,758.0,47.0,-9.9,72.0,38.0,6.0,1.0,0.0,0.0,68.0,,,ferenan01,9.8,92.6,102.0,46.0,9.0,2011-12,5.6,5.6,231.0,231.0,7.0,18.53,1,48.1,51.9
194,TOT,32.0,32.0,9.0,0.0,1.0,122.0,1209.0,1221.0,50.2,1.0,877.0,908.0,50.9,2.4,78.0,41.0,1.0,0.0,0.0,0.0,84.0,,,hannasc01,7.3,92.3,99.6,34.0,4.0,2010-11,1.8,1.8,109.0,109.0,19.0,19.47,1,51.8,48.2
217,CHI,32.0,32.0,20.0,11.0,1.0,23.0,865.0,960.0,52.6,-1.5,642.0,732.0,53.3,-0.8,65.0,32.0,15.0,2.0,8.0,2.0,48.0,,,hossama01,7.8,92.5,100.0,32.0,9.0,2010-11,12.2,12.2,318.0,318.0,53.0,19.42,1,46.7,53.3
234,CBJ,32.0,32.0,7.0,2.0,0.0,4.0,437.0,533.0,54.9,3.0,339.0,397.0,53.9,2.3,39.0,11.0,8.0,1.0,6.0,0.0,4.0,,,huselkr01,6.0,88.1,94.2,10.0,-17.0,2010-11,14.9,14.9,176.0,176.0,19.0,16.23,1,36.8,63.2
252,CGY,32.0,32.0,23.0,14.0,0.0,35.0,1047.0,1046.0,50.0,-3.2,773.0,774.0,50.0,-3.8,79.0,45.0,12.0,1.0,5.0,0.0,56.0,,,jokinol01,7.6,89.8,97.4,44.0,-17.0,2010-11,8.2,8.2,368.0,368.0,54.0,17.47,1,47.4,52.6
331,SJS,32.0,32.0,19.0,15.0,0.0,33.0,1176.0,1397.0,54.3,1.9,850.0,1054.0,55.4,1.5,82.0,45.0,20.0,8.0,10.0,0.0,84.0,,,marlepa01,8.3,91.4,99.7,26.0,10.0,2011-12,12.0,12.0,418.0,418.0,38.0,20.29,1,46.1,53.9
362,DAL,32.0,32.0,19.0,4.0,0.0,43.0,1155.0,1076.0,48.2,-0.7,881.0,798.0,47.5,-1.9,82.0,60.0,23.0,5.0,9.0,1.0,225.0,,,morrobr01,11.2,90.1,101.0,76.0,-3.0,2010-11,15.8,15.8,362.0,362.0,41.0,19.14,1,47.2,52.8
375,NYI,32.0,32.0,2.0,1.0,0.0,33.0,339.0,302.0,47.1,-3.4,255.0,217.0,46.0,-3.3,20.0,10.0,0.0,0.0,0.0,0.0,17.0,,,mottami01,3.2,90.3,93.5,8.0,-12.0,2010-11,0.0,0.0,48.0,48.0,4.0,20.2,1,51.0,49.0
420,TOT,32.0,32.0,18.0,9.0,0.0,34.0,954.0,959.0,50.1,0.6,725.0,699.0,49.1,0.1,78.0,28.0,9.0,1.0,4.0,0.0,56.0,,,samsose01,7.9,92.5,100.0,14.0,-2.0,2010-11,10.6,10.6,208.0,208.0,43.0,15.27,1,47.6,52.4
446,NJD,32.0,32.0,9.0,2.0,0.0,74.0,1149.0,1389.0,54.7,2.9,899.0,1054.0,54.0,1.9,82.0,44.0,4.0,2.0,0.0,1.0,67.0,,,tallihe01,7.2,90.7,97.9,40.0,-6.0,2010-11,4.9,4.9,202.0,202.0,26.0,22.32,1,49.4,50.6
465,SJS,32.0,32.0,39.0,19.0,1.0,26.0,1137.0,1475.0,56.5,5.2,828.0,1083.0,56.7,3.1,82.0,95.0,14.0,2.0,4.0,0.0,42.0,,,thornjo01,8.1,92.4,100.0,31.0,17.0,2011-12,11.5,11.5,259.0,259.0,96.0,20.28,1,50.5,49.5
477,BOS,32.0,32.0,9.0,0.0,0.0,16.0,538.0,573.0,51.6,-2.0,403.0,450.0,52.8,-0.8,74.0,11.0,1.0,0.0,0.0,0.0,108.0,,,thornsh01,3.9,93.0,96.9,141.0,-9.0,2009-10,0.8,0.8,175.0,175.0,12.0,9.03,1,47.8,52.2
16,ANA,32.0,32.0,6.0,0.0,0.0,66.0,664.0,557.0,45.6,-4.5,486.0,396.0,44.9,-7.3,41.0,22.0,0.0,0.0,0.0,0.0,63.0,,,allenbr01,8.4,92.9,101.0,34.0,1.0,2012-13,0.0,0.0,90.0,90.0,4.0,18.44,1,51.0,49.0
35,WPG,32.0,32.0,11.0,1.0,0.0,27.0,533.0,488.0,47.8,-5.6,385.0,362.0,48.5,-5.1,40.0,19.0,4.0,0.0,2.0,0.0,76.0,,,antroni01,8.7,94.6,103.0,16.0,6.0,2012-13,10.7,10.7,97.0,97.0,15.0,15.57,1,43.9,56.1
61,NJD,32.0,32.0,0.0,0.0,0.0,3.0,76.0,77.0,50.3,-4.9,55.0,61.0,52.6,-0.7,22.0,2.0,0.0,0.0,0.0,0.0,25.0,,,barchkr01,11.4,93.3,104.0,44.0,1.0,2012-13,0.0,0.0,9.0,9.0,0.0,5.51,1,43.2,56.8
75,ANA,32.0,32.0,11.0,7.0,0.0,111.0,819.0,795.0,49.3,0.1,584.0,585.0,50.0,-0.3,48.0,35.0,5.0,0.0,1.0,0.0,81.0,,,beaucfr01,10.6,94.1,104.0,22.0,19.0,2012-13,8.1,8.1,148.0,148.0,17.0,23.27,1,52.6,47.4
121,CAR,32.0,32.0,20.0,5.0,1.0,34.0,1251.0,1160.0,48.1,-1.5,991.0,855.0,46.3,-2.6,82.0,36.0,22.0,9.0,3.0,1.0,223.0,,,coleer01,9.7,91.6,101.0,49.0,-1.0,2010-11,12.9,12.9,365.0,365.0,64.0,18.27,1,50.7,49.3
138,DET,32.0,32.0,24.0,12.0,0.0,20.0,686.0,894.0,56.6,2.3,550.0,685.0,55.5,1.6,56.0,38.0,16.0,5.0,6.0,1.0,54.0,,,datsypa01,10.2,90.8,101.0,15.0,11.0,2010-11,16.8,16.8,257.0,257.0,71.0,19.19,1,52.1,47.9
169,WSH,32.0,32.0,3.0,0.0,0.0,62.0,505.0,417.0,45.2,-3.7,344.0,308.0,47.2,-3.4,30.0,28.0,3.0,0.0,0.0,0.0,91.0,,,erskijo01,11.2,94.3,105.0,34.0,10.0,2012-13,9.4,9.4,68.0,68.0,4.0,18.28,1,55.4,44.6
185,NSH,32.0,32.0,6.0,5.0,0.0,46.0,522.0,470.0,47.4,0.1,382.0,335.0,46.7,-2.1,38.0,13.0,9.0,0.0,1.0,0.0,67.0,,,fishemi01,9.2,93.9,103.0,27.0,6.0,2012-13,14.7,14.7,138.0,138.0,23.0,19.28,1,61.5,38.5
203,TOT,32.0,32.0,8.0,2.0,1.0,15.0,442.0,418.0,48.6,-0.7,338.0,311.0,47.9,-1.6,38.0,10.0,3.0,0.0,2.0,0.0,24.0,,,gagnesi01,8.4,91.1,99.4,8.0,-1.0,2012-13,6.6,6.6,135.0,135.0,17.0,14.08,1,47.6,52.4
215,MTL,32.0,32.0,13.0,4.0,0.0,31.0,1118.0,1359.0,54.9,6.3,830.0,1021.0,55.2,5.3,82.0,27.0,20.0,6.0,7.0,2.0,87.0,,,giontbr01,6.9,92.3,99.1,24.0,3.0,2010-11,9.7,9.7,521.0,521.0,45.0,19.37,1,49.6,50.4
233,MTL,32.0,32.0,8.0,1.0,0.0,12.0,411.0,458.0,52.7,2.0,288.0,317.0,52.4,3.2,38.0,14.0,0.0,1.0,2.0,0.0,11.0,,,gomezsc01,6.5,90.6,97.1,14.0,-9.0,2011-12,3.4,3.4,116.0,116.0,14.0,14.08,1,37.4,62.6
255,EDM,32.0,32.0,12.0,5.0,1.0,20.0,666.0,619.0,48.2,2.8,503.0,441.0,46.7,1.9,47.0,24.0,4.0,1.0,5.0,0.0,32.0,,,horcosh01,8.4,92.3,100.0,46.0,-1.0,2010-11,11.5,11.5,141.0,141.0,29.0,18.41,1,49.7,50.3
275,STL,32.0,32.0,5.0,0.0,0.0,35.0,313.0,328.0,51.2,-4.4,227.0,249.0,52.3,-5.4,25.0,11.0,2.0,0.0,0.0,0.0,6.0,,,huskike01,9.7,95.5,105.0,10.0,9.0,2011-12,12.5,12.5,40.0,40.0,0.0,15.28,1,46.7,53.3
315,CGY,32.0,32.0,1.0,1.0,0.0,4.0,257.0,289.0,52.9,-6.1,186.0,214.0,53.5,-7.0,26.0,10.0,3.0,2.0,1.0,0.0,38.0,,,kotalal01,4.7,89.9,94.6,8.0,-7.0,2010-11,6.5,6.5,103.0,103.0,7.0,12.22,1,45.5,54.5
336,TBL,32.0,32.0,18.0,4.0,0.0,13.0,561.0,496.0,46.9,0.0,441.0,381.0,46.4,-1.0,39.0,7.0,5.0,0.0,5.0,0.0,74.0,,,lecavvi01,11.3,89.1,100.0,29.0,-5.0,2012-13,11.6,11.6,136.0,136.0,12.0,17.53,1,48.3,51.7
355,NSH,32.0,32.0,11.0,2.0,0.0,20.0,679.0,605.0,47.1,-1.7,498.0,465.0,48.3,-0.8,48.0,32.0,10.0,2.0,2.0,0.0,20.0,,,legwada01,8.9,90.9,99.8,20.0,-6.0,2012-13,15.4,15.4,127.0,127.0,31.0,18.26,1,60.0,40.0
378,VAN,32.0,32.0,0.0,0.0,0.0,4.0,65.0,48.0,42.5,-12.0,49.0,37.0,43.0,-9.2,9.0,0.0,0.0,0.0,0.0,0.0,8.0,,,malhoma01,4.5,87.1,91.6,0.0,-3.0,2012-13,0.0,0.0,6.0,6.0,3.0,11.08,1,75.4,24.6
390,MTL,32.0,32.0,1.0,1.0,0.0,5.0,111.0,124.0,52.8,5.3,90.0,98.0,52.1,3.4,7.0,9.0,1.0,1.0,0.0,0.0,2.0,,,markoan01,7.5,95.9,103.0,4.0,2.0,2010-11,5.0,5.0,37.0,37.0,3.0,22.55,1,42.3,57.7
406,OTT,32.0,32.0,11.0,4.0,0.0,20.0,698.0,746.0,51.7,-3.1,534.0,543.0,50.4,-2.9,72.0,20.0,11.0,0.0,2.0,0.0,271.0,,,neilch01,7.9,90.1,98.0,178.0,-10.0,2011-12,10.2,10.2,192.0,192.0,21.0,12.48,1,45.8,54.2
434,DAL,32.0,32.0,4.0,0.0,0.0,36.0,429.0,359.0,45.6,-4.4,310.0,272.0,46.7,-2.9,60.0,18.0,0.0,0.0,0.0,2.0,56.0,,,peterto01,4.2,92.6,96.8,8.0,-7.0,2010-11,3.4,3.4,89.0,89.0,22.0,10.02,1,53.8,46.2
456,TOT,32.0,32.0,5.0,0.0,0.0,15.0,344.0,465.0,57.5,2.1,258.0,345.0,57.2,1.9,42.0,7.0,4.0,1.0,0.0,0.0,81.0,,,ponikal01,6.8,92.3,99.1,14.0,-1.0,2012-13,7.8,7.8,101.0,101.0,4.0,13.1,1,43.1,56.9
471,TOT,32.0,32.0,4.0,0.0,0.0,69.0,662.0,497.0,42.9,-8.5,515.0,379.0,42.4,-8.3,41.0,21.0,0.0,0.0,0.0,0.0,100.0,,,regehro01,7.6,92.4,100.0,23.0,-4.0,2012-13,0.0,0.0,68.0,68.0,1.0,19.25,1,53.5,46.5
488,WSH,32.0,32.0,15.0,21.0,0.0,29.0,707.0,587.0,45.4,-6.7,522.0,430.0,45.2,-6.6,48.0,22.0,7.0,1.0,6.0,0.0,55.0,,,ribeimi01,9.1,92.0,101.0,53.0,-4.0,2012-13,20.6,20.6,99.0,99.0,22.0,17.5,1,48.8,51.2
506,NYR,32.0,32.0,17.0,6.0,0.0,43.0,647.0,763.0,54.1,3.8,448.0,573.0,56.1,4.3,46.0,24.0,8.0,1.0,3.0,0.0,25.0,,,richabr01,8.0,93.1,101.0,14.0,8.0,2012-13,10.0,10.0,221.0,221.0,31.0,18.49,1,36.8,63.2
526,NYR,32.0,32.0,1.0,0.0,0.0,13.0,347.0,243.0,41.2,-11.0,241.0,197.0,45.0,-10.0,60.0,9.0,4.0,2.0,0.0,0.0,103.0,,,ruppmi01,6.6,94.0,100.0,97.0,-1.0,2011-12,12.9,12.9,49.0,49.0,3.0,6.39,1,56.8,43.2
538,PIT,32.0,32.0,10.0,0.0,0.0,19.0,634.0,453.0,41.7,-4.8,476.0,346.0,42.1,-5.9,71.0,12.0,5.0,1.0,0.0,1.0,134.0,,,ruutuja01,7.8,95.0,102.0,138.0,3.0,2007-08,10.9,10.9,106.0,106.0,21.0,10.12,1,59.6,40.4
552,TOT,32.0,32.0,10.0,9.0,0.0,16.0,535.0,587.0,52.3,-0.6,397.0,423.0,51.6,-1.2,46.0,15.0,8.0,5.0,8.0,0.0,35.0,,,rydermi01,8.8,91.8,100.0,16.0,2.0,2012-13,15.8,15.8,186.0,186.0,19.0,16.03,1,43.2,56.8
566,DET,32.0,32.0,8.0,13.0,0.0,23.0,749.0,1064.0,58.7,1.1,600.0,827.0,58.0,1.4,81.0,43.0,12.0,1.0,7.0,0.0,91.0,,,samuemi01,6.2,92.0,98.3,50.0,0.0,2008-09,7.4,7.4,419.0,419.0,20.0,15.22,1,45.4,54.6
580,LAK,32.0,32.0,13.0,0.0,0.0,122.0,1317.0,1261.0,48.9,-5.2,998.0,963.0,49.1,-3.9,82.0,59.0,2.0,1.0,0.0,0.0,64.0,,,scudero01,8.1,92.9,101.0,16.0,1.0,2010-11,4.3,4.3,118.0,118.0,22.0,20.17,1,50.4,49.6
657,DET,32.0,32.0,15.0,0.0,0.0,115.0,1161.0,1266.0,52.2,-4.5,880.0,958.0,52.1,-4.7,81.0,27.0,4.0,2.0,1.0,1.0,177.0,,,stuarbr02,9.3,92.1,101.0,29.0,16.0,2011-12,6.3,6.3,210.0,210.0,22.0,21.03,1,46.3,53.7
673,CGY,32.0,32.0,21.0,14.0,1.0,47.0,941.0,791.0,45.7,-4.1,700.0,585.0,45.5,-2.7,64.0,54.0,11.0,3.0,1.0,1.0,22.0,,,tangual01,10.7,92.4,103.0,28.0,7.0,2011-12,15.5,15.5,160.0,160.0,35.0,19.03,1,49.4,50.6
26,TOT,32.0,32.0,7.0,0.0,0.0,87.0,661.0,617.0,48.3,-5.9,457.0,464.0,50.4,-3.3,51.0,25.0,1.0,0.0,0.0,0.0,61.0,,,boyntni01,9.4,89.8,99.1,40.0,-1.0,2010-11,2.3,2.3,95.0,95.0,15.0,14.39,1,50.9,49.1
34,NYI,32.0,32.0,2.0,0.0,0.0,19.0,265.0,266.0,50.1,-0.9,198.0,195.0,49.6,-1.9,22.0,7.0,0.0,0.0,0.0,0.0,27.0,,,carknma01,6.9,91.3,98.2,46.0,-2.0,2012-13,0.0,0.0,41.0,41.0,3.0,12.35,1,49.0,51.0
52,TOT,32.0,32.0,2.0,0.0,0.0,32.0,296.0,304.0,50.7,-0.9,209.0,219.0,51.2,-0.6,30.0,7.0,0.0,0.0,0.0,0.0,53.0,,,commomi01,9.6,94.6,104.0,38.0,7.0,2011-12,0.0,0.0,54.0,54.0,4.0,12.36,1,56.6,43.4
95,TOT,32.0,32.0,22.0,4.0,0.0,25.0,754.0,749.0,49.8,1.4,568.0,570.0,50.1,2.1,70.0,14.0,3.0,0.0,0.0,0.0,75.0,,,eratma01,8.7,93.3,102.0,28.0,5.0,2013-14,5.7,5.7,111.0,111.0,16.0,14.4,1,49.8,50.2
129,TOT,32.0,32.0,14.0,0.0,0.0,29.0,805.0,775.0,49.1,-1.0,587.0,584.0,49.9,-0.3,71.0,17.0,7.0,2.0,2.0,0.0,49.0,,,hagmani01,7.6,90.5,98.1,14.0,-7.0,2011-12,7.2,7.2,236.0,236.0,20.0,14.35,1,50.3,49.7
143,TOT,32.0,32.0,4.0,0.0,0.0,26.0,302.0,195.0,39.2,-7.1,210.0,159.0,43.1,-2.5,37.0,6.0,0.0,0.0,0.0,0.0,59.0,,,hallad01,7.0,94.7,101.0,23.0,0.0,2012-13,0.0,0.0,52.0,52.0,11.0,10.32,1,84.6,15.4
171,SJS,32.0,32.0,9.0,1.0,0.0,14.0,576.0,585.0,50.4,-2.8,421.0,435.0,50.8,-3.1,48.0,34.0,11.0,2.0,1.0,0.0,9.0,,,havlama01,9.7,94.6,104.0,10.0,14.0,2013-14,16.7,16.7,138.0,138.0,15.0,14.43,1,41.1,58.9
196,STL,32.0,32.0,12.0,0.0,0.0,130.0,972.0,1075.0,52.5,-3.0,695.0,820.0,54.1,-0.4,79.0,32.0,3.0,1.0,0.0,0.0,96.0,,,jackmba01,9.3,90.5,99.8,97.0,11.0,2013-14,3.6,3.6,163.0,163.0,25.0,17.56,1,49.7,50.3
235,BOS,32.0,32.0,6.0,0.0,0.0,20.0,367.0,375.0,50.5,-8.6,262.0,267.0,50.5,-7.9,34.0,9.0,2.0,0.0,1.0,0.0,43.0,,,kellych01,5.3,90.2,95.5,16.0,-8.0,2012-13,7.5,7.5,70.0,70.0,19.0,14.58,1,67.1,32.9
248,TOT,32.0,32.0,9.0,1.0,0.0,40.0,704.0,752.0,51.6,0.4,494.0,545.0,52.5,1.2,76.0,18.0,6.0,0.0,2.0,0.0,119.0,,,kostoto01,7.0,91.3,98.4,74.0,-4.0,2010-11,10.1,10.1,147.0,147.0,28.0,12.2,1,48.5,51.5
266,TOT,32.0,32.0,4.0,4.0,0.0,57.0,587.0,548.0,48.3,-1.8,446.0,403.0,47.5,-2.1,39.0,14.0,2.0,0.0,0.0,0.0,39.0,,,leopojo01,7.6,91.1,98.7,14.0,-8.0,2012-13,3.3,3.3,121.0,121.0,7.0,20.04,1,47.2,52.8
297,CBJ,32.0,32.0,8.0,0.0,1.0,32.0,538.0,527.0,49.5,-2.8,400.0,399.0,49.9,-2.7,71.0,15.0,7.0,0.0,0.0,2.0,237.0,,,mackede01,7.0,92.3,99.3,47.0,0.0,2013-14,12.9,12.9,132.0,132.0,22.0,11.16,1,50.7,49.3
308,TBL,32.0,32.0,18.0,10.0,0.0,36.0,950.0,849.0,47.2,-0.8,686.0,617.0,47.4,-1.8,68.0,30.0,14.0,2.0,5.0,1.0,142.0,,,malonry01,10.5,89.3,99.8,82.0,-11.0,2011-12,13.9,13.9,212.0,212.0,37.0,17.41,1,50.9,49.1
318,NYI,32.0,32.0,4.0,0.0,0.0,108.0,1031.0,853.0,45.3,-3.5,734.0,616.0,45.6,-3.1,51.0,42.0,5.0,1.0,1.0,0.0,83.0,,,martira01,5.6,91.9,97.5,28.0,-16.0,2008-09,11.1,11.1,115.0,115.0,47.0,21.34,1,62.3,37.7
343,CGY,32.0,32.0,4.0,0.0,0.0,23.0,590.0,365.0,38.2,-9.8,399.0,276.0,40.9,-7.9,76.0,10.0,4.0,0.0,0.0,0.0,82.0,,,mcgrabr01,7.1,93.6,100.0,100.0,-4.0,2013-14,5.1,5.1,126.0,126.0,14.0,6.43,1,42.7,57.3
362,TOT,32.0,32.0,5.0,0.0,0.0,98.0,684.0,555.0,44.8,-5.9,479.0,407.0,45.9,-5.7,43.0,10.0,1.0,0.0,0.0,0.0,89.0,,,murrado01,5.7,92.6,98.3,35.0,-9.0,2012-13,3.7,3.7,81.0,81.0,10.0,17.35,1,53.1,46.9
374,ANA,32.0,32.0,3.0,0.0,0.0,16.0,277.0,200.0,41.9,-9.3,201.0,143.0,41.6,-9.8,46.0,8.0,1.0,0.0,0.0,0.0,57.0,,,parroge01,6.1,96.5,102.0,85.0,1.0,2011-12,5.9,5.9,29.0,29.0,5.0,6.23,1,38.7,61.3
389,TOT,32.0,32.0,1.0,0.0,0.0,28.0,584.0,428.0,42.3,-9.4,442.0,317.0,41.8,-8.9,56.0,4.0,3.0,1.0,1.0,0.0,70.0,,,pyattta01,3.3,90.2,93.5,20.0,-24.0,2013-14,7.7,7.7,94.0,94.0,12.0,11.35,1,58.1,41.9
414,VAN,32.0,32.0,19.0,9.0,0.0,7.0,479.0,773.0,61.7,14.1,374.0,555.0,59.7,12.9,47.0,21.0,9.0,3.0,3.0,0.0,15.0,,,sedinda01,8.9,93.0,101.0,18.0,12.0,2012-13,8.7,8.7,221.0,221.0,16.0,19.01,1,33.9,66.1
430,VAN,32.0,32.0,22.0,12.0,0.0,9.0,511.0,801.0,61.1,13.2,399.0,586.0,59.5,12.7,48.0,19.0,9.0,1.0,1.0,1.0,22.0,,,sedinhe01,9.4,93.7,103.0,24.0,19.0,2012-13,15.7,15.7,114.0,114.0,21.0,19.21,1,35.9,64.1
474,PHX,32.0,32.0,20.0,11.0,0.0,27.0,1096.0,1185.0,52.0,0.5,830.0,910.0,52.3,1.8,80.0,20.0,10.0,2.0,10.0,0.0,68.0,,,vrbatra01,7.5,91.4,98.9,22.0,-6.0,2013-14,7.6,7.6,475.0,475.0,41.0,17.57,1,46.2,53.8
489,ANA,32.0,32.0,1.0,0.0,0.0,2.0,34.0,31.0,47.7,-13.0,29.0,28.0,49.1,-14.0,2.0,0.0,0.0,0.0,0.0,0.0,7.0,,,yonkmno01,14.3,78.9,93.2,0.0,-1.0,2013-14,0.0,0.0,6.0,6.0,1.0,14.54,1,31.3,68.8
499,DET,32.0,32.0,18.0,19.0,0.0,10.0,587.0,726.0,55.3,3.0,463.0,548.0,54.2,1.3,46.0,27.0,5.0,5.0,4.0,2.0,20.0,,,zettehe01,7.6,92.4,100.0,18.0,2.0,2012-13,6.4,6.4,278.0,278.0,29.0,20.31,1,40.0,60.0
30,FLA,32.0,32.0,20.0,4.0,0.0,38.0,871.0,931.0,51.7,0.7,647.0,710.0,52.3,1.9,78.0,31.0,9.0,4.0,5.0,0.0,60.0,,,boyesbr01,8.9,92.2,101.0,20.0,11.0,2014-15,9.3,9.3,261.0,261.0,41.0,15.39,1,49.6,50.4
47,CGY,32.0,32.0,8.0,0.0,1.0,142.0,1120.0,752.0,40.2,-6.4,768.0,559.0,42.1,-5.5,76.0,39.0,2.0,0.0,0.0,0.0,135.0,,,engelde01,6.9,91.0,97.9,53.0,-16.0,2014-15,3.9,3.9,117.0,117.0,21.0,14.23,1,60.9,39.1
89,LAK,32.0,32.0,13.0,7.0,0.0,6.0,735.0,1024.0,58.2,4.8,555.0,759.0,57.8,4.9,69.0,43.0,16.0,2.0,11.0,0.0,39.0,,,gaborma01,9.3,89.6,98.9,16.0,7.0,2014-15,15.5,15.5,288.0,288.0,18.0,16.55,1,44.7,55.3
112,NSH,32.0,32.0,10.0,0.0,0.0,58.0,695.0,488.0,41.3,-13.0,493.0,362.0,42.3,-12.0,73.0,10.0,4.0,1.0,0.0,0.0,143.0,,,gaustpa01,8.8,95.1,103.0,60.0,7.0,2014-15,7.4,7.4,102.0,102.0,19.0,12.26,1,88.3,11.7
136,CAR,32.0,32.0,10.0,0.0,1.0,124.0,1408.0,1435.0,50.5,-0.6,1032.0,1078.0,51.1,1.8,82.0,40.0,4.0,1.0,0.0,0.0,96.0,,,hainsro01,6.1,91.7,97.7,45.0,-9.0,2013-14,5.6,5.6,170.0,170.0,36.0,21.26,1,51.7,48.3
162,CBJ,32.0,32.0,24.0,8.0,0.0,38.0,1026.0,1112.0,52.0,5.9,783.0,837.0,51.7,5.8,77.0,40.0,20.0,2.0,8.0,0.0,160.0,,,hartnsc01,9.7,89.7,99.4,100.0,1.0,2014-15,13.7,13.7,308.0,308.0,36.0,17.18,1,49.3,50.7
175,MIN,32.0,32.0,6.0,4.0,0.0,22.0,533.0,475.0,47.1,-3.9,408.0,332.0,44.9,-7.4,36.0,8.0,8.0,1.0,3.0,0.0,26.0,,,heatlda01,7.8,88.5,96.2,8.0,-12.0,2012-13,13.3,13.3,135.0,135.0,8.0,18.32,1,51.4,48.6
183,TOT,32.0,32.0,2.0,0.0,0.0,59.0,732.0,511.0,41.1,-5.4,518.0,383.0,42.5,-3.9,77.0,14.0,4.0,1.0,0.0,1.0,180.0,,,hendrma01,3.5,93.8,97.3,112.0,-11.0,2013-14,4.9,4.9,160.0,160.0,19.0,12.44,1,73.3,26.7
229,CHI,32.0,32.0,20.0,11.0,1.0,23.0,865.0,960.0,52.6,-1.5,642.0,732.0,53.3,-0.8,65.0,32.0,15.0,2.0,8.0,2.0,48.0,,,hossama01,7.8,92.5,100.0,32.0,9.0,2010-11,12.2,12.2,318.0,318.0,53.0,19.42,1,46.7,53.3
256,CGY,32.0,32.0,26.0,11.0,0.0,36.0,1299.0,1304.0,50.1,-4.0,1002.0,947.0,48.6,-5.1,82.0,54.0,22.0,5.0,10.0,0.0,86.0,,,iginlja01,9.3,91.4,100.0,58.0,-2.0,2009-10,12.5,12.5,485.0,485.0,45.0,20.36,1,46.7,53.3
305,CHI,32.0,32.0,19.0,14.0,1.0,116.0,1144.0,1284.0,52.9,3.1,843.0,942.0,52.8,3.4,67.0,46.0,5.0,4.0,4.0,0.0,16.0,,,keithdu01,8.9,92.4,101.0,26.0,13.0,2015-16,6.9,6.9,287.0,287.0,22.0,25.14,1,53.1,46.9
346,FLA,32.0,32.0,6.0,0.0,0.0,22.0,609.0,550.0,47.5,-4.3,464.0,415.0,47.2,-4.6,64.0,12.0,2.0,1.0,0.0,0.0,88.0,,,kopecto01,3.6,91.3,94.9,28.0,-19.0,2014-15,1.9,1.9,184.0,184.0,11.0,12.54,1,53.7,46.3
355,DET,32.0,32.0,10.0,14.0,0.0,83.0,685.0,812.0,54.2,1.8,516.0,608.0,54.1,1.7,48.0,21.0,3.0,2.0,2.0,0.0,42.0,,,kronwni01,8.1,90.9,99.0,44.0,-5.0,2012-13,7.5,7.5,181.0,181.0,11.0,24.22,1,45.3,54.7
394,TOR,32.0,32.0,8.0,1.0,0.0,52.0,513.0,432.0,45.7,-1.7,377.0,304.0,44.6,-2.2,32.0,22.0,2.0,0.0,0.0,0.0,45.0,,,lilesjo01,9.1,93.0,102.0,4.0,-1.0,2012-13,4.3,4.3,95.0,95.0,8.0,18.46,1,51.4,48.6
411,DET,32.0,32.0,10.0,0.0,0.0,114.0,795.0,1067.0,57.3,-3.5,608.0,874.0,59.0,-1.6,79.0,38.0,2.0,2.0,0.0,0.0,133.0,,,liljaan01,6.6,89.5,96.1,93.0,-2.0,2007-08,2.8,2.8,133.0,133.0,17.0,18.14,1,40.6,59.4
443,PIT,32.0,32.0,4.0,8.0,0.0,74.0,608.0,596.0,49.5,-1.9,426.0,461.0,52.0,-0.9,39.0,17.0,2.0,2.0,1.0,0.0,30.0,,,martipa01,9.1,88.4,97.5,10.0,-4.0,2013-14,5.6,5.6,114.0,114.0,12.0,24.34,1,54.1,45.9
455,WPG,32.0,32.0,2.0,0.0,0.0,7.0,274.0,234.0,46.1,-7.5,210.0,170.0,44.7,-9.4,22.0,2.0,3.0,2.0,0.0,0.0,29.0,,,miettan01,10.0,90.6,100.0,2.0,-3.0,2012-13,11.5,11.5,46.0,46.0,2.0,12.39,1,44.3,55.7
468,TOT,32.0,32.0,6.0,0.0,0.0,24.0,370.0,284.0,43.4,-6.4,259.0,218.0,45.7,-4.8,44.0,7.0,3.0,0.0,0.0,0.0,62.0,,,moentr01,8.9,91.4,100.0,18.0,0.0,2014-15,8.8,8.8,55.0,55.0,7.0,9.23,1,60.9,39.1
506,PIT,32.0,32.0,8.0,0.0,0.0,114.0,914.0,719.0,44.0,-8.7,652.0,537.0,45.2,-8.6,46.0,19.0,0.0,0.0,0.0,0.0,119.0,,,orpikbr01,12.3,93.5,105.0,32.0,17.0,2012-13,0.0,0.0,72.0,72.0,5.0,22.17,1,56.0,44.0
524,STL,32.0,32.0,9.0,0.0,0.0,14.0,665.0,584.0,46.8,-6.9,484.0,436.0,47.4,-7.6,78.0,8.0,3.0,0.0,0.0,0.0,182.0,,,ottst01,5.1,93.2,98.3,86.0,-8.0,2014-15,6.1,6.1,105.0,105.0,21.0,11.38,1,58.0,42.0
583,NYR,32.0,32.0,1.0,0.0,0.0,13.0,347.0,243.0,41.2,-11.0,241.0,197.0,45.0,-10.0,60.0,9.0,4.0,2.0,0.0,0.0,103.0,,,ruppmi01,6.6,94.0,100.0,97.0,-1.0,2011-12,12.9,12.9,49.0,49.0,3.0,6.39,1,56.8,43.2
613,PHI,32.0,32.0,12.0,1.0,0.0,166.0,1214.0,1081.0,47.1,-3.6,862.0,796.0,48.0,-1.9,80.0,23.0,2.0,1.0,0.0,0.0,113.0,,,schulni01,7.5,93.5,101.0,47.0,2.0,2014-15,2.9,2.9,155.0,155.0,6.0,19.03,1,55.7,44.3
634,LAK,32.0,32.0,8.0,1.0,2.0,53.0,806.0,828.0,50.7,-5.0,622.0,626.0,50.2,-4.8,73.0,16.0,3.0,2.0,3.0,0.0,162.0,,,stollja01,6.8,93.3,100.0,58.0,3.0,2014-15,7.2,7.2,133.0,133.0,10.0,15.29,1,47.3,52.7
677,SJS,32.0,32.0,39.0,19.0,1.0,26.0,1137.0,1475.0,56.5,5.2,828.0,1083.0,56.7,3.1,82.0,95.0,14.0,2.0,4.0,0.0,42.0,,,thornjo01,8.1,92.4,100.0,31.0,17.0,2011-12,11.5,11.5,259.0,259.0,96.0,20.28,1,50.5,49.5
708,SJS,32.0,32.0,2.0,0.0,0.0,2.0,41.0,46.0,52.9,-2.9,28.0,38.0,57.6,-1.5,5.0,1.0,3.0,0.0,0.0,0.0,9.0,,,torrera01,17.2,95.5,112.0,7.0,4.0,2013-14,33.3,33.3,14.0,14.0,1.0,10.22,1,39.4,60.6
723,TOT,32.0,32.0,17.0,8.0,0.0,50.0,1133.0,1051.0,48.1,-2.4,854.0,782.0,47.8,-2.0,82.0,36.0,7.0,1.0,6.0,0.0,80.0,,,vermean01,6.8,90.2,96.9,40.0,-25.0,2014-15,11.9,11.9,188.0,188.0,30.0,17.51,1,46.5,53.5
735,EDM,32.0,32.0,11.0,12.0,0.0,82.0,789.0,863.0,52.2,4.5,592.0,627.0,51.4,3.5,50.0,53.0,3.0,1.0,5.0,0.0,27.0,,,visnolu01,8.8,93.1,101.0,30.0,6.0,2008-09,9.3,9.3,200.0,200.0,18.0,23.01,1,49.3,50.7
755,NSH,32.0,32.0,7.0,0.0,0.0,48.0,494.0,529.0,51.7,-0.4,355.0,374.0,51.3,-1.6,46.0,13.0,0.0,0.0,0.0,0.0,93.0,,,volchan01,9.3,92.3,101.0,14.0,4.0,2014-15,0.0,0.0,79.0,79.0,3.0,13.11,1,49.3,50.7
762,CAR,32.0,32.0,6.0,0.0,0.0,91.0,923.0,868.0,48.5,-8.3,684.0,669.0,49.4,-7.9,66.0,26.0,2.0,0.0,0.0,0.0,134.0,,,wallini01,6.7,89.6,96.3,54.0,-18.0,2007-08,3.3,3.3,135.0,135.0,17.0,18.08,1,49.4,50.6
786,LAK,32.0,32.0,21.0,3.0,0.0,21.0,828.0,1270.0,60.5,2.6,649.0,959.0,59.6,2.9,82.0,75.0,15.0,1.0,4.0,0.0,44.0,,,williju01,7.0,92.8,99.8,48.0,14.0,2013-14,7.9,7.9,404.0,404.0,25.0,16.57,1,44.3,55.7
808,COL,32.0,32.0,5.0,0.0,1.0,124.0,757.0,619.0,45.0,-8.0,545.0,456.0,45.6,-8.4,44.0,16.0,0.0,0.0,0.0,0.0,65.0,,,zanongr01,5.9,90.8,96.7,28.0,-16.0,2012-13,0.0,0.0,86.0,86.0,14.0,19.2,1,50.3,49.7
10,VAN,32.0,32.0,0.0,0.0,0.0,7.0,64.0,60.0,48.4,3.5,49.0,36.0,42.4,-4.2,10.0,4.0,0.0,0.0,0.0,0.0,6.0,,,alberan01,12.0,95.1,107.0,0.0,1.0,2013-14,0.0,0.0,13.0,13.0,0.0,7.23,1,62.5,37.5
41,VAN,32.0,32.0,13.0,7.0,0.0,130.0,1357.0,1437.0,51.4,-1.3,995.0,1042.0,51.2,-1.6,76.0,55.0,3.0,1.0,1.0,0.0,144.0,,,biekske01,7.0,91.2,98.2,104.0,-8.0,2013-14,2.4,2.4,338.0,338.0,32.0,22.46,1,50.7,49.3
70,NJD,32.0,32.0,13.0,2.0,0.0,19.0,882.0,755.0,46.1,-0.4,699.0,568.0,44.8,-1.7,68.0,34.0,16.0,8.0,9.0,2.0,29.0,,,cammami01,9.5,93.2,102.0,28.0,2.0,2014-15,17.3,17.3,261.0,261.0,30.0,18.2,1,50.8,49.2
86,NJD,32.0,32.0,3.0,0.0,0.0,1.0,146.0,127.0,46.5,-6.1,126.0,94.0,42.7,-9.3,13.0,3.0,1.0,0.0,0.0,0.0,21.0,,,clowery01,8.5,93.1,101.0,4.0,-1.0,2014-15,6.7,6.7,26.0,26.0,3.0,15.4,1,51.1,48.9
100,PHI,32.0,32.0,4.0,2.0,0.0,33.0,423.0,519.0,55.1,9.0,311.0,370.0,54.3,9.0,33.0,18.0,2.0,0.0,0.0,0.0,46.0,,,colaica01,5.2,93.8,99.0,10.0,0.0,2014-15,4.8,4.8,108.0,108.0,10.0,16.29,1,44.6,55.4
112,PIT,32.0,32.0,9.0,2.0,0.0,49.0,788.0,840.0,51.6,-1.9,606.0,603.0,49.9,-5.2,49.0,21.0,3.0,3.0,0.0,0.0,73.0,,,ehrhoch01,9.0,92.2,101.0,26.0,8.0,2014-15,2.7,2.7,226.0,226.0,12.0,21.46,1,47.3,52.7
130,TOT,32.0,32.0,8.0,0.0,0.0,108.0,945.0,919.0,49.3,-3.0,693.0,675.0,49.3,-2.8,72.0,22.0,1.0,0.0,0.0,0.0,167.0,,,gleasti01,6.8,90.4,97.3,55.0,-13.0,2014-15,1.9,1.9,110.0,110.0,11.0,16.2,1,45.9,54.1
157,VAN,32.0,32.0,20.0,2.0,0.0,71.0,907.0,930.0,50.6,1.4,682.0,696.0,50.5,0.2,59.0,47.0,0.0,0.0,1.0,0.0,82.0,,,hamhuda01,10.0,90.0,100.0,44.0,0.0,2014-15,1.2,1.2,178.0,178.0,18.0,21.32,1,53.2,46.8
168,TOT,32.0,32.0,5.0,1.0,0.0,76.0,706.0,712.0,50.2,-1.1,522.0,522.0,50.0,-1.0,55.0,33.0,2.0,0.0,1.0,0.0,77.0,,,harrija01,7.1,92.7,99.8,65.0,-1.0,2014-15,6.0,6.0,133.0,133.0,16.0,15.56,1,50.6,49.4
185,DAL,32.0,32.0,22.0,4.0,0.0,26.0,796.0,938.0,54.1,2.2,577.0,690.0,54.5,2.5,75.0,36.0,12.0,0.0,1.0,0.0,25.0,,,hemskal01,9.7,90.8,100.0,20.0,3.0,2015-16,8.4,8.4,265.0,265.0,22.0,13.06,1,50.2,49.8
201,TOT,32.0,32.0,1.0,0.0,0.0,4.0,239.0,236.0,49.7,0.7,179.0,169.0,48.6,-1.0,36.0,4.0,4.0,0.0,0.0,0.0,69.0,,,jackmti01,6.3,91.2,97.5,103.0,-3.0,2013-14,8.7,8.7,65.0,65.0,4.0,7.06,1,32.7,67.3
232,FLA,32.0,32.0,34.0,7.0,1.0,50.0,879.0,1007.0,53.4,6.1,663.0,792.0,54.4,7.2,81.0,47.0,12.0,1.0,5.0,1.0,43.0,,,jokinju01,10.9,91.9,102.0,42.0,25.0,2015-16,11.8,11.8,248.0,248.0,31.0,18.17,1,51.3,48.7
274,MIN,32.0,32.0,28.0,10.0,1.0,57.0,1095.0,1190.0,52.1,6.1,796.0,879.0,52.5,5.6,82.0,45.0,6.0,2.0,10.0,1.0,38.0,,,koivumi01,9.9,90.5,100.0,40.0,6.0,2015-16,12.1,12.1,277.0,277.0,37.0,19.56,1,42.6,57.4
286,CAR,32.0,32.0,4.0,0.0,0.0,27.0,345.0,329.0,48.8,-4.9,266.0,218.0,45.0,-8.1,32.0,16.0,0.0,0.0,0.0,0.0,70.0,,,komismi01,6.7,92.1,98.8,14.0,-4.0,2013-14,0.0,0.0,51.0,51.0,3.0,11.42,1,47.1,52.9
325,TOT,32.0,32.0,11.0,0.0,1.0,34.0,678.0,661.0,49.4,-1.2,518.0,464.0,47.3,-3.5,81.0,16.0,2.0,1.0,0.0,0.0,126.0,,,laichbr01,6.1,90.8,96.8,18.0,-13.0,2015-16,2.0,2.0,158.0,158.0,29.0,11.26,1,52.5,47.5
340,CAR,32.0,32.0,8.0,0.0,0.0,31.0,680.0,577.0,45.9,-6.8,524.0,436.0,45.4,-6.6,77.0,21.0,2.0,0.0,0.0,1.0,79.0,,,mccleja01,5.7,89.6,95.3,24.0,-17.0,2015-16,4.7,4.7,107.0,107.0,32.0,11.36,1,59.0,41.0
374,PHX,32.0,32.0,12.0,2.0,0.0,49.0,882.0,945.0,51.7,1.1,662.0,669.0,50.3,-0.2,79.0,16.0,8.0,1.0,0.0,0.0,120.0,,,mossda01,7.6,92.6,100.0,18.0,-1.0,2013-14,5.3,5.3,269.0,269.0,32.0,14.39,1,45.5,54.5
407,CHI,32.0,32.0,12.0,0.0,1.0,114.0,1060.0,1201.0,53.1,-5.8,735.0,888.0,54.7,-3.2,77.0,52.0,3.0,1.0,0.0,0.0,49.0,,,oduyajo01,8.4,91.9,100.0,38.0,11.0,2013-14,3.6,3.6,161.0,161.0,15.0,20.06,1,50.8,49.2
425,TOR,32.0,32.0,17.0,4.0,0.0,26.0,931.0,1119.0,54.6,4.6,733.0,825.0,53.0,4.3,77.0,27.0,13.0,3.0,7.0,0.0,48.0,,,parenpi01,8.4,91.8,100.0,68.0,0.0,2015-16,11.9,11.9,313.0,313.0,29.0,16.16,1,40.7,59.3
448,MTL,32.0,32.0,24.0,9.0,1.0,55.0,1246.0,1215.0,49.4,1.3,894.0,865.0,49.2,0.5,82.0,42.0,16.0,5.0,7.0,3.0,47.0,,,plekato01,8.3,92.8,101.0,46.0,8.0,2014-15,10.5,10.5,392.0,392.0,30.0,19.09,1,55.0,45.0
466,MIN,32.0,32.0,25.0,11.0,0.0,32.0,1102.0,1299.0,54.1,4.9,813.0,976.0,54.6,3.9,82.0,21.0,15.0,4.0,3.0,0.0,44.0,,,pominja01,8.4,91.4,99.8,8.0,9.0,2014-15,7.1,7.1,433.0,433.0,35.0,18.17,1,37.2,62.8
504,NJD,32.0,32.0,1.0,0.0,0.0,8.0,283.0,249.0,46.8,1.6,223.0,188.0,45.7,-0.3,33.0,8.0,0.0,0.0,0.0,0.0,63.0,,,ruututu01,3.9,92.2,96.1,8.0,-7.0,2015-16,0.0,0.0,52.0,52.0,10.0,11.3,1,59.0,41.0
526,BOS,32.0,32.0,9.0,0.0,0.0,66.0,619.0,609.0,49.6,-5.7,473.0,438.0,48.1,-8.2,34.0,16.0,1.0,0.0,0.0,0.0,61.0,,,seidede01,10.4,93.8,104.0,10.0,11.0,2013-14,1.9,1.9,115.0,115.0,7.0,21.5,1,51.4,48.6
542,CHI,32.0,32.0,29.0,15.0,0.0,27.0,1035.0,1392.0,57.4,1.4,785.0,1028.0,56.7,0.3,82.0,25.0,24.0,3.0,10.0,0.0,55.0,,,sharppa01,9.5,90.6,100.0,40.0,13.0,2013-14,10.9,10.9,546.0,546.0,41.0,18.53,1,34.5,65.5
569,DAL,32.0,32.0,15.0,15.0,0.0,20.0,945.0,1156.0,55.0,3.9,679.0,850.0,55.6,4.6,75.0,62.0,24.0,7.0,9.0,0.0,9.0,,,spezzja01,7.9,92.4,100.0,22.0,4.0,2015-16,16.3,16.3,391.0,391.0,45.0,16.31,1,43.2,56.8
610,WPG,32.0,32.0,6.0,0.0,0.0,32.0,715.0,596.0,45.5,-7.3,529.0,440.0,45.4,-7.2,82.0,18.0,5.0,2.0,0.0,1.0,146.0,,,thorbch01,6.9,93.5,100.0,81.0,-1.0,2015-16,8.6,8.6,114.0,114.0,11.0,10.07,1,50.4,49.6
623,NJD,32.0,32.0,2.0,3.0,0.0,18.0,538.0,467.0,46.5,0.3,393.0,369.0,48.4,1.8,66.0,23.0,2.0,0.0,2.0,0.0,99.0,,,tootojo01,2.7,89.9,92.6,102.0,-26.0,2015-16,4.4,4.4,141.0,141.0,17.0,11.32,1,59.9,40.1
636,CBJ,32.0,32.0,2.0,0.0,0.0,71.0,782.0,798.0,50.5,2.5,579.0,584.0,50.2,1.6,61.0,13.0,1.0,0.0,0.0,0.0,128.0,,,tyutife01,7.3,90.8,98.1,28.0,-6.0,2015-16,4.0,4.0,78.0,78.0,7.0,17.35,1,50.5,49.5
647,PHI,32.0,32.0,6.0,0.0,0.0,40.0,747.0,646.0,46.4,-4.7,560.0,463.0,45.3,-5.8,67.0,11.0,7.0,0.0,2.0,0.0,114.0,,,umberrj01,6.5,93.1,99.6,19.0,-9.0,2014-15,9.4,9.4,177.0,177.0,9.0,13.49,1,53.0,47.0
659,MIN,32.0,32.0,0.0,0.0,0.0,20.0,226.0,152.0,40.2,-12.0,159.0,110.0,40.9,-11.0,34.0,2.0,3.0,0.0,0.0,0.0,41.0,,,veillst01,6.5,93.9,100.0,21.0,-2.0,2013-14,11.5,11.5,43.0,43.0,9.0,8.26,1,56.8,43.2
713,MIN,32.0,32.0,17.0,20.0,0.0,128.0,1236.0,1168.0,48.6,-0.2,904.0,886.0,49.5,1.5,78.0,52.0,2.0,3.0,4.0,0.0,80.0,,,zidlima01,8.5,90.3,98.8,67.0,-16.0,2009-10,5.2,5.2,250.0,250.0,32.0,24.1,1,54.5,45.5
20,MIN,32.0,32.0,1.0,0.0,0.0,20.0,160.0,126.0,44.1,-12.0,116.0,91.0,44.0,-13.0,14.0,5.0,0.0,0.0,0.0,0.0,15.0,,,ballake01,12.3,87.4,99.7,26.0,-3.0,2014-15,0.0,0.0,10.0,10.0,2.0,12.03,1,51.6,48.4
65,STL,32.0,32.0,15.0,1.0,0.0,110.0,1291.0,1239.0,49.0,-4.7,981.0,935.0,48.8,-5.4,72.0,30.0,2.0,0.0,1.0,0.0,71.0,,,bouwmja01,6.5,93.1,99.7,18.0,-4.0,2015-16,2.9,2.9,230.0,230.0,11.0,23.07,1,53.8,46.2
75,NYI,32.0,32.0,12.0,4.0,0.0,140.0,1214.0,1160.0,48.9,0.5,867.0,846.0,49.4,0.9,70.0,47.0,8.0,1.0,1.0,0.0,149.0,,,boychjo01,9.0,93.5,102.0,31.0,17.0,2015-16,5.5,5.5,361.0,361.0,21.0,21.22,1,51.7,48.3
92,SJS,32.0,32.0,2.0,0.0,0.0,19.0,224.0,124.0,35.6,-19.0,166.0,83.0,33.3,-19.0,20.0,2.0,1.0,0.0,0.0,0.0,11.0,,,burisad01,5.2,92.0,97.2,33.0,-6.0,2014-15,4.5,4.5,38.0,38.0,4.0,11.09,1,69.7,30.3
107,CBJ,32.0,32.0,8.0,0.0,0.0,56.0,741.0,519.0,41.2,-8.3,536.0,384.0,41.7,-8.1,82.0,11.0,3.0,2.0,0.0,0.0,100.0,,,campbgr01,6.4,93.8,100.0,78.0,-6.0,2015-16,5.2,5.2,115.0,115.0,14.0,10.34,1,56.5,43.5
137,CBJ,32.0,32.0,0.0,0.0,0.0,1.0,48.0,21.0,30.4,-23.0,41.0,11.0,21.2,-29.0,6.0,0.0,0.0,0.0,0.0,0.0,8.0,,,craigry01,0.0,90.6,90.6,0.0,-3.0,2013-14,0.0,0.0,5.0,5.0,0.0,7.01,1,35.0,65.0
150,TOT,32.0,32.0,14.0,8.0,0.0,79.0,1098.0,1317.0,54.5,1.0,824.0,954.0,53.7,0.3,82.0,28.0,5.0,0.0,1.0,0.0,42.0,,,daleytr01,7.7,92.7,100.0,34.0,9.0,2015-16,4.6,4.6,273.0,273.0,17.0,18.26,1,41.9,58.1
199,DET,32.0,32.0,4.0,0.0,0.0,17.0,329.0,310.0,48.5,4.0,266.0,247.0,48.1,3.9,23.0,10.0,0.0,0.0,0.0,0.0,32.0,,,ericsjo01,8.7,93.2,101.0,39.0,2.0,2016-17,0.0,0.0,40.0,40.0,1.0,18.05,1,58.8,41.2
211,TBL,32.0,32.0,6.0,5.0,0.0,12.0,298.0,267.0,47.3,-3.3,233.0,214.0,47.9,-1.7,23.0,11.0,5.0,1.0,0.0,0.0,8.0,,,filppva01,9.8,93.1,102.0,6.0,4.0,2016-17,17.9,17.9,39.0,39.0,10.0,17.47,1,56.5,43.5
242,MTL,32.0,32.0,8.0,0.0,0.0,164.0,1208.0,1007.0,45.5,-3.4,822.0,730.0,47.0,-1.5,72.0,53.0,4.0,0.0,0.0,0.0,55.0,,,gilbeto01,8.5,93.5,102.0,30.0,10.0,2014-15,5.7,5.7,154.0,154.0,11.0,19.2,1,58.4,41.6
263,ARI,32.0,32.0,2.0,0.0,0.0,51.0,545.0,419.0,43.5,-4.0,408.0,315.0,43.6,-3.1,65.0,12.0,1.0,0.0,0.0,1.0,21.0,,,gordobo01,3.5,93.4,96.9,10.0,-7.0,2015-16,3.8,3.8,80.0,80.0,10.0,12.12,1,76.4,23.6
285,LAK,32.0,32.0,0.0,0.0,0.0,1.0,31.0,22.0,41.5,-23.0,23.0,18.0,43.9,-17.0,3.0,3.0,0.0,0.0,0.0,0.0,5.0,,,greenma01,0.0,94.7,94.7,8.0,0.0,2015-16,0.0,0.0,4.0,4.0,0.0,11.45,1,52.6,47.4
294,COL,32.0,32.0,13.0,0.0,0.0,162.0,1197.0,773.0,39.2,-6.2,852.0,551.0,39.3,-7.0,76.0,28.0,2.0,0.0,0.0,0.0,94.0,,,guenina01,11.5,91.9,103.0,32.0,-1.0,2014-15,5.3,5.3,85.0,85.0,19.0,16.51,1,55.6,44.4
313,VAN,32.0,32.0,1.0,0.0,0.0,18.0,367.0,311.0,45.9,-2.9,293.0,229.0,43.9,-3.7,33.0,8.0,2.0,0.0,0.0,1.0,15.0,,,higgich01,4.0,90.9,94.9,4.0,-14.0,2015-16,5.9,5.9,86.0,86.0,7.0,13.47,1,53.4,46.6
324,TOT,32.0,32.0,23.0,7.0,0.0,7.0,840.0,849.0,50.3,2.2,622.0,605.0,49.3,0.4,72.0,25.0,13.0,1.0,3.0,0.0,28.0,,,hudleji01,11.6,88.6,100.0,27.0,-1.0,2015-16,14.7,14.7,180.0,180.0,23.0,15.46,1,41.3,58.7
353,CHI,32.0,32.0,19.0,14.0,1.0,116.0,1144.0,1284.0,52.9,3.1,843.0,942.0,52.8,3.4,67.0,46.0,5.0,4.0,4.0,0.0,16.0,,,keithdu01,8.9,92.4,101.0,26.0,13.0,2015-16,6.9,6.9,287.0,287.0,22.0,25.14,1,53.1,46.9
399,TOR,32.0,32.0,1.0,2.0,0.0,14.0,570.0,518.0,47.6,-3.6,451.0,401.0,47.1,-2.9,46.0,7.0,9.0,2.0,2.0,0.0,58.0,,,lupuljo01,6.7,91.3,98.0,12.0,-10.0,2015-16,10.8,10.8,178.0,178.0,12.0,14.37,1,51.7,48.3
417,NYR,32.0,32.0,4.0,2.0,0.0,18.0,327.0,267.0,44.9,-1.3,231.0,202.0,46.7,-1.5,24.0,20.0,7.0,1.0,3.0,0.0,15.0,,,nashri01,11.7,89.7,101.0,12.0,0.0,2016-17,14.5,14.5,108.0,108.0,19.0,16.17,1,46.8,53.2
446,NSH,32.0,32.0,0.0,0.0,0.0,26.0,408.0,327.0,44.5,-10.0,279.0,237.0,45.9,-10.0,46.0,6.0,6.0,1.0,0.0,1.0,92.0,,,nystrer01,5.2,91.4,96.6,20.0,-6.0,2015-16,25.9,25.9,50.0,50.0,6.0,11.29,1,84.4,15.6
524,WPG,32.0,32.0,7.0,0.0,1.0,52.0,545.0,442.0,44.8,-9.0,410.0,333.0,44.8,-8.2,82.0,15.0,5.0,1.0,0.0,0.0,136.0,,,slateji01,7.4,92.2,99.6,58.0,-4.0,2014-15,9.8,9.8,89.0,89.0,13.0,9.13,1,53.0,47.0
539,CGY,32.0,32.0,10.0,0.0,1.0,45.0,893.0,692.0,43.7,-6.0,617.0,509.0,45.2,-4.5,80.0,34.0,4.0,0.0,0.0,2.0,77.0,,,stajama01,7.4,92.2,99.6,52.0,-4.0,2015-16,10.3,10.3,111.0,111.0,34.0,12.42,1,64.8,35.2
561,STL,32.0,32.0,5.0,3.0,0.0,11.0,199.0,187.0,48.4,-7.6,139.0,143.0,50.7,-5.3,17.0,4.0,2.0,0.0,0.0,0.0,8.0,,,steenal01,7.2,87.3,94.5,27.0,-8.0,2016-17,6.7,6.7,56.0,56.0,7.0,19.42,1,46.4,53.6
573,LAK,32.0,32.0,8.0,1.0,2.0,53.0,806.0,828.0,50.7,-5.0,622.0,626.0,50.2,-4.8,73.0,16.0,3.0,2.0,3.0,0.0,162.0,,,stollja01,6.8,93.3,100.0,58.0,3.0,2014-15,7.2,7.2,133.0,133.0,10.0,15.29,1,47.3,52.7
629,STL,32.0,32.0,5.0,0.0,3.0,16.0,549.0,586.0,51.6,-0.1,402.0,446.0,52.6,0.9,70.0,10.0,6.0,1.0,0.0,0.0,92.0,,,upshasc01,6.3,93.5,99.8,44.0,5.0,2015-16,5.3,5.3,182.0,182.0,19.0,10.57,1,61.6,38.4
677,CGY,32.0,32.0,11.0,6.0,0.0,77.0,852.0,711.0,45.5,-3.2,595.0,524.0,46.8,-2.4,51.0,37.0,0.0,0.0,2.0,0.0,37.0,,,widemde01,8.5,90.8,99.3,30.0,-9.0,2015-16,2.7,2.7,186.0,186.0,14.0,20.37,1,48.0,52.0
10,BOS,32.0,32.0,3.0,1.0,0.0,13.0,227.0,277.0,55.0,0.2,156.0,212.0,57.6,3.4,18.0,9.0,3.0,1.0,2.0,0.0,52.0,,,backeda01,9.9,91.2,101.0,23.0,5.0,2016-17,10.9,10.9,70.0,70.0,5.0,18.02,1,48.8,51.2
77,TBL,32.0,32.0,1.0,0.0,0.0,13.0,175.0,193.0,52.4,2.2,138.0,158.0,53.4,4.0,22.0,6.0,4.0,0.0,0.0,0.0,32.0,,,boylebr01,8.7,91.2,99.9,29.0,1.0,2016-17,14.3,14.3,43.0,43.0,7.0,11.39,1,63.4,36.6
89,STL,32.0,32.0,1.0,0.0,0.0,11.0,128.0,138.0,51.9,-1.4,92.0,107.0,53.8,-0.3,22.0,0.0,2.0,1.0,0.0,0.0,21.0,,,brodzky01,7.8,87.3,95.1,21.0,-3.0,2016-17,10.0,10.0,27.0,27.0,6.0,9.5,1,65.9,34.1
102,LAK,32.0,32.0,4.0,2.0,0.0,3.0,248.0,279.0,52.9,-1.0,174.0,200.0,53.5,-0.5,23.0,8.0,1.0,1.0,2.0,1.0,57.0,,,browndu01,6.1,85.5,91.6,10.0,-9.0,2016-17,7.3,7.3,95.0,95.0,6.0,16.15,1,45.2,54.8
154,NSH,32.0,32.0,1.0,0.0,0.0,5.0,61.0,60.0,49.6,2.3,44.0,44.0,50.0,3.9,6.0,4.0,0.0,0.0,0.0,0.0,3.0,,,carlema01,9.1,87.1,96.2,0.0,-1.0,2016-17,0.0,0.0,4.0,4.0,0.0,13.09,1,47.8,52.2
231,DAL,32.0,32.0,4.0,3.0,0.0,13.0,276.0,297.0,51.8,5.3,185.0,219.0,54.2,7.5,23.0,3.0,4.0,1.0,5.0,0.0,30.0,,,eavespa01,8.9,87.5,96.4,8.0,-5.0,2016-17,15.5,15.5,104.0,104.0,6.0,16.51,1,56.3,43.8
241,WPG,32.0,32.0,3.0,3.0,0.0,30.0,329.0,324.0,49.6,0.4,254.0,233.0,47.8,-1.2,22.0,12.0,0.0,0.0,0.0,1.0,7.0,,,enstrto01,9.5,91.2,100.0,10.0,1.0,2016-17,4.3,4.3,57.0,57.0,5.0,22.23,1,50.8,49.2
313,NYR,32.0,32.0,3.0,0.0,0.0,18.0,589.0,421.0,41.7,-7.4,425.0,319.0,42.9,-6.9,57.0,13.0,4.0,0.0,0.0,0.0,224.0,,,glassta01,7.5,93.1,100.0,66.0,-3.0,2015-16,8.2,8.2,82.0,82.0,4.0,10.17,1,67.8,32.2
318,CBJ,32.0,32.0,14.0,0.0,1.0,158.0,1227.0,1247.0,50.4,-1.7,917.0,950.0,50.9,-1.7,77.0,30.0,5.0,0.0,0.0,0.0,152.0,,,hejdaja01,8.4,90.1,98.5,28.0,-6.0,2010-11,6.3,6.3,167.0,167.0,21.0,21.07,1,48.5,51.5
372,ANA,32.0,32.0,6.0,4.0,0.0,20.0,314.0,326.0,50.9,2.6,222.0,248.0,52.8,4.8,23.0,14.0,3.0,2.0,5.0,0.0,38.0,,,keslery01,8.3,96.2,104.0,22.0,9.0,2016-17,14.8,14.8,103.0,103.0,2.0,21.25,1,66.2,33.8
386,NYR,32.0,32.0,4.0,1.0,1.0,52.0,349.0,304.0,46.6,2.2,247.0,226.0,47.8,1.3,21.0,13.0,0.0,0.0,0.0,0.0,37.0,,,kleinke01,11.9,90.1,102.0,0.0,2.0,2016-17,0.0,0.0,34.0,34.0,8.0,17.57,1,54.6,45.4
477,TOR,32.0,32.0,1.0,0.0,0.0,9.0,62.0,53.0,46.1,-4.4,40.0,32.0,44.4,-6.2,5.0,1.0,1.0,0.0,0.0,0.0,7.0,,,michami01,8.7,85.2,93.9,2.0,-2.0,2016-17,16.7,16.7,10.0,10.0,3.0,14.16,1,53.1,46.9
489,DET,32.0,32.0,0.0,0.0,0.0,13.0,162.0,97.0,37.5,-10.0,122.0,73.0,37.4,-10.0,17.0,1.0,2.0,1.0,0.0,0.0,19.0,,,milledr01,5.3,90.1,95.4,2.0,-6.0,2016-17,16.7,16.7,18.0,18.0,3.0,10.06,1,63.2,36.8
498,COL,32.0,32.0,0.0,0.0,0.0,13.0,169.0,190.0,52.9,3.9,118.0,122.0,50.8,-0.7,16.0,0.0,0.0,0.0,0.0,0.0,19.0,,,mitchjo01,2.5,98.9,101.0,12.0,1.0,2016-17,0.0,0.0,37.0,37.0,6.0,12.26,1,50.8,49.2
512,BUF,32.0,32.0,8.0,5.0,0.0,23.0,692.0,670.0,49.2,1.9,535.0,515.0,49.0,1.8,81.0,15.0,6.0,1.0,2.0,0.0,45.0,,,moulsma01,6.2,93.2,99.4,16.0,-5.0,2015-16,7.2,7.2,182.0,182.0,18.0,11.54,1,49.4,50.6
572,MIN,32.0,32.0,4.0,1.0,0.0,16.0,219.0,219.0,50.0,1.7,174.0,171.0,49.6,0.9,15.0,4.0,3.0,0.0,1.0,0.0,14.0,,,parisza01,8.7,90.8,99.5,12.0,-1.0,2016-17,8.3,8.3,70.0,70.0,9.0,18.14,1,50.0,50.0
583,SJS,32.0,32.0,8.0,6.0,0.0,27.0,328.0,388.0,54.2,2.6,225.0,276.0,55.1,3.0,24.0,24.0,5.0,2.0,2.0,0.0,52.0,,,paveljo01,10.1,90.7,100.0,12.0,3.0,2016-17,9.1,9.1,135.0,135.0,13.0,19.27,1,39.2,60.8
747,MIN,32.0,32.0,7.0,3.0,1.0,7.0,293.0,356.0,54.9,7.8,229.0,269.0,54.0,7.0,22.0,6.0,4.0,2.0,1.0,0.0,16.0,,,staaler01,7.7,93.6,101.0,6.0,6.0,2016-17,7.7,7.7,112.0,112.0,19.0,19.14,1,51.0,49.0
766,TOT,32.0,32.0,23.0,9.0,0.0,34.0,1060.0,964.0,47.6,-0.5,793.0,733.0,48.0,-0.6,82.0,30.0,15.0,4.0,3.0,1.0,113.0,,,stemple01,10.3,91.6,101.0,38.0,4.0,2015-16,13.0,13.0,257.0,257.0,31.0,17.57,1,48.6,51.4
810,WPG,32.0,32.0,0.0,0.0,0.0,27.0,96.0,64.0,40.0,-6.6,58.0,45.0,43.7,-1.3,10.0,6.0,0.0,0.0,0.0,0.0,14.0,,,stuarma01,2.9,100.0,102.0,8.0,1.0,2016-17,0.0,0.0,9.0,9.0,3.0,12.04,1,52.7,47.3
832,MIN,32.0,32.0,6.0,5.0,0.0,25.0,470.0,425.0,47.5,-3.7,358.0,308.0,46.2,-5.4,22.0,8.0,2.0,0.0,1.0,1.0,17.0,,,suterry01,10.5,94.7,105.0,8.0,11.0,2016-17,8.0,8.0,101.0,101.0,13.0,27.27,1,48.1,51.9
873,MIN,32.0,32.0,15.0,8.0,0.0,17.0,928.0,835.0,47.4,-0.4,693.0,603.0,46.5,-2.6,74.0,51.0,12.0,5.0,6.0,0.0,18.0,,,vanekth01,8.5,91.3,99.8,22.0,-9.0,2015-16,12.3,12.3,248.0,248.0,22.0,15.37,1,38.1,61.9
228,DET,32.0,32.0,25.0,2.0,0.0,30.0,827.0,1104.0,57.2,2.7,643.0,858.0,57.2,2.3,77.0,35.0,18.0,10.0,11.0,0.0,60.0,,,franzjo01,9.8,92.4,102.0,40.0,23.0,2011-12,13.7,13.7,379.0,379.0,30.0,17.42,1,44.2,55.8
265,NYI,32.0,32.0,14.0,2.0,0.0,26.0,750.0,726.0,49.2,-1.3,547.0,532.0,49.3,-0.8,58.0,34.0,8.0,2.0,1.0,0.0,28.0,,,grabomi01,9.0,92.3,101.0,33.0,3.0,2015-16,10.8,10.8,158.0,158.0,28.0,14.06,1,49.1,50.9
292,CGY,32.0,32.0,0.0,0.0,0.0,1.0,33.0,29.0,46.8,-2.2,27.0,21.0,43.8,-6.6,3.0,1.0,0.0,0.0,0.0,0.0,7.0,,,grossni01,0.0,75.0,75.0,2.0,-4.0,2016-17,0.0,0.0,7.0,7.0,0.0,13.01,1,68.8,31.3
457,MTL,32.0,32.0,2.0,0.0,0.0,20.0,246.0,186.0,43.1,-8.0,163.0,135.0,45.3,-5.0,23.0,13.0,5.0,1.0,0.0,0.0,10.0,,,mitchto01,11.2,94.4,105.0,8.0,6.0,2016-17,35.7,35.7,27.0,27.0,13.0,12.5,1,82.1,17.9
680,NYI,32.0,32.0,25.0,13.0,0.0,132.0,1543.0,1456.0,48.5,0.3,1136.0,1111.0,49.4,0.2,82.0,73.0,2.0,2.0,9.0,0.0,78.0,,,streima01,9.0,91.3,100.0,48.0,0.0,2009-10,5.9,5.9,405.0,405.0,76.0,25.42,1,52.5,47.5
