name,0,1,2,3
andrisv01,137.769944282,13.4662082821,6.01971517253,9.8048447079
janmama02,-75.7022102126,-12.6288108019,-11.7596715973,-7.23153516759
quineal01,125.556804346,0.918323767798,16.8528118576,-3.51586997197
vermijo01,140.428361981,16.3924793541,-5.50857646795,7.65875022901
arvidvi01,33.3947828882,20.5486645185,-6.01161449394,-2.99105659292
bennja01,-69.1862646435,17.581699924,-0.789386353974,-3.07072051108
getzlry01,-254.471356829,11.2872872878,-5.33370540271,-0.753754056261
ovechal01,-729.136317572,86.7631651026,40.2418430706,3.93768545907
perryco01,-304.07017344,21.3244058554,1.45144190876,-1.17390820444
toewsjo01,-118.016998323,14.0502149095,-15.8905260245,-8.88895910381
bennja01,-69.1862646435,17.581699924,-0.789386353974,-3.07072051108
bergese01,-114.468659358,-13.8892282364,-4.61767442917,3.82381889373
bouchpi02,-120.353315332,-15.9349580158,-5.48982788025,-1.73609647007
ericsjo01,115.758133385,25.6747710966,-16.9411236635,4.05548517891
filppva01,-49.0730467663,-17.0477538859,-25.0379112035,-9.09970072286
fleisto01,-54.1643433911,-13.6541553319,-22.3059131461,-0.33988454231
janssca01,132.465275387,8.26933255017,1.00008556413,9.44144502889
kingdj01,91.6261060614,-26.8739776943,-22.7105294134,-1.55687505676
nashri01,-380.834629417,28.0045668901,14.6133078481,-0.722402489567
nielsfr01,114.126003912,11.36201142,-6.67687662122,-7.32198771589
paillda01,-39.5795309393,-26.7517954582,-7.23355376455,-12.9672516477
rangepa01,-73.8387580176,-12.4293173533,-9.19036971193,0.482290500785
seminal01,-217.446187943,22.0926994932,-0.416087667356,-5.18927412653
steenal01,-182.195469396,-1.7272919438,3.13277166354,0.926956440277
talboma01,18.0483967403,-28.523506719,4.89577593075,-10.3874899176
toewsjo01,-118.016998323,14.0502149095,-15.8905260245,-8.88895910381
tolleol01,88.905897051,-20.8979214089,-11.5335802138,-2.51279796072
whiteia01,-146.953076347,-8.75461062014,-7.99037212379,7.8812634556
wisnija01,-28.2664290937,-18.9821598452,-6.76724429907,-0.566834779448
backeda01,-68.3056631246,-17.2083628427,-2.77108055181,-1.7526929027
bergepa01,-104.986162317,-7.62454179693,10.8318884095,4.71130019096
bernist01,-64.7077371315,-25.6028297622,-7.92370649437,-3.93373915093
bissopa01,139.879282267,-5.02534012029,18.8306516825,8.279593339
boldual01,136.479766932,6.22286843903,13.1949324664,6.8049274568
boylebr01,122.650571061,13.1541198384,3.41288010813,-23.8364789271
brodzky01,-83.2318812061,-23.5287811782,-2.04842496112,-3.76432686798
browndu01,-241.687631743,5.49106158481,8.77019519249,-6.91588284872
burnsbr01,-177.300028057,11.9922558551,12.9218747619,5.91307834393
byfugdu01,-182.35440986,2.76899004864,-8.50906691576,2.98195895453
carlema01,16.7526924366,-10.9328777626,-26.6505789662,7.91874495911
carteje01,-324.930896768,9.01113176164,25.4063894859,-1.12155811012
coburbr01,-140.977689852,-14.4521759681,3.1069930785,6.24059537979
collije01,120.031793808,6.3697580818,1.58637637684,10.9552852896
crombbj01,-81.489666078,-24.9667817013,-2.30317166959,-0.963950535286
dawesni01,-58.9647330969,-3.91034030568,-14.4777173001,-0.026581259452
dupuiph01,131.627197313,14.6530649844,-0.809633931524,8.95292806121
eavespa01,4.84523434981,7.09075224851,-1.44560887776,2.52288746907
enstrto01,-71.8620930501,-30.9678557383,3.98064144337,4.97678778176
erikslo01,-146.29851701,-13.709612694,-1.65365923361,-15.1840033369
fehrer01,-93.2640461559,4.03854393055,-11.2040343527,0.0135692629956
filewjo01,140.764630764,-0.120141574806,33.7204101449,10.5184663287
fraseco01,141.478089273,-0.0211995746089,31.5563198032,10.3238413736
fritsda01,41.4806842982,-17.2224237021,3.21978697588,-2.38464271547
gervabr01,-3.12763716335,-19.4509961942,2.90197504661,11.9069114646
getzlry01,-254.471356829,11.2872872878,-5.33370540271,-0.753754056261
hortona01,-135.560138648,1.98260101098,-2.39305714806,-11.1019267719
jacquje01,140.465713616,5.80740165688,13.4604976569,-39.3058900935
jonesda01,82.6615353505,3.83754186956,-2.94765407778,2.99198845044
keslery01,-150.372869703,-17.2916086019,11.9706115988,-3.39173993589
kleinke01,119.548515877,7.37661578455,6.86582834339,10.2446950502
kostian01,-183.847101333,-1.88351537708,8.42566334172,-5.97727155246
krepska01,-15.5153636062,-32.4685854914,-2.99336507751,-0.294534570938
lapiema01,-123.539995971,-16.5175487296,2.05914792983,-0.3918207364
lockeco01,144.905976534,42.2894663494,-40.7314751549,12.8799777962
macarcl01,-39.639962033,-21.8106588227,-3.18772428763,-9.84843971526
mcivena01,130.820181763,6.61174282177,-4.20264891684,11.6851719676
methoma01,16.9384195886,-21.0443991338,-16.1837101586,2.07808501386
michami01,-229.272333491,8.769185574,-6.26261694926,-1.00242361002
milledr01,96.6673300033,1.08767348836,-1.73289416881,0.783880812959
mooregr01,127.486708585,26.0595911485,-17.4516779034,11.3094627063
murrabr01,142.310779573,12.4724764424,7.97581318102,-59.2712191575
nilssro01,-36.6008656682,-18.5918206443,-10.9735528518,-2.79970889616
obyrnry01,111.104582173,-13.3474566152,5.17643692955,-5.48605880225
osullpa01,-341.557803211,22.4960296578,7.95779708971,6.7920508006
parisza01,-292.705677419,18.0928501074,-3.55012230545,-2.34749544567
paveljo01,-190.038417806,-1.91348533682,-7.18725756349,0.793143268292
perryco01,-304.07017344,21.3244058554,1.45144190876,-1.17390820444
phanedi01,-391.759929075,32.2418592651,11.6304727791,10.7087408413
picaral01,-11.0225128554,-0.892208653435,-1.59364919933,0.326712036751
potulry01,137.822903287,11.0091088753,5.17200306563,9.01570809889
poulima01,-19.2702207011,-15.2516431026,-6.12551102787,-0.948165387983
quincky01,-221.079784727,12.4613767657,-0.00740223742071,10.6574594378
richabr02,75.3956789099,-5.24838193142,8.96499529235,10.6152390876
richmda01,140.34138566,12.2197464022,3.46848536735,11.7259309867
seabrbr01,-133.443871246,-13.4511233637,-7.01938580278,4.97510267099
smabyma01,124.375129017,11.2812647174,-4.35346125972,10.5490434476
staaler01,-404.841497415,29.3808282262,17.3986678943,-1.30968489342
sterlbr01,113.370533814,11.8159827846,-0.248552784193,-0.630047777663
stewaan01,113.917859623,-12.477447725,18.1475946121,9.19225157687
stonery01,141.192683519,-2.72760549801,40.0421173661,6.25770722929
stortza01,99.0546747031,-30.6628828214,1.40088355659,-27.8288469096
stuarma01,-1.19260820949,-35.7606336664,-15.4645220271,2.47925273639
suterry01,-134.252970295,-6.29078581134,-7.18345695393,6.11501841584
tambeje01,86.2130116602,-7.0525371631,8.55349121134,7.92929026578
tarnani01,5.91671590973,-43.1405113577,1.49174316952,2.55535994375
vranape01,125.834626343,11.0743876576,-9.89611120142,-13.0699836201
webersh01,-342.843006025,19.0756234105,15.1224920376,2.4863474485
zherdni01,-300.586378193,13.7091181818,6.32856328917,1.04452056166
barkeca01,-82.6626770739,-8.81742174053,-9.33495915617,5.61016401475
bickebr01,111.386569147,15.5868599745,-15.7275434776,-11.2598044344
bollada01,55.4358626154,-3.56708100135,-5.45096246543,-5.05154816669
boothda01,-231.968920672,10.5384479166,5.27355426679,-0.190594283146
bourqch01,125.644690963,25.3425036322,-21.6801246877,-2.65600542531
boyddu01,-35.744461029,-26.0448118367,-12.1335964336,-1.97343164217
brouwtr01,-71.9488832814,-0.150209543717,-28.918818152,1.44991497488
brownmi02,63.645404525,-12.665690112,-9.59316785641,4.58340948093
byersda01,141.192454128,13.3922217496,0.99939535945,-39.066479004
callary01,-251.084261553,10.8843156893,-5.5570136006,1.48465036806
campoch01,9.97938401623,-7.61934322716,5.187316106,3.07651321982
carsobr01,139.867318086,8.90188481492,14.4206534711,10.8396252911
chipcky01,43.908603659,-38.5439518647,-9.46955979781,-4.1785285813
comeabl01,-74.2841972367,-6.59701147433,3.49968342413,-5.73404527238
dubinbr01,-152.722440152,-1.33726162174,6.27624600003,-3.824096537
edleral01,-220.767753895,7.19598744222,1.30610382629,10.0577251412
fistrma01,38.7105744287,-24.691299236,-20.3434011489,7.24004366885
gagnoaa01,141.966372538,20.8060177285,-5.51943998924,9.84572750327
goligal01,1.87938812477,1.51829349178,-7.79194337557,-2.81899015703
greenmi03,-324.202876124,36.1402545782,2.98295789222,-2.50935786964
grossni01,59.5013644327,-26.3749583967,-13.6676100895,10.3125521217
hanseja01,28.5787627221,-7.76350075885,-4.14115769013,-7.59082752223
hunwima01,25.4331341663,-12.9532054505,-6.50402511192,-4.32590074569
kaletpa01,28.386687207,-17.2687085323,-3.34162189407,-11.1750032812
kaspalu01,119.794351373,23.4966400491,-26.5724467084,-9.66987768247
kennety01,-166.256360149,7.80133955924,4.42035337991,2.47612238475
kontipe01,126.916877272,10.5732518032,-2.98998709867,8.87986196426
korpila01,-5.61971557008,-25.865598974,-7.86534449101,1.24628631262
krejcda01,-115.979089885,-14.2867897961,-5.52349460034,-2.3690257548
laddan01,-152.773584747,-16.3131736723,5.69971596781,2.16371295677
lalibda01,125.853558479,2.91785190294,15.5310784454,-28.0022675424
lepissa01,125.08410432,19.8004217502,-7.17569924563,10.8582860521
letoupi01,141.728228389,19.8612968191,-21.4729704025,3.58490779767
lisinen01,-36.965701308,-5.94491064434,-4.15898569667,2.2131410936
lundimi01,42.5482516983,-42.6630541317,-16.8143488029,11.0775962531
malkiev01,-318.565160052,32.6132123948,10.7628111722,0.486720886432
mancama01,113.200563738,26.7466636174,-14.7257632369,5.46503729741
meszaan01,-42.3055207077,-3.61686210775,5.65066711393,8.90671587724
mitchto01,-45.0918086538,-31.402587921,-6.45293005399,-0.305598516405
nokelpe01,50.9589089437,-14.9297721965,-6.12822449504,0.754569792364
oleszro01,42.5439526052,-4.99745426081,7.80077923085,2.54981989065
olvecpe01,94.9835021423,-9.95906436455,9.51117688693,-5.83839627011
oneilwe01,143.879022,29.7705484132,-23.3958499979,9.2940059059
oreskvi01,59.3913788489,-21.4743345438,4.77564305469,5.06734180985
ovechal01,-729.136317572,86.7631651026,40.2418430706,3.93768545907
peltide01,134.400021999,15.6520013646,-10.6895754946,10.5009438835
picaral02,130.058768795,10.8342527283,-9.7310752385,9.74090487438
polakro01,-16.2168031959,-38.9178558591,5.93085751495,4.23317623784
porteke01,103.404886801,7.77534118438,-3.67612906527,-3.24552352643
reddoli01,73.7190556475,-20.3331825265,5.4269374916,-8.56681176413
regiest01,134.538130909,5.27025373768,16.1109163624,10.0861473438
reginpe01,-83.9905987118,-8.0910467478,-22.3421009406,-0.748872897994
santomi01,128.412523687,17.2589363961,-1.89707507787,11.2527316926
sawadra01,140.947679931,14.4794082115,0.530939226196,-59.6427435514
schrero01,7.47156061466,-0.507948431302,-3.16610805672,-2.09193961691
sekeran01,25.0320276517,-7.69635675705,-7.1652082797,1.83857314546
smidla01,74.0113059572,-22.0039343598,-2.67144815431,6.61966879265
staffdr01,-145.204374571,-12.8974721898,3.43154159909,-2.54109962811
stewagr01,141.200043003,17.1883212955,-0.620573007513,12.3870832471
valabbo01,98.8620473039,4.40520971167,-2.58100865065,10.0394935395
verstkr01,-157.190946366,-6.62310427844,-4.25033695119,-1.51421569
waltebe01,135.292700778,10.362803997,4.96544251512,-13.0043606337
wheelbl01,-149.823838092,-9.89169749342,-7.25525128968,-2.35957297905
winnida01,32.3702009128,-15.101665403,4.03245941274,4.36096470759
wolskwo01,-187.117310182,-5.58354449445,3.1599720746,-3.91279941324
zajactr01,-160.955723386,-9.06177433057,-5.3285081472,-1.97752847504
zalewst01,142.710335277,9.65351111678,17.8100076003,11.1815059834
abdelju01,-89.3193321321,-8.71671672395,-16.4447056402,4.61767625459
bartuos01,61.4153038438,-23.9334774231,2.15470915601,5.67862681022
bergfni01,-108.730805888,-10.0164001371,-0.783949030635,2.02991104396
blundmi01,86.5759830277,-15.4760541408,3.25149452626,1.90892369427
bollja01,50.1043578033,-30.7799594028,-14.0170032719,0.919543049738
brulegi01,-56.2936731273,-13.4094788002,0.822065082651,-7.88604377069
butlech01,-21.7651080694,-10.6467578782,-4.39272604538,10.2107232674
chornta01,111.760508153,8.76865141916,10.370313475,-0.167853589636
coglian01,-98.5849311937,-21.9215322312,-3.26350910052,0.865976370341
crosbsi01,-135.270105901,21.2999232879,16.768543986,-15.6694161205
cumisky01,-13.4316022891,-16.0854725764,-1.99437123412,-1.70138842841
dagosma01,42.9001082401,-12.263468409,0.0991259578666,6.47404084915
davispa01,133.198756553,-0.603371773096,29.5022595608,-7.93342354447
downist01,-1.94305035611,-12.1255878724,-6.37051253146,-5.71281532396
faynema01,-8.86340541383,-9.68269750027,-8.22620543832,4.27540953131
fransco01,-167.045344456,-7.87795405529,0.0157729525309,5.72085826571
frasema01,68.381484166,-19.3536273829,-28.7684472699,-6.88253202672
gerbena01,-124.081986853,1.2982946368,0.285587982695,-0.597921532856
gragnma01,123.335053114,24.1360438456,-20.0006109243,-2.92508447762
hanzama01,-125.692835317,1.59454222381,7.5537909883,-2.04746874678
helmda01,-141.465248778,-8.81841652793,3.13785724521,3.87686978294
hensitj01,-53.1484688949,-8.31981484572,-1.0803731891,7.02152275443
hjalmni01,-12.7703433013,-32.197999257,-13.5333931287,5.49624662846
hornqpa01,-273.643270216,10.2731435437,6.20190948948,-1.27922974921
johnsja02,-185.988194655,-1.61621896918,-3.62073862839,5.49912644893
jonesbl01,107.504466822,3.83536884232,16.4511505477,11.1329030369
joslide01,64.3389949068,-2.83841891809,0.904624508093,1.56207849773
kenneti01,-23.9500511695,-28.5015247322,-11.6021496843,-2.61866370276
kindlja01,16.7452244179,-3.33120464518,-9.82201454665,7.11767590709
kopitan01,-270.965109194,14.8403854904,7.61124387385,-1.12416794037
lashoma01,144.771633261,2.59091330512,26.0381469101,10.5258991605
latengu01,116.615847481,9.11813524486,7.2806300831,-15.5828772976
leebr01,48.8583253291,-15.5786906941,-2.5678909025,11.5375691544
letankr01,-325.294313095,18.8349166311,6.29871151568,10.6303463086
mcardke01,125.96543949,-11.3595579754,27.6298494894,-4.85157102865
mcquaad01,120.376459996,5.08871142469,-2.59916685875,-3.66271151234
mihalvl01,142.991553798,19.4240629815,-3.22802999291,13.3283314824
mikkebr01,106.773524062,-0.654624296695,3.33021578004,10.1977155395
nealja01,-243.045950947,10.1247292388,-3.12019853878,-0.862888428976
niskama01,-123.913724579,-4.61290219192,-9.5049879338,9.71198064248
omarrry01,124.290401961,2.69515417425,-3.83966169223,-2.06323628482
oreilca01,103.392058656,-2.50841715067,-8.61284942584,-2.85459218197
oshietj01,-182.400554565,-0.442838914428,0.389258307612,-2.61694655256
parenry01,137.81079237,10.8408432966,13.8949085222,11.8469032532
poulibe01,-40.6895965955,-2.44251455373,-0.78134332862,-9.91714190138
pyattto01,18.6795080815,-19.8378972697,-7.78587602877,6.86525798042
raymoma01,-100.592341325,-10.0947016222,-4.29535867172,1.47655274004
ritolma01,72.8977045463,-2.69352048186,4.03473296662,-2.51629362297
russekr01,-60.8374358853,-12.0263299893,-18.0630867811,4.61533730085
ryanbo01,-284.983219899,10.9259214446,5.5741709314,-3.99553818609
sauermi01,9.45580438808,-30.8452338338,-16.1633387119,3.7176179369
setogde01,-177.211263849,4.65377485721,1.96622317323,-3.87842649393
skillja01,-103.925648835,4.77028715527,-9.40113658829,5.76544996054
sobotvl01,-3.26713400374,-19.6576545077,-8.29073115389,-0.996401695
staalma01,-40.8066489081,-33.6603181773,-3.45210518019,-2.01126876054
stastpa01,-27.3903904538,1.79236073569,4.43168410553,-0.565670521477
stoary01,74.0443095431,3.38879776137,5.85099761933,4.25160269888
stralan01,-94.2010363994,-11.6371279449,-5.12603172629,6.30897867746
suttebr04,140.145403445,11.8881188634,8.57574824764,11.4184638519
vandech01,110.935974617,10.032823778,8.31866749553,10.7270817664
vlasima01,-146.760683472,-12.4246067281,1.16885853682,9.02644801871
wandeto01,-22.1666566237,0.0865937277517,-6.16553266061,3.37092110609
yandlke01,-203.39832409,3.55253474669,-12.6113538051,2.51445696533
zubaran01,140.935327184,28.30564439,-21.5846310174,12.1901390459
anisiar01,-117.768465881,-13.8814542959,-5.81260565096,-4.62474302404
backsni02,-211.312501625,3.23862307208,2.19928307623,1.3537467156
belesma01,-19.2657081544,-23.901059083,-4.57632349027,3.70889302251
berglpa01,-236.2061881,-0.299334768939,8.4744161059,0.0359233651729
brassde01,-166.255353899,4.40732400549,-10.5152376625,0.366775300799
cluttca01,-194.699358869,-7.25564238647,19.1584868658,-0.9777185884
daugaka01,-11.4885784421,-20.7530574711,-2.55118351715,2.11513885981
dorsede01,47.819878192,-18.7225948582,0.206269796698,0.228759617876
emmerco01,32.5705365616,-23.7228871546,-28.4033892159,-2.38514025639
ferribe01,30.7572287268,6.38782485291,-2.58962740561,-2.10799687044
foligni01,-83.8572220481,-20.0067894156,-12.778874015,-0.0635250224854
frolimi01,-85.0577539619,-8.55733721526,7.22979216446,6.91210677743
geoffbl01,76.5598665332,-12.4845323576,13.199275577,-0.0404540730848
giroucl01,-166.964757459,-8.70499503158,-2.92477291174,-7.10482244192
grabnmi01,-195.08785973,-2.4031141686,9.24187724394,-7.7074762564
joensje01,66.2161385823,-14.8413301524,6.48255885599,-10.3609103903
johnser01,-170.151212913,4.92286328911,-7.4704585257,10.5230573826
kesseph01,-420.269868607,29.6250298817,23.885272357,2.24407691071
kuldaar01,131.183876824,13.6581905399,-2.11710335187,7.91771596795
kulemni01,-129.625565609,-10.1065484691,-5.97549000315,-2.05368201292
lewistr01,140.514762104,10.2808891817,12.7433284823,11.153137966
littlbr01,-146.062301717,-4.82642485522,-5.61431725466,-3.07117163587
lucicmi01,-139.246801573,-8.59575560291,-12.1061305218,-10.8157289035
macdoan01,39.4900217042,-10.4744144304,-0.461436234267,7.75526978808
marchbr03,-137.584417112,-4.92137605194,-9.65500123777,-10.4480438109
matthsh01,-66.3654418458,-24.0356892817,-5.72750884557,1.72849652017
maxwebe01,129.235155026,11.1967513115,-10.8736639901,-6.98992111216
mcbaija02,-154.8368466,-5.3194450275,-0.113935582211,4.74062425019
mccarjo01,141.378267519,16.5627855318,2.08767966581,11.7750425367
mcginja01,-120.427882022,-13.1574933738,-3.43053655569,-4.63541319933
muellpe01,-11.1897897809,16.2549941059,-1.53859399405,-0.105735948596
mursaja01,109.127058946,14.6753468669,-18.164241798,4.51398370602
nodlan01,-14.2332956284,-23.6810739153,-0.864433530261,-4.08145273492
okposky01,-142.580821112,-11.2056912559,-0.272201545763,-8.60116025098
peckhth01,24.4058838784,-32.8821906691,-5.87715470665,1.0909442761
perrema01,63.8688849188,1.75811471395,-10.6511669184,-13.1984035687
petryje01,23.6858717924,3.13981188001,4.38442078091,8.55190136862
rakhsrh01,135.189441078,4.79531745758,23.3426937952,7.84294389133
sangubo01,137.936223357,15.1063114002,6.05144391679,8.51234070534
sestito01,126.931245703,16.215429447,-4.12381193965,-29.2511449954
shirose01,134.700860942,15.3642099488,1.58236763445,11.209721524
staaljo01,-126.059614077,1.55562556758,5.31645705959,-9.9891804035
stewach02,-106.303851877,2.72076793683,-4.40943211612,-11.5129367427
summech01,110.21031121,6.30031810737,-5.37498105041,10.1922329849
tlustji01,-90.0955240641,-21.8131129081,-0.483976228573,-5.11000798441
toewsjo01,-118.016998323,14.0502149095,-15.8905260245,-8.88895910381
webermi01,15.7717068845,-16.8776617383,-5.69961789369,0.624131206094
whitery01,119.482672598,-6.00007641831,18.0777611119,10.0208287406
zharkvl01,81.4909671219,-4.81885919597,-11.3798063567,3.46028725627
aliuak01,141.438218848,-0.328827898264,32.4477494001,10.0548669871
alzneka01,-11.9792736748,-40.3073614679,-1.74021437545,9.16459904975
anderjo03,72.2533446085,-2.53577635172,-12.548168201,0.754162746423
aulieke01,63.5271636149,-11.8880548011,-5.26977913437,2.53203610637
backlmi01,-2.31351185376,7.96016591146,11.240783791,-1.14831048044
bennja01,-69.1862646435,17.581699924,-0.789386353974,-3.07072051108
blumjo02,83.3164838176,-8.90687907263,8.80068406805,-6.39175040455
boninni01,35.2380568361,-13.0119419546,-2.80778591206,-0.474647687141
borturo01,118.60790775,7.30056679466,1.19404873614,-19.1143805363
bowmadr01,25.6590712468,3.65896600535,-2.46504180264,5.27544505029
braunju01,30.7027693294,9.7563492402,2.96582708491,5.07347089851
brenntj01,35.4637976761,14.1565695173,-8.85137860408,1.67627069091
byronpa01,142.636090884,-1.54680337459,36.6363321947,8.85787443926
coleia01,113.74104505,9.6999177972,-0.0555439647361,11.0836705013
coutulo01,-121.545471521,15.041903567,8.32324135621,-6.77536028003
ellerke01,36.8699734182,-4.54287822898,2.52800979589,11.1548715297
ellerla01,-18.4308492144,-1.38317412628,3.96449634457,-2.43326014966
faircca01,140.203657188,26.2502538802,-21.7727749824,10.6469125449
falkju01,34.7715378487,-16.5264376106,12.2007056972,8.1926593795
frattma01,136.443154505,35.8146958821,-31.0501921338,10.851004776
gagnesa01,-52.1976827263,1.67957664802,8.17258585591,-5.86016104018
galiatj01,-60.5875668968,-17.2027987575,1.16260600303,1.25248005978
gillico01,116.604744589,-8.77328514102,7.82599795853,0.247041885895
gunnaca01,32.0880001149,-5.08850916309,-1.395137601,1.73249605872
hagelca01,-77.9569240248,-5.64706625297,-4.50223356208,-3.14579099117
halisma01,-1.17492363345,-30.6990861582,-5.48305207229,-11.6255676188
hamilza01,116.996163371,9.41177442135,-4.21926751656,8.70261842798
hicketh01,45.3035991714,1.48240589889,-11.3813973472,7.53094734022
jeffrdu01,81.5887736072,2.36124971658,1.94061040101,-5.88833810538
kampfst01,83.9661664753,5.47471822541,2.04623142514,-4.01517553381
kanepa01,-308.628649024,22.651208796,-7.80229247673,2.20981768442
killoal01,6.48554850703,2.48556267429,5.05319038999,-1.06867793293
kingdw01,35.4941967397,-6.91340559938,-8.65686360385,2.28982486646
macenma01,120.0414936,-10.6519681142,6.08750819745,-0.542259328554
machasp01,120.322846475,10.4930759921,-3.99879360154,-19.5939464598
maclebr02,136.511820184,17.1001481977,-2.68828352651,8.9718409516
malonbr01,121.683228294,9.03918485984,3.60629408998,-2.8418302066
martial01,-51.6588562189,-4.79363172932,-7.83456194672,2.43450579255
mcdonry01,-40.9107458735,1.91493302242,4.82898007944,5.97501528369
mclarfr01,144.213540663,0.475144301407,20.4779223402,7.84315957119
mcmilca01,126.050966046,-0.831928768267,23.9104315021,-9.10425185494
muzzija01,-24.1168032698,12.3956248527,-19.7388004603,-0.675459960043
nashri02,78.4414903606,-1.81027772545,-1.8359878696,-4.62515561931
obrieji01,74.3426209791,5.91444512082,-7.40058616553,-1.84387227501
omarkli01,-1.71054424042,-4.85384825242,-6.00366428899,2.68092867193
pacioma01,-328.56927092,18.6106655637,14.6722795425,-1.47736115581
palusaa01,93.6161409219,0.270604407839,3.55841376731,0.170752553619
pelusan01,140.837117992,29.6614445098,-30.6239238587,8.66276019706
perroda01,-66.9925333344,-3.71542756516,2.96315052235,-13.920201891
postmpa01,48.2283370298,8.03390295318,-13.9071956039,-6.29185139302
repikmi01,96.8349583411,9.65371621212,1.30331932165,2.64074685466
shattke01,-203.971886938,0.305321105991,-3.58745321092,7.06127140789
simmowa01,-181.284480387,-3.742633313,-6.62774993831,-6.45882343625
smithbr05,54.1765527027,5.18563194208,-10.6977481793,11.7184285444
spalini01,-28.6923830943,-31.503609782,-1.22170363641,-1.19749137116
subbapk01,-105.040654265,21.8373507038,1.53297661028,0.442034385962
suttebr03,2.19788924916,-15.1498070702,19.1874018275,-8.11386919459
tangrer01,54.5952539202,-7.5419090064,-1.47595240925,7.65635578629
terrych01,140.020777275,28.0321417003,-22.9598350448,-129.958826204
thurean01,140.135222951,3.67997870824,27.9053292425,10.6664914711
toewsjo01,-118.016998323,14.0502149095,-15.8905260245,-8.88895910381
turriky01,-85.097345057,10.8652466476,2.40186597492,-1.66698960222
tyrelda01,107.278435166,4.40780923632,-1.00880481488,1.96454096807
vanrija01,-91.8648691481,8.0930177204,11.150523215,-6.10959515043
voracja01,-75.4046881474,8.36575181637,3.47518750156,-11.4637776993
weberya01,-59.0003021929,-3.95128264306,-4.99010990162,5.55498266325
adamlu01,109.558281491,14.9761766742,-2.7927037759,0.868392458746
atkinca01,-0.231251847973,10.2780214996,-2.12987856879,-3.26403048002
bailejo01,15.2429010082,0.806325664332,4.09720497649,-9.46659588724
barbema01,18.1298729531,-6.1591560575,-8.05636303827,-1.90965478811
boedkmi01,2.66316047506,-1.86108935897,-7.20733534665,-0.153504924911
bogosza01,-113.724992332,5.85675820633,8.69453349984,10.0170426898
borowma01,141.015927444,21.6479761867,-15.6384188819,8.55441617061
boumala01,-15.7002132607,-38.2089852826,4.53484705716,2.876251099
boychza01,116.044027911,17.3267848496,-12.4160134323,0.25679079447
broditj01,-119.612168282,-19.0499644576,1.41432825281,8.19250734337
calvema01,18.4814269421,-3.36740412882,2.68355503103,-8.88036387827
carlsjo01,-51.5601495311,1.86488333177,6.74672286163,2.88151298456
colbojo01,140.779885497,9.35402300836,12.2143257989,9.16623150979
cormipa01,137.665202222,4.58325561656,12.4854999971,6.97886731255
dalpeza01,107.461716719,23.3166430372,-12.6504615276,4.16151586714
delzomi01,-61.5560601212,-8.63290016659,-10.5629491873,8.20106309498
demerja01,-18.4477205843,-7.82175045178,-6.94981258582,4.6858746695
donovma01,-25.7139385786,-0.822236866443,-6.68209980949,9.46675951856
doughdr01,-118.938622286,18.5975634426,0.692497957677,6.27770646562
eberljo01,-222.495632308,3.97252739667,-0.382088105655,-5.8441371088
ennisty01,-39.3239373864,1.29630640916,5.85004708798,-1.0809222882
gardija01,-138.843436436,-16.5009004438,6.5605165359,2.8552700441
gauncca01,129.510788521,17.7780487629,-9.21171787908,9.80192303189
golouco01,126.213093277,13.0969678434,-3.12626496889,0.850124486741
grantde01,92.5775159314,6.81642093405,2.08848637367,10.5733313793
hamontr01,-169.453201648,1.87546800304,7.37402033728,10.9041771182
hayesji01,124.096658149,9.12551012653,7.85684726822,-2.43700601578
henriad01,-87.2188776956,-16.180962493,-8.91772615141,-12.6935002693
hodgsco01,-182.216420819,-3.58177710205,16.90207561,-1.73373751272
holosjo01,55.6649026319,-7.58281478028,3.21084998446,10.6404004292
josiro01,-162.274240369,-4.28683825911,9.80706281433,3.15911121702
karlser01,-370.827051739,25.9279989098,11.0966505991,5.68399932027
kundrto01,79.8606853051,3.98743647624,2.572398975,4.69054839177
larseph01,77.7394235107,-5.99387440754,7.4830252664,1.28389709297
loktian01,-19.5491379782,-11.4342090249,-25.0034243959,-0.758157770516
martima02,33.7624370878,-14.6217368936,5.22966683387,2.13960609691
mcmilbr01,90.9085543342,8.15764115126,-4.63014493727,2.26516012214
myersty01,-63.5578494295,-14.1315511378,12.8869677268,-0.00358716701625
nessaa01,94.4753375671,7.05087946633,2.6511576684,5.59320118673
nyquigu01,55.6197166965,16.7316330788,-7.47305668803,1.82703924771
odeller01,110.240690156,1.28886834701,-16.7686671444,-14.8919765882
olverma01,103.013025014,6.17109016628,4.19132065971,-2.3685939504
pietral01,-80.0931957561,9.92126071717,4.81965928604,5.19604697829
rinalza01,26.8235124334,-29.2182625704,-5.11512954278,6.13684459926
robakco01,117.810008471,6.77260598651,2.38147954713,10.9004796592
sbisalu01,40.4525333117,-5.15566844684,0.452598374014,7.30188984306
scandma01,-56.2554533675,-26.5878357914,1.92868070219,6.84528037974
schenlu01,-21.0219528492,-2.32823880322,5.35407159977,6.69932077493
schulju01,-105.266861263,-14.9928947333,4.25863703876,-1.17003303464
smithbe01,120.47658474,6.21399709517,8.7844622658,-4.79851437283
smithza01,-139.569241742,-16.4522905026,3.81955789689,-1.64634850725
spurgja01,1.14339974817,5.29603448276,-0.475297856458,1.26013886823
stamkst01,-89.3407287792,20.5583808786,8.94905848498,-16.6703135757
stepade01,-218.775551252,-1.01320394955,2.60814482711,2.18625012028
stonemi01,-101.455010532,-6.77406682849,-5.07103009511,2.26479952407
tedenma01,126.247802163,6.56059831557,2.32469556777,-4.26783685966
ullstda01,93.8474438472,2.98277294233,9.63083570125,-0.403306161382
voynovi01,-55.6039759935,5.08161816522,2.20264812406,2.09632150537
warsoda01,126.884362067,24.107239304,-14.3008256463,-4.27991838241
weiseda01,54.4160924767,-51.4603814637,24.4823136436,-1.29918521967
wiercpa01,-75.8473513609,5.79528290237,-2.4056886669,6.6053042252
wilsoco01,81.9813884724,5.08851210102,-2.14007320827,-27.355044047
wingeto01,17.087897787,10.0813081408,-3.47843693028,5.91533701484
wrighja02,59.5890823796,-23.5472440387,-12.0110950211,10.4189463629
ashtoca01,139.012077395,4.62470110064,19.3078380524,10.4428783498
barrity01,-175.27742023,-6.65031600402,1.61017599113,1.08400285245
beckta01,-4.92916133325,-30.7786532097,21.1395930277,-3.16402734965
bourqga01,-59.0100935763,-16.1249086,-13.1735681274,0.899914077673
brownch01,142.130091735,19.2069500877,-8.76316634723,-28.420152145
caronjo01,55.8035623126,-2.22060300787,1.8252022078,8.43657976431
chiarbe01,51.2009318081,-5.37218609984,-2.32137317887,3.60547867564
chiasal01,-136.3252518,-8.57253232592,-7.72754436566,0.64439876482
cizikca01,-22.4178757711,-24.1987305718,-2.90048412081,-2.12160970557
cliffky01,4.01629813271,-23.2657785403,-18.1022941122,5.63723300403
connake01,21.6534257225,6.55770356833,-4.13533938745,8.90458485531
cowenja01,10.7542213311,-25.2122802724,-9.0897538877,-0.183196002633
damigje01,136.500177385,-6.29364634612,36.5769358179,9.84089715152
dehaaca01,-71.289117368,-5.52321399636,-8.61534819503,11.5423094405
deslani01,-8.19637959632,-46.071025935,9.23902413135,1.82748119285
desprsi01,-78.7788778418,-16.3879394599,-7.10523625881,8.44473926454
duchema01,-234.699437774,10.6093376386,11.193440276,-1.13635177567
dumonga01,146.376216041,-5.6199442775,46.731884641,8.61207446143
dumoubr01,139.659590136,4.14873215551,15.06216265,-26.3893737553
eakinco01,-131.503007323,-14.8996990749,4.54236599824,-5.75950871252
ekholma01,13.2042002013,-19.4028218865,-7.98923533123,9.49409607694
ekmanol01,-378.397161202,21.5877932471,22.737199124,3.96454558674
ellisry01,-97.324992818,-16.7762264743,-9.96146479394,5.57468840156
erixoti01,51.0519782238,-0.548915237527,-15.4800009294,3.38621334853
ferrala01,139.887350315,6.14256769512,21.487926508,-27.5395420282
foligma01,29.9943405782,-24.1128143061,5.95810305142,-6.52918576904
geliner01,-104.803403774,6.11361704927,-9.36066514856,4.5347512777
hanowbe01,131.971819826,17.6105045784,-13.6305669149,9.0371464089
haulaer01,-19.7342543872,-28.7966893192,0.763816112888,1.26898719205
hedmavi01,-204.14188905,6.82691533616,-2.60831641647,3.5466849246
hoffmmi02,133.865846882,18.1642511266,2.40898540334,10.9657022337
hollape01,58.0193789021,-12.4548394116,2.50690828798,-9.61967574326
johanma03,-37.3566918534,-26.8102422002,-13.5777083471,1.94668086126
josefja01,26.0605423392,-23.403742156,-6.23883741434,-2.71997332911
kadrina01,-172.81940849,-6.30956611665,4.4329000082,-5.85219908449
kaneev01,-100.753756334,21.7934989856,11.9687475829,1.47279797342
kassiza01,-27.1756242714,-27.0175614661,-2.45436704799,-9.63768083197
klingca01,139.863821575,1.73629015772,28.0979823492,-41.3093199253
knighco01,139.97118757,17.6410766112,-8.62029624414,-25.6783055524
kreidch01,-160.45475233,-6.22687702691,-6.20047315225,-3.94257943508
krugema01,-19.2426868082,-49.5197716932,20.4898774826,0.306030142489
kulikdm01,-118.324435844,-16.6925952014,-3.19191408236,5.2841970177
landean01,52.6988353128,-4.04128264671,-0.175470595997,-2.41855625263
lattami01,86.9463923691,-23.4335921188,-10.6746218356,9.86803517222
lauriol01,115.764479831,2.00820897939,13.7201630229,-10.8810210643
leblalo01,131.163674218,11.2568889694,4.30470976554,8.29351029247
leddyni01,-100.481117257,-12.123029484,-13.7646981733,1.79756461215
leean01,44.3405846678,15.7107503553,-1.26562739404,-7.7731891614
macdela01,138.715350664,4.66827229615,10.7539891105,-62.0767343533
mckencu01,64.101906656,-1.56834419843,-5.40649924624,-2.43251952342
mcnabbr01,119.554396747,3.37182729412,16.4973389497,9.36197702266
moorejo01,-113.037350052,-2.72548749332,-17.8707729425,8.13349360109
morinje01,31.4250286671,-2.73129996066,-6.45649580978,7.15531436856
nestran01,-9.31572906066,-2.68024530844,-15.1655623095,0.115426037119
nolanjo01,95.5877119869,-9.95613685631,-19.3989351042,-2.12734441236
olsendy01,41.8615046295,-6.07057900913,-5.66457426976,4.21304385149
oreilry01,-137.165541086,-17.6039991003,3.28383967223,-0.954018029542
paajama01,129.052648621,7.65282918422,8.83166446462,10.5031915919
palmiky01,-74.5974194169,-1.4558601351,2.07291281382,-5.58371264638
panikri01,-16.7338802391,-30.0041624789,-7.15907842974,-6.00766543001
pirribr01,-101.86220042,14.5496590971,-0.833840555669,-9.34377462433
rissara01,136.49565929,25.1078824513,-17.2018457086,12.0184391335
rundbda01,92.7560562458,14.5503132023,-5.84847427107,11.2699301748
samueph01,141.043690308,9.41293618475,16.1328218116,11.2878734868
savarda01,2.96087429956,-28.2351875467,-4.68034677297,0.566225547547
schenbr01,-162.74641386,-5.70499821478,-9.9013255694,-2.71817795964
schrojo01,95.3926515774,5.99946739637,-8.11232427476,-5.46216249902
shoredr01,102.542226203,2.67668780849,-3.07234838512,-20.2382871881
silfvja01,-47.0462568697,-1.13765386129,1.6993262162,-0.0395881114242
smithcr01,4.99462364894,-6.35518530448,10.2485464224,4.80976579916
smithre01,-156.726114687,-7.13742916891,-8.05490338482,0.682130632304
szwarjo01,135.657631669,-10.2308357472,44.7029687919,-8.39165503497
tatarto01,-141.62321513,2.07636157509,-14.7009220945,-4.16784922885
tavarjo01,-193.438398457,22.4012057559,-1.11682723812,-4.39731011249
timmisc01,136.647685634,4.43045014497,25.8610718728,9.54649621282
urbomal01,109.424145926,1.86570736868,5.54084198319,0.550665709704
varonph01,123.828112295,25.5958180613,-21.6204304527,1.25069650091
vatansa01,-104.271719448,-2.94207911093,-5.38219722316,-0.817524478056
veyli01,9.85931258869,-30.1266958857,-15.3685885651,-11.6293415174
wilsoga01,138.153269313,16.1925926979,8.95810101615,13.4588634635
agostke01,142.92717265,6.59069989359,24.6466966858,12.1994411163
bennebe01,-5.13886470175,-4.00600337173,-2.71660171336,4.73383765621
biegada01,119.450761936,17.7277978216,-6.49939611895,11.6785481897
bjugsni01,-135.249476236,-3.43968720919,8.01490230203,0.381341771024
brickco01,124.954928311,-0.599580684861,-2.8603495663,-2.22625128246
bulmebr01,145.806104907,-3.19683361148,42.56682309,9.50776217924
carrisa01,142.424669449,29.6473776872,-21.037890601,10.4249177451
chapumi01,133.139850993,15.0348082222,-4.71793528472,-6.80962551906
connobr01,-34.7711823175,-21.2694787357,-6.20145676876,-1.49917322323
coylech01,-97.830996713,-19.7889512659,-8.23959419052,-8.44761869232
cunnicr01,142.106111406,33.4586388803,-29.4257790803,9.92597594646
davidbr01,124.243340956,6.32126598724,9.1001207224,-10.1473953318
donskjo01,-53.4574421415,-21.0706094863,-10.6831212242,-2.21243703546
ellismo01,139.092975804,13.9776381646,7.31375210466,7.97946755598
etemem01,-42.9360058955,-12.8225932377,10.4288799502,2.02577919222
fastje01,48.4157314926,-26.1499748528,-0.766806930113,-5.20646981838
faulkju01,-244.400405623,18.5606464055,15.8670465228,2.92041858142
ferlami01,-52.130041221,-20.9653685438,0.806580028832,7.72886846267
floreju01,137.47018906,8.23647300381,15.9785041276,-20.3214795033
forbode01,113.775538941,14.9737640961,-9.53127118665,1.23925688112
fowleca01,-53.3076251289,-26.6465904834,-7.87799989399,1.41948664927
galiest01,139.965557527,29.117593035,-25.1384426661,-61.1596165905
gallabr01,-134.275870802,16.3310455156,-0.828411832041,-2.95269448245
gormlbr01,110.283400588,-0.531760123727,-3.27366605816,9.41483033708
granbpe01,120.153844159,-7.17246403839,3.39399246061,9.3320405635
granlmi01,-136.298887018,-8.01657168366,-15.6617310915,2.30486471769
graveke01,133.634104281,22.2696163323,-11.2109343491,8.42120463003
gudasra01,-113.733241289,-9.91812677123,-0.801910669713,9.23003083162
gudbrer01,-92.5517501698,-20.6441387,4.90073160712,7.82179167215
hallta02,-170.539677802,21.1334773105,5.39400559364,0.532006464491
hamilfr01,122.080264477,0.531651417466,8.05667696562,-4.18839259402
hayeske01,-108.996995852,-9.31433172575,-17.9398171972,-2.56392377029
hishojo01,115.884553992,3.70067649763,15.4814250675,1.84891745787
hymanza01,75.8018920916,22.2497553191,-12.8469024362,-4.47005892573
jarnkca01,-42.1775618818,-17.5144022733,-17.5680894353,1.90029338359
johanry01,-163.341634823,-6.64313077685,-3.68219961973,2.55687562488
johnsst03,113.924790968,5.88660240823,9.83597096211,0.133769696065
klingjo01,-223.178724105,6.96062925836,2.38147314215,6.09701702872
kuzneev01,-181.679180507,-3.18521311279,-8.163632965,-1.5219963607
larssjo02,-54.6884920827,-28.337088156,9.51909442458,-2.68424831499
lindbos02,142.532554177,47.6787015956,-56.380331454,9.99501571265
marinma01,-42.5455298004,-11.6308490674,-8.23510670973,9.62061936409
mcfarjo01,143.291482897,-7.31807706951,50.6872848467,9.81057558228
mcginty01,111.596309321,2.24898612943,7.64957957994,-26.1497873287
mcilrdy01,72.1716315341,-4.36283254686,0.390033273786,-0.141073864112
mckeggr01,121.345958106,5.49132596998,4.16071252782,-11.4345731975
merrijo01,81.7298171134,-12.3798353815,-15.1732885251,6.19165196946
nelsobr01,-182.327450215,-9.65033931313,4.92901140712,-0.94612351595
nemetpa01,58.6807590878,-5.84981339815,0.504153978629,11.2192260874
niedeni01,-133.477692936,-12.0007874617,-10.3460208264,-4.69939426976
nordsjo02,-34.642198754,-24.2317520836,-0.218318108078,-5.2669283773
petroal01,21.2715690815,-27.3398095444,-5.47394922449,5.32001268568
pitlity01,103.617567195,3.69432835471,10.510693455,-5.35580738539
proutda01,29.1668839117,-9.83603070749,-4.22724893937,6.58731925049
pulkkte01,7.58555003807,18.8396796772,-13.5227321157,-0.0941223975509
pysykma01,134.308540728,-1.25794588152,29.5313944937,-62.1624613413
rustbr01,26.9588580195,-7.23331894827,8.69959052275,2.67548582785
schwaja01,36.5344835834,10.154402325,-11.9796979911,-7.45995937141
seguity01,-375.506805817,36.3707697902,16.3809393578,-3.18223677351
sheahri01,-84.5062218551,-13.7832203432,-19.1146619799,-1.86119066441
shuggju01,142.724106277,8.05292772393,18.1581690116,8.79553210136
skinnje01,-295.526952731,15.6402481423,0.923560592564,-0.847972527253
smithde06,-12.5313263305,-24.6820478562,7.54641304707,-9.8271968581
spoonry01,29.6436002014,12.6576866638,-4.51057475605,-4.72495093528
stonema01,-135.369216086,-5.44575850351,-5.92765711525,-7.81189453498
tarasvl01,-370.704776689,33.2503917887,6.26121629221,-5.00175082533
thomach01,133.234134875,15.9319808074,-2.20415093942,8.99313947541
tinorja01,135.231783121,4.66658434439,13.600354754,9.87161918244
toewsjo01,-118.016998323,14.0502149095,-15.8905260245,-8.88895910381
trotmza01,138.425996666,25.8422214907,-14.1478583361,10.0145591814
wagnech01,131.467004702,6.26272312463,13.435645941,10.0471049536
wealjo01,133.479213145,5.27932529421,2.16342071517,8.98748144191
zuckeja01,-53.122443952,4.04043618091,-3.60006081213,-11.1227015326
andrean01,115.749084593,7.95886831294,-5.11077908995,-10.8112564594
armiajo01,112.6771262,11.6143300359,6.65458501649,1.74049450288
baertsv01,-50.8994953806,-17.3954459772,-2.2733290388,-7.49677115474
beaulna01,-6.94778983062,-18.6337478467,-6.10865843212,8.37423120564
bouchre01,118.561164338,11.2886579331,8.11994888365,8.47447951467
brodijo01,74.9339090622,4.15476884562,10.1573299668,1.99600055742
claesfr01,108.688602306,5.9771372162,7.60158385557,11.2604888915
clendad01,59.3619374865,5.23445742189,-1.57505166892,6.61064300263
cousini01,96.307236869,12.8494645312,-11.6484387606,-3.85814028003
coutuse01,-62.0210964916,-12.1819774048,4.58103208831,-0.792183406317
dahlbkl01,89.1305852523,-4.27683721014,19.8275988552,3.24305947215
danauph01,83.1965714213,-9.11689928621,30.1437409193,-11.6392600348
demeldy01,139.595784902,9.12321435432,18.3689312143,-26.7898653951
dzingry01,95.7995096492,-3.7452540361,-1.03155680388,-9.49930297868
edmunjo01,116.251444972,14.3786546696,-5.72764296607,10.9706006937
fribema01,140.578214959,9.36750519882,13.6503021193,10.043829033
gaudrjo01,70.9535719855,23.5860293963,-13.7338789984,-4.3339002091
granlma01,74.9161063546,8.03475616522,1.00772083031,-6.41770841879
graovty01,120.459541929,10.9479807132,-3.49821159342,-16.3153402228
hamildo01,21.1020438373,11.2835523939,8.95084512742,7.71158426922
harrisc01,141.869231263,28.0427097544,-20.62165861,9.80090210996
jaskidm01,105.051548529,5.89067835503,-4.36671712619,9.18282626211
jennebo01,56.9724252748,8.10044161117,12.5919928865,4.93856265533
jokipjy01,37.6569068503,-9.851683187,-11.9319951013,11.2702745083
jurcoto01,63.9193195874,-13.3385785653,-0.524607906357,-2.33417908824
karlswi01,-44.2418901182,-30.3324206349,-6.62084440799,0.682374009788
klefbos01,30.1167794685,14.4744332614,3.48016561719,4.69206250009
kucheni01,8.5534260232,18.5253188011,4.91246678347,-14.2449390835
landega01,-112.347134395,-10.7381725553,-4.25961521708,-3.78982973436
larssad01,-19.7309130008,-45.5993532426,11.5346986193,5.02794554947
lessilu01,120.723992262,5.99012901638,10.0612258235,-1.57855102155
lowryad01,84.6018524046,-4.07013875743,15.3932624687,-13.6467722771
mansojo01,86.6628317344,1.63366998289,-3.11156518602,10.8523328697
marchal01,124.368513888,18.8920489093,-19.4376034605,-9.64734246519
mayfisc01,133.210972365,4.37600880872,23.3557686581,-24.0567577008
mccorma01,89.658962398,7.64416499324,2.36478570566,3.27227385667
merscmi01,111.480623607,1.0604248734,13.2246905565,2.87447911653
millejt01,59.0503700342,2.46388131755,14.1635140861,-11.8529985254
morrojo02,60.7014982513,-1.64136099337,3.31849878823,7.54970714821
murphco02,92.1893722161,1.65102862906,13.8009674864,11.0610676071
murphry01,138.811869376,23.9871659183,-10.1423487179,13.2313627943
namesvl01,-42.5135437065,-24.2183008621,-18.3032683772,-6.7218854882
nesteni01,90.2404584418,14.6833655515,-10.1963424546,-2.01832165097
nietoma01,-14.1109658886,-25.0007116094,2.26139483519,-0.235272910378
nugenry01,24.5752162205,16.6513045761,1.50188530299,5.81603303882
ogararo01,143.132302178,11.4092260905,11.2567351771,8.62073137952
oleksja01,115.325605508,7.8238312088,-5.75183088509,10.8768362877
ouellxa01,126.763468162,13.6686860196,1.25461022181,8.49323966999
pakarii01,91.2681766877,15.3371524825,-6.52354135668,6.61858266908
palaton01,-132.288141572,-3.7542404111,-11.4630089094,-3.84540461883
princsh01,-17.2596798037,-14.9629514996,-5.51958762591,1.49626965257
puempma01,90.8476422761,-2.18703305532,7.95915999956,-0.977582863978
quineal01,125.556804346,0.918323767798,16.8528118576,-3.51586997197
rakelri01,77.4247843307,10.6489368577,13.6129692567,-20.9609896855
raskvi01,48.1586650733,18.4058207898,-7.38809790565,-11.7447347324
rattity01,144.928202985,29.8016029844,-27.9351596087,9.28876584732
rauky01,117.194539801,12.1208119258,6.79589684621,10.175346645
reillmi01,112.824531554,24.190300323,-15.6572451497,9.95511322906
riedeto01,-210.821466571,-0.886009879192,-0.131885413113,3.58720163058
ritchbr01,58.681982079,-3.41189229699,26.7319322795,-7.54337159482
saadbr01,-257.517655688,9.67250318642,6.3658910074,-4.73773402536
salommi01,145.036645038,-15.8802602539,67.7122411531,11.2153985537
scheima01,39.6111198401,10.7547873564,3.74399244502,-17.8876532081
sedlalu01,108.251943461,11.2123292723,-11.8441912704,8.66483981018
shawan01,-94.3395658506,-11.0651893332,-20.2711041434,-1.19829554401
shoreni01,-18.6748258331,-14.1968552838,-20.1689496534,8.45710256753
stromry01,88.7420784893,7.42342904975,3.33986872368,1.64142202138
toewsjo01,-118.016998323,14.0502149095,-15.8905260245,-8.88895910381
trochvi01,36.1962371159,13.8780359901,4.28880414805,-4.26320807506
wilsosc01,83.6923617904,7.60701876755,-5.78271402249,-7.78222852525
zibanmi01,54.6402500678,14.1407723611,4.69361424429,-4.64692091696
abergpo01,134.040431522,6.83394988281,9.81000958658,-12.1571130971
brownco02,87.9087985597,0.937673193373,8.77933704198,-3.40816353045
cecico01,65.1580823966,5.52453907694,10.3143151555,11.536098431
digiuph01,108.30627396,23.1456972454,-17.4775386064,12.080830479
faksara01,71.0200041165,-2.71998557254,20.265514352,3.23018355439
frkma01,144.372455553,2.13540614174,36.8106055674,13.8172356729
girgeze01,82.4347031069,7.26824107937,1.55156013911,6.99368946049
gostish01,-9.21924299205,32.1028855675,-13.1700288807,2.75190656514
griffse01,142.635206707,7.15221054109,22.2090385182,12.848633194
gustaer02,10.7165251469,6.50943189387,-12.0360410328,10.6129073811
hertlto01,74.702573759,14.4704139999,0.639548662087,-3.62099652456
huttobe01,57.0156560868,11.5627233804,1.6619073801,2.23545485946
kulakbr01,104.050262989,8.00554397334,6.45029100611,9.7853536928
lindbpe02,130.418741768,16.6471989761,3.02131097543,11.7213562304
lindhha01,109.339511285,13.6207670183,3.85893927305,9.44892702488
loovvi01,138.234939926,29.2895051071,-28.0602926453,4.44112103411
martijo01,-71.663213564,-28.2180528322,0.408686244789,0.742842712427
mccabja01,93.7036858309,4.38570552132,2.52330326799,10.7913795695
milleco02,0.61467843808,10.4382396793,-17.4373302606,4.39372760833
murrary01,116.803556837,0.84601593272,13.829534791,9.72725788768
paquece01,98.2274102261,-3.88966730624,14.4889443382,4.01114889573
parayco01,17.7452000464,20.2242937559,-0.646805773332,11.6696000921
pearsta01,-128.864009853,-8.9494274377,-11.5242993892,-2.25126652014
poulide01,145.109386838,-0.597453141981,38.1118839521,9.34939322154
sissoco01,128.72016178,-17.396568362,37.5497655168,-25.6938195347
veseyji02,72.9221705683,0.423788387115,12.7126159496,-20.2953379243
woodsbr01,140.79140301,8.60057654184,12.3112992833,9.62743810073
yakupna01,111.332425194,23.864746179,-29.7368169966,-7.62246383166
andrisv01,137.769944282,13.4662082821,6.01971517253,9.8048447079
janmama02,-75.7022102126,-12.6288108019,-11.7596715973,-7.23153516759
quineal01,125.556804346,0.918323767798,16.8528118576,-3.51586997197
vermijo01,140.428361981,16.3924793541,-5.50857646795,7.65875022901
arvidvi01,33.3947828882,20.5486645185,-6.01161449394,-2.99105659292
