,gm_result,age,ith_game,gm_loc,goals_all,assists_all,plus_minus,pen_min,goals_ev,goals_pp,goals_sh,assists_pp,assists_ev,assists_sh,num_shifts,time_on_ice,hits_all,blocks_all,fc_win,fc_loss,ShotHand,Position,Url,Name,response_assists,response_goal,response_points,Year,Height,Weight,Drafts,draft_years
0,0.3,19.247,5.5,0.2,0.0,0.5,-0.1,0.2,0.0,0.0,0.0,0.3,0.2,0.0,19.9,15.313,0.3,0.1,0.0,0.0,L,R,a/ahose01,Sebastian Aho,4.0,0.0,4.0,2017,180,172,35,2015
1,0.3,19.253,6.5,0.3,0.0,0.4,-0.3,0.0,0.0,0.0,0.0,0.2,0.2,0.0,20.1,15.486,0.5,0.1,0.0,0.0,L,R,a/ahose01,Sebastian Aho,3.0,0.0,3.0,2017,180,172,35,2015
2,0.3,19.26,7.5,0.3,0.0,0.3,-0.3,0.0,0.0,0.0,0.0,0.1,0.2,0.0,19.9,15.384,0.4,0.2,0.0,0.0,L,R,a/ahose01,Sebastian Aho,3.0,0.0,3.0,2017,180,172,35,2015
3,0.3,19.266,8.5,0.4,0.0,0.4,-0.2,0.0,0.0,0.0,0.0,0.1,0.3,0.0,19.7,14.959,0.4,0.2,0.0,0.1,L,R,a/ahose01,Sebastian Aho,2.0,0.0,2.0,2017,180,172,35,2015
4,0.3,19.272,9.5,0.5,0.2,0.4,0.1,0.0,0.2,0.0,0.0,0.1,0.3,0.0,20.1,14.941,0.4,0.2,0.0,0.1,L,R,a/ahose01,Sebastian Aho,0.0,0.0,0.0,2017,180,172,35,2015
5,0.4,19.279,10.5,0.6,0.2,0.2,0.1,0.0,0.2,0.0,0.0,0.0,0.2,0.0,20.1,15.111,0.5,0.1,0.0,0.1,L,R,a/ahose01,Sebastian Aho,0.0,0.0,0.0,2017,180,172,35,2015
6,0.5,19.286,11.5,0.7,0.2,0.3,0.0,0.0,0.2,0.0,0.0,0.0,0.3,0.0,20.5,15.214,0.5,0.1,0.0,0.1,L,R,a/ahose01,Sebastian Aho,0.0,0.0,0.0,2017,180,172,35,2015
7,0.5,19.292,12.5,0.7,0.2,0.3,-0.1,0.0,0.2,0.0,0.0,0.0,0.3,0.0,19.9,14.901,0.4,0.1,0.0,0.1,L,R,a/ahose01,Sebastian Aho,1.0,0.0,1.0,2017,180,172,35,2015
8,0.6,19.299,13.5,0.6,0.2,0.3,0.0,0.0,0.2,0.0,0.0,0.0,0.3,0.0,19.2,14.628,0.4,0.1,0.0,0.1,L,R,a/ahose01,Sebastian Aho,2.0,2.0,4.0,2017,180,172,35,2015
9,0.6,19.305,14.5,0.6,0.2,0.3,-0.1,0.0,0.2,0.0,0.0,0.0,0.3,0.0,19.6,14.536,0.5,0.1,0.0,0.1,L,R,a/ahose01,Sebastian Aho,2.0,2.0,4.0,2017,180,172,35,2015
10,0.5,19.311,15.5,0.6,0.3,0.3,-0.1,0.0,0.3,0.0,0.0,0.0,0.3,0.0,20.1,14.902,0.5,0.1,0.0,0.1,L,R,a/ahose01,Sebastian Aho,3.0,2.0,5.0,2017,180,172,35,2015
11,0.6,19.317,16.5,0.6,0.3,0.3,0.0,0.0,0.3,0.0,0.0,0.0,0.3,0.0,20.2,14.641,0.3,0.1,0.0,0.1,L,R,a/ahose01,Sebastian Aho,3.0,2.0,5.0,2017,180,172,35,2015
12,0.6,19.323,17.5,0.6,0.3,0.3,0.0,0.0,0.3,0.0,0.0,0.0,0.3,0.0,20.8,15.095,0.3,0.0,0.1,0.1,L,R,a/ahose01,Sebastian Aho,2.0,2.0,4.0,2017,180,172,35,2015
13,0.6,19.329,18.5,0.5,0.3,0.2,-0.1,0.0,0.3,0.0,0.0,0.0,0.2,0.0,21.4,15.755,0.4,0.0,0.1,0.0,L,R,a/ahose01,Sebastian Aho,1.0,0.0,1.0,2017,180,172,35,2015
14,0.5,19.335,19.5,0.4,0.1,0.1,-0.4,0.0,0.1,0.0,0.0,0.0,0.1,0.0,21.4,16.261,0.3,0.0,0.5,0.2,L,R,a/ahose01,Sebastian Aho,1.0,1.0,2.0,2017,180,172,35,2015
15,0.5,19.34,20.5,0.4,0.1,0.1,-0.4,0.2,0.1,0.0,0.0,0.0,0.1,0.0,21.6,16.224,0.2,0.0,0.6,0.6,L,R,a/ahose01,Sebastian Aho,0.0,1.0,1.0,2017,180,172,35,2015
16,0.4,19.345,21.5,0.3,0.2,0.1,-0.2,0.2,0.2,0.0,0.0,0.0,0.1,0.0,22.0,16.404,0.2,0.0,0.6,0.6,L,R,a/ahose01,Sebastian Aho,0.0,1.0,1.0,2017,180,172,35,2015
17,0.4,19.35,22.5,0.2,0.2,0.1,-0.1,0.2,0.2,0.0,0.0,0.0,0.1,0.0,22.5,16.511,0.3,0.0,0.6,0.7,L,R,a/ahose01,Sebastian Aho,0.0,1.0,1.0,2017,180,172,35,2015
18,0.3,19.355,23.5,0.2,0.2,0.1,-0.2,0.2,0.2,0.0,0.0,0.0,0.1,0.0,23.4,16.996,0.3,0.0,0.6,0.7,L,R,a/ahose01,Sebastian Aho,0.0,1.0,1.0,2017,180,172,35,2015
19,0.4,19.36,24.5,0.3,0.3,0.1,0.0,0.2,0.3,0.0,0.0,0.0,0.1,0.0,23.1,17.046,0.2,0.0,0.6,0.7,L,R,a/ahose01,Sebastian Aho,0.0,0.0,0.0,2017,180,172,35,2015
20,0.4,19.365,25.5,0.4,0.2,0.3,0.0,0.2,0.2,0.0,0.0,0.1,0.2,0.0,23.3,17.088,0.3,0.0,0.7,0.7,L,R,a/ahose01,Sebastian Aho,1.0,1.0,2.0,2017,180,172,35,2015
21,0.4,19.37,26.5,0.4,0.2,0.3,0.0,0.2,0.2,0.0,0.0,0.1,0.2,0.0,23.6,17.788,0.5,0.0,0.8,0.7,L,R,a/ahose01,Sebastian Aho,1.0,1.0,2.0,2017,180,172,35,2015
22,0.5,19.376,27.5,0.4,0.3,0.3,0.2,0.2,0.3,0.0,0.0,0.1,0.2,0.0,23.0,17.609,0.7,0.1,0.7,0.7,L,R,a/ahose01,Sebastian Aho,1.0,1.0,2.0,2017,180,172,35,2015
23,0.6,19.382,28.5,0.5,0.3,0.3,0.3,0.2,0.3,0.0,0.0,0.1,0.2,0.0,23.1,17.689,0.9,0.1,0.7,0.7,L,R,a/ahose01,Sebastian Aho,1.0,2.0,3.0,2017,180,172,35,2015
24,0.6,19.388,29.5,0.5,0.3,0.4,0.4,0.2,0.3,0.0,0.0,0.1,0.3,0.0,23.6,17.729,1.0,0.1,0.3,0.6,L,R,a/ahose01,Sebastian Aho,3.0,2.0,5.0,2017,180,172,35,2015
25,0.6,19.395,30.5,0.5,0.3,0.5,0.5,0.0,0.3,0.0,0.0,0.1,0.4,0.0,23.6,17.699,1.2,0.1,0.2,0.2,L,R,a/ahose01,Sebastian Aho,2.0,1.0,3.0,2017,180,172,35,2015
26,0.6,19.401,31.5,0.5,0.3,0.4,0.4,0.0,0.3,0.0,0.0,0.1,0.3,0.0,23.1,17.577,1.4,0.1,0.2,0.2,L,R,a/ahose01,Sebastian Aho,2.0,2.0,4.0,2017,180,172,35,2015
27,0.5,19.408,32.5,0.6,0.4,0.4,0.3,0.0,0.4,0.0,0.0,0.1,0.3,0.0,23.1,17.847,1.3,0.1,0.2,0.1,L,R,a/ahose01,Sebastian Aho,2.0,2.0,4.0,2017,180,172,35,2015
28,0.6,19.415,33.5,0.6,0.4,0.4,0.4,0.0,0.4,0.0,0.0,0.1,0.3,0.0,22.4,17.17,1.3,0.1,0.2,0.1,L,R,a/ahose01,Sebastian Aho,3.0,1.0,4.0,2017,180,172,35,2015
29,0.5,19.422,34.5,0.5,0.3,0.4,0.2,0.0,0.3,0.0,0.0,0.1,0.3,0.0,22.5,17.377,1.5,0.2,0.3,0.3,L,R,a/ahose01,Sebastian Aho,2.0,1.0,3.0,2017,180,172,35,2015
30,0.6,19.428,35.5,0.5,0.5,0.2,0.4,0.0,0.5,0.0,0.0,0.0,0.2,0.0,21.8,17.179,1.4,0.2,0.2,0.4,L,R,a/ahose01,Sebastian Aho,2.0,2.0,4.0,2017,180,172,35,2015
31,0.6,19.435,36.5,0.5,0.5,0.2,0.3,0.2,0.5,0.0,0.0,0.0,0.2,0.0,21.5,16.679,1.2,0.2,0.2,0.4,L,R,a/ahose01,Sebastian Aho,2.0,2.0,4.0,2017,180,172,35,2015
32,0.6,19.441,37.5,0.6,0.4,0.2,0.0,0.2,0.4,0.0,0.0,0.0,0.2,0.0,21.6,16.638,1.0,0.1,0.3,0.4,L,R,a/ahose01,Sebastian Aho,2.0,2.0,4.0,2017,180,172,35,2015
33,0.6,19.447,38.5,0.6,0.4,0.2,0.2,0.2,0.4,0.0,0.0,0.0,0.2,0.0,21.0,16.201,0.7,0.1,0.3,0.4,L,R,a/ahose01,Sebastian Aho,1.0,2.0,3.0,2017,180,172,35,2015
34,0.6,19.453,39.5,0.6,0.5,0.1,0.2,0.2,0.5,0.0,0.0,0.0,0.1,0.0,20.3,15.951,0.7,0.2,0.3,0.4,L,R,a/ahose01,Sebastian Aho,0.0,4.0,4.0,2017,180,172,35,2015
35,0.5,19.459,40.5,0.6,0.5,0.0,-0.2,0.2,0.5,0.0,0.0,0.0,0.0,0.0,20.3,15.839,0.5,0.3,0.3,0.4,L,R,a/ahose01,Sebastian Aho,0.0,3.0,3.0,2017,180,172,35,2015
36,0.5,19.465,41.5,0.6,0.5,0.0,-0.5,0.2,0.4,0.1,0.0,0.0,0.0,0.0,20.1,15.638,0.3,0.3,0.3,0.4,L,R,a/ahose01,Sebastian Aho,0.0,2.0,2.0,2017,180,172,35,2015
37,0.5,19.471,42.5,0.5,0.4,0.1,-0.5,0.2,0.3,0.1,0.0,0.1,0.0,0.0,20.1,15.249,0.3,0.4,0.3,0.4,L,R,a/ahose01,Sebastian Aho,0.0,2.0,2.0,2017,180,172,35,2015
38,0.4,19.476,43.5,0.6,0.4,0.1,-0.6,0.2,0.3,0.1,0.0,0.1,0.0,0.0,20.5,15.719,0.4,0.4,0.3,0.4,L,R,a/ahose01,Sebastian Aho,0.0,3.0,3.0,2017,180,172,35,2015
39,0.5,19.519,39.7,0.6,0.4,0.2,0.0,0.2,0.3,0.1,0.0,0.1,0.1,0.0,21.0,15.797,0.2,0.4,0.2,0.2,L,R,a/ahose01,Sebastian Aho,0.0,1.0,1.0,2017,180,172,35,2015
40,0.4,19.563,35.9,0.5,0.2,0.2,-0.3,0.2,0.1,0.1,0.0,0.1,0.1,0.0,21.8,16.43,0.3,0.7,0.2,0.1,L,R,a/ahose01,Sebastian Aho,0.0,2.0,2.0,2017,180,172,35,2015
41,0.4,19.606,32.1,0.4,0.3,0.2,0.2,0.2,0.2,0.1,0.0,0.1,0.1,0.0,22.7,17.283,0.3,0.9,0.1,0.1,L,R,a/ahose01,Sebastian Aho,1.0,2.0,3.0,2017,180,172,35,2015
42,0.4,19.649,28.3,0.4,0.3,0.2,0.3,0.2,0.2,0.1,0.0,0.1,0.1,0.0,23.6,18.153,0.4,1.5,0.0,0.1,L,R,a/ahose01,Sebastian Aho,1.0,2.0,3.0,2017,180,172,35,2015
43,0.4,19.379,5.5,0.8,0.1,0.4,0.3,0.2,0.1,0.0,0.0,0.0,0.4,0.0,15.6,11.439,1.5,0.2,0.5,0.4,L,L,b/beauvan01,Anthony Beauvillier,3.0,1.0,4.0,2017,178,173,28,2015
44,0.4,19.387,6.5,0.8,0.1,0.3,0.2,0.0,0.1,0.0,0.0,0.0,0.3,0.0,15.1,11.085,1.2,0.2,0.5,0.4,L,L,b/beauvan01,Anthony Beauvillier,3.0,1.0,4.0,2017,178,173,28,2015
45,0.3,19.395,7.5,0.8,0.1,0.3,0.2,0.0,0.1,0.0,0.0,0.0,0.3,0.0,15.7,11.477,1.0,0.3,0.4,0.5,L,L,b/beauvan01,Anthony Beauvillier,3.0,0.0,3.0,2017,178,173,28,2015
46,0.3,19.404,8.5,0.8,0.1,0.3,0.2,0.0,0.1,0.0,0.0,0.0,0.3,0.0,15.9,11.838,1.0,0.3,0.8,0.8,L,L,b/beauvan01,Anthony Beauvillier,2.0,0.0,2.0,2017,178,173,28,2015
47,0.3,19.413,9.5,0.7,0.1,0.2,0.2,0.2,0.1,0.0,0.0,0.0,0.2,0.0,16.5,12.417,1.1,0.3,0.8,0.8,L,L,b/beauvan01,Anthony Beauvillier,0.0,0.0,0.0,2017,178,173,28,2015
48,0.2,19.421,10.5,0.6,0.1,0.0,0.0,0.2,0.1,0.0,0.0,0.0,0.0,0.0,16.8,12.814,1.3,0.2,0.8,0.8,L,L,b/beauvan01,Anthony Beauvillier,0.0,0.0,0.0,2017,178,173,28,2015
49,0.2,19.43,11.5,0.5,0.1,0.0,0.0,0.2,0.1,0.0,0.0,0.0,0.0,0.0,16.5,12.706,1.1,0.1,0.8,0.8,L,L,b/beauvan01,Anthony Beauvillier,0.0,0.0,0.0,2017,178,173,28,2015
50,0.3,19.438,12.5,0.6,0.1,0.0,0.1,0.2,0.1,0.0,0.0,0.0,0.0,0.0,16.8,13.073,1.0,0.1,0.8,0.8,L,L,b/beauvan01,Anthony Beauvillier,0.0,1.0,1.0,2017,178,173,28,2015
51,0.3,19.447,13.5,0.6,0.1,0.1,0.0,0.2,0.1,0.0,0.0,0.0,0.1,0.0,16.2,12.538,0.9,0.3,1.5,1.1,L,L,b/beauvan01,Anthony Beauvillier,0.0,1.0,1.0,2017,178,173,28,2015
52,0.4,19.457,14.5,0.6,0.1,0.1,0.1,0.2,0.1,0.0,0.0,0.0,0.1,0.0,16.2,12.699,0.7,0.4,1.6,1.3,L,L,b/beauvan01,Anthony Beauvillier,0.0,1.0,1.0,2017,178,173,28,2015
53,0.4,19.468,15.5,0.6,0.1,0.1,0.1,0.2,0.1,0.0,0.0,0.0,0.1,0.0,16.6,12.683,0.7,0.5,1.6,1.6,L,L,b/beauvan01,Anthony Beauvillier,0.0,1.0,1.0,2017,178,173,28,2015
54,0.4,19.477,16.5,0.6,0.1,0.1,0.1,0.2,0.1,0.0,0.0,0.0,0.1,0.0,17.1,13.173,0.6,0.6,1.6,1.6,L,L,b/beauvan01,Anthony Beauvillier,0.0,1.0,1.0,2017,178,173,28,2015
55,0.4,19.486,17.5,0.6,0.2,0.1,0.1,0.2,0.2,0.0,0.0,0.0,0.1,0.0,17.2,13.153,0.6,0.5,1.6,1.4,L,L,b/beauvan01,Anthony Beauvillier,1.0,0.0,1.0,2017,178,173,28,2015
56,0.5,19.494,18.5,0.5,0.1,0.1,0.0,0.4,0.1,0.0,0.0,0.0,0.1,0.0,17.6,13.118,0.7,0.5,1.2,1.2,L,L,b/beauvan01,Anthony Beauvillier,1.0,0.0,1.0,2017,178,173,28,2015
57,0.5,19.502,19.5,0.6,0.2,0.1,0.0,0.2,0.2,0.0,0.0,0.0,0.1,0.0,17.1,12.639,0.6,0.6,1.2,1.2,L,L,b/beauvan01,Anthony Beauvillier,1.0,0.0,1.0,2017,178,173,28,2015
58,0.6,19.511,20.5,0.7,0.2,0.1,-0.1,0.2,0.2,0.0,0.0,0.0,0.1,0.0,16.6,12.26,0.5,0.7,1.2,1.3,L,L,b/beauvan01,Anthony Beauvillier,1.0,0.0,1.0,2017,178,173,28,2015
59,0.6,19.52,21.5,0.7,0.2,0.1,-0.2,0.2,0.2,0.0,0.0,0.0,0.1,0.0,16.1,11.795,0.6,0.7,1.2,1.3,L,L,b/beauvan01,Anthony Beauvillier,1.0,1.0,2.0,2017,178,173,28,2015
60,0.6,19.533,22.5,0.6,0.2,0.2,-0.1,0.2,0.2,0.0,0.0,0.0,0.2,0.0,16.0,11.445,0.7,0.8,1.2,1.3,L,L,b/beauvan01,Anthony Beauvillier,0.0,1.0,1.0,2017,178,173,28,2015
61,0.5,19.545,23.5,0.5,0.2,0.2,-0.2,0.2,0.2,0.0,0.0,0.0,0.2,0.0,16.6,11.57,0.9,0.6,0.5,1.2,L,L,b/beauvan01,Anthony Beauvillier,0.0,2.0,2.0,2017,178,173,28,2015
62,0.5,19.556,24.5,0.4,0.2,0.2,-0.1,0.2,0.2,0.0,0.0,0.0,0.2,0.0,16.5,11.59,1.1,0.5,0.1,0.9,L,L,b/beauvan01,Anthony Beauvillier,0.0,2.0,2.0,2017,178,173,28,2015
63,0.6,19.566,25.5,0.4,0.2,0.2,-0.1,0.2,0.2,0.0,0.0,0.0,0.2,0.0,16.2,11.625,1.1,0.5,0.0,0.5,L,L,b/beauvan01,Anthony Beauvillier,0.0,2.0,2.0,2017,178,173,28,2015
64,0.7,19.576,26.5,0.5,0.2,0.2,-0.1,0.2,0.2,0.0,0.0,0.0,0.2,0.0,16.5,11.877,1.3,0.4,0.0,0.5,L,L,b/beauvan01,Anthony Beauvillier,1.0,1.0,2.0,2017,178,173,28,2015
65,0.7,19.585,27.5,0.5,0.1,0.2,-0.2,0.2,0.1,0.0,0.0,0.0,0.2,0.0,16.5,11.95,1.3,0.6,0.0,0.5,L,L,b/beauvan01,Anthony Beauvillier,2.0,1.0,3.0,2017,178,173,28,2015
66,0.7,19.596,28.5,0.6,0.1,0.2,-0.1,0.0,0.1,0.0,0.0,0.0,0.2,0.0,16.8,12.352,1.2,0.6,0.0,0.4,L,L,b/beauvan01,Anthony Beauvillier,2.0,0.0,2.0,2017,178,173,28,2015
67,0.7,19.619,26.2,0.6,0.1,0.2,-0.3,0.0,0.1,0.0,0.0,0.0,0.2,0.0,17.0,12.424,1.2,0.5,0.0,0.4,L,L,b/beauvan01,Anthony Beauvillier,2.0,0.0,2.0,2017,178,173,28,2015
68,0.7,19.642,23.9,0.6,0.2,0.2,-0.1,0.0,0.2,0.0,0.0,0.0,0.2,0.0,17.3,12.463,1.2,0.4,0.0,0.3,L,L,b/beauvan01,Anthony Beauvillier,2.0,0.0,2.0,2017,178,173,28,2015
69,0.8,19.664,21.6,0.7,0.2,0.2,0.0,0.0,0.2,0.0,0.0,0.0,0.2,0.0,17.6,12.839,1.2,0.4,0.0,0.3,L,L,b/beauvan01,Anthony Beauvillier,1.0,0.0,1.0,2017,178,173,28,2015
70,0.7,19.626,19.0,0.7,0.2,0.2,-0.2,0.2,0.2,0.0,0.0,0.1,0.1,0.0,17.6,13.212,1.1,0.3,0.0,0.3,L,L,b/beauvan01,Anthony Beauvillier,0.0,0.0,0.0,2017,178,173,28,2015
71,0.6,19.911,5.5,0.3,0.2,0.1,0.9,0.6,0.2,0.0,0.0,0.0,0.1,0.0,27.6,22.631,1.0,2.7,0.0,0.0,R,D,c/carlobr01,Brandon Carlo,0.0,1.0,1.0,2017,196,196,37,2015
72,0.5,19.918,6.5,0.4,0.2,0.1,0.3,0.6,0.2,0.0,0.0,0.0,0.1,0.0,27.6,22.994,1.2,2.7,0.0,0.0,R,D,c/carlobr01,Brandon Carlo,0.0,1.0,1.0,2017,196,196,37,2015
73,0.6,19.924,7.5,0.5,0.2,0.1,0.4,0.8,0.2,0.0,0.0,0.0,0.1,0.0,27.0,22.706,1.1,2.6,0.0,0.0,R,D,c/carlobr01,Brandon Carlo,0.0,0.0,0.0,2017,196,196,37,2015
74,0.5,19.93,8.5,0.5,0.1,0.1,0.0,0.6,0.1,0.0,0.0,0.0,0.1,0.0,26.5,22.628,1.1,2.4,0.0,0.0,R,D,c/carlobr01,Brandon Carlo,0.0,0.0,0.0,2017,196,196,37,2015
75,0.5,19.936,9.5,0.5,0.1,0.1,0.3,0.6,0.1,0.0,0.0,0.0,0.1,0.0,26.6,22.661,1.1,1.9,0.0,0.0,R,D,c/carlobr01,Brandon Carlo,0.0,1.0,1.0,2017,196,196,37,2015
76,0.6,19.941,10.5,0.4,0.1,0.1,0.4,1.1,0.1,0.0,0.0,0.0,0.1,0.0,26.5,22.662,0.8,1.8,0.0,0.0,R,D,c/carlobr01,Brandon Carlo,1.0,1.0,2.0,2017,196,196,37,2015
77,0.7,19.946,11.5,0.3,0.1,0.1,0.5,1.1,0.1,0.0,0.0,0.0,0.1,0.0,26.3,22.527,0.8,2.0,0.0,0.0,R,D,c/carlobr01,Brandon Carlo,1.0,1.0,2.0,2017,196,196,37,2015
78,0.7,19.952,12.5,0.3,0.1,0.1,0.6,1.1,0.1,0.0,0.0,0.0,0.1,0.0,26.3,22.462,0.8,1.5,0.0,0.0,R,D,c/carlobr01,Brandon Carlo,1.0,1.0,2.0,2017,196,196,37,2015
79,0.7,19.957,13.5,0.4,0.1,0.1,0.5,0.9,0.1,0.0,0.0,0.0,0.1,0.0,25.8,22.534,0.8,1.5,0.0,0.0,R,D,c/carlobr01,Brandon Carlo,1.0,1.0,2.0,2017,196,196,37,2015
80,0.6,19.963,14.5,0.5,0.1,0.1,0.2,0.9,0.1,0.0,0.0,0.0,0.1,0.0,25.6,22.158,0.8,1.3,0.0,0.0,R,D,c/carlobr01,Brandon Carlo,1.0,0.0,1.0,2017,196,196,37,2015
81,0.5,19.969,15.5,0.5,0.0,0.1,0.0,0.9,0.0,0.0,0.0,0.0,0.1,0.0,24.9,21.856,1.0,1.1,0.0,0.0,R,D,c/carlobr01,Brandon Carlo,0.0,0.0,0.0,2017,196,196,37,2015
82,0.5,19.974,16.5,0.5,0.0,0.0,0.1,0.9,0.0,0.0,0.0,0.0,0.0,0.0,24.6,21.723,0.9,1.0,0.0,0.0,R,D,c/carlobr01,Brandon Carlo,0.0,0.0,0.0,2017,196,196,37,2015
83,0.5,19.979,17.5,0.5,0.0,0.0,0.2,0.7,0.0,0.0,0.0,0.0,0.0,0.0,25.1,22.189,1.1,0.9,0.0,0.0,R,D,c/carlobr01,Brandon Carlo,0.0,0.0,0.0,2017,196,196,37,2015
84,0.5,19.985,18.5,0.5,0.0,0.1,0.4,0.7,0.0,0.0,0.0,0.0,0.1,0.0,25.5,22.234,1.1,1.0,0.0,0.0,R,D,c/carlobr01,Brandon Carlo,0.0,0.0,0.0,2017,196,196,37,2015
85,0.5,19.99,19.5,0.5,0.0,0.1,0.1,0.7,0.0,0.0,0.0,0.0,0.1,0.0,25.4,22.087,1.0,1.1,0.0,0.0,R,D,c/carlobr01,Brandon Carlo,0.0,0.0,0.0,2017,196,196,37,2015
86,0.5,19.996,20.5,0.5,0.0,0.2,0.1,0.4,0.0,0.0,0.0,0.0,0.2,0.0,25.4,22.214,0.9,1.3,0.0,0.0,R,D,c/carlobr01,Brandon Carlo,0.0,0.0,0.0,2017,196,196,37,2015
87,0.5,20.001,21.5,0.6,0.0,0.3,0.1,0.2,0.0,0.0,0.0,0.0,0.3,0.0,25.9,22.457,0.9,1.2,0.0,0.0,R,D,c/carlobr01,Brandon Carlo,0.0,0.0,0.0,2017,196,196,37,2015
88,0.5,20.006,22.5,0.6,0.0,0.3,-0.1,0.2,0.0,0.0,0.0,0.0,0.3,0.0,25.9,22.322,1.1,1.0,0.0,0.0,R,D,c/carlobr01,Brandon Carlo,1.0,0.0,1.0,2017,196,196,37,2015
89,0.4,20.011,23.5,0.6,0.0,0.3,-0.3,0.2,0.0,0.0,0.0,0.0,0.3,0.0,26.0,22.167,1.4,1.0,0.0,0.0,R,D,c/carlobr01,Brandon Carlo,1.0,0.0,1.0,2017,196,196,37,2015
90,0.4,20.016,24.5,0.6,0.0,0.3,-0.2,0.2,0.0,0.0,0.0,0.0,0.3,0.0,26.3,22.198,1.3,0.8,0.0,0.0,R,D,c/carlobr01,Brandon Carlo,2.0,0.0,2.0,2017,196,196,37,2015
91,0.5,20.02,25.5,0.6,0.0,0.3,-0.2,0.2,0.0,0.0,0.0,0.0,0.3,0.0,27.2,22.996,1.1,1.3,0.0,0.0,R,D,c/carlobr01,Brandon Carlo,3.0,0.0,3.0,2017,196,196,37,2015
92,0.5,20.025,26.5,0.5,0.0,0.3,-0.2,0.2,0.0,0.0,0.0,0.0,0.3,0.0,28.0,23.339,1.1,1.4,0.0,0.0,R,D,c/carlobr01,Brandon Carlo,3.0,0.0,3.0,2017,196,196,37,2015
93,0.4,20.03,27.5,0.5,0.0,0.3,-0.4,0.2,0.0,0.0,0.0,0.0,0.3,0.0,27.5,22.726,1.0,1.4,0.0,0.0,R,D,c/carlobr01,Brandon Carlo,2.0,0.0,2.0,2017,196,196,37,2015
94,0.5,20.035,28.5,0.6,0.0,0.2,-0.5,0.2,0.0,0.0,0.0,0.0,0.2,0.0,27.0,22.422,1.0,1.4,0.0,0.0,R,D,c/carlobr01,Brandon Carlo,2.0,0.0,2.0,2017,196,196,37,2015
95,0.4,20.041,29.5,0.6,0.0,0.3,-0.4,0.2,0.0,0.0,0.0,0.0,0.3,0.0,26.9,22.471,1.2,1.4,0.0,0.0,R,D,c/carlobr01,Brandon Carlo,1.0,0.0,1.0,2017,196,196,37,2015
96,0.4,20.046,30.5,0.6,0.0,0.2,-0.6,0.0,0.0,0.0,0.0,0.0,0.2,0.0,26.8,22.354,1.1,1.2,0.0,0.0,R,D,c/carlobr01,Brandon Carlo,0.0,0.0,0.0,2017,196,196,37,2015
97,0.3,20.051,31.5,0.5,0.0,0.1,-0.7,0.2,0.0,0.0,0.0,0.0,0.1,0.0,26.4,22.012,1.2,1.4,0.0,0.0,R,D,c/carlobr01,Brandon Carlo,0.0,0.0,0.0,2017,196,196,37,2015
98,0.3,20.056,32.5,0.5,0.0,0.1,-0.7,0.4,0.0,0.0,0.0,0.0,0.1,0.0,25.8,21.629,1.0,1.4,0.0,0.0,R,D,c/carlobr01,Brandon Carlo,0.0,0.0,0.0,2017,196,196,37,2015
99,0.4,20.062,33.5,0.4,0.0,0.1,-0.5,0.6,0.0,0.0,0.0,0.0,0.1,0.0,25.7,21.44,0.8,1.4,0.0,0.0,R,D,c/carlobr01,Brandon Carlo,1.0,0.0,1.0,2017,196,196,37,2015
100,0.5,20.068,34.5,0.4,0.0,0.1,-0.3,0.6,0.0,0.0,0.0,0.0,0.1,0.0,25.4,21.362,1.0,1.5,0.0,0.0,R,D,c/carlobr01,Brandon Carlo,1.0,0.0,1.0,2017,196,196,37,2015
101,0.4,20.074,35.5,0.4,0.0,0.1,-0.4,0.6,0.0,0.0,0.0,0.0,0.1,0.0,24.5,20.421,1.0,1.1,0.0,0.0,R,D,c/carlobr01,Brandon Carlo,1.0,0.0,1.0,2017,196,196,37,2015
102,0.4,20.08,36.5,0.5,0.0,0.1,-0.5,0.6,0.0,0.0,0.0,0.0,0.1,0.0,23.9,19.668,1.0,1.0,0.0,0.0,R,D,c/carlobr01,Brandon Carlo,1.0,0.0,1.0,2017,196,196,37,2015
103,0.5,20.087,37.5,0.4,0.0,0.1,-0.2,0.8,0.0,0.0,0.0,0.0,0.1,0.0,23.9,19.486,1.0,1.0,0.0,0.0,R,D,c/carlobr01,Brandon Carlo,1.0,0.0,1.0,2017,196,196,37,2015
104,0.4,20.093,38.5,0.3,0.0,0.1,-0.3,0.8,0.0,0.0,0.0,0.0,0.1,0.0,23.6,19.156,1.3,1.0,0.0,0.0,R,D,c/carlobr01,Brandon Carlo,0.0,0.0,0.0,2017,196,196,37,2015
105,0.5,20.098,39.5,0.2,0.1,0.0,-0.2,1.2,0.1,0.0,0.0,0.0,0.0,0.0,23.9,18.929,1.3,1.1,0.0,0.0,R,D,c/carlobr01,Brandon Carlo,0.0,0.0,0.0,2017,196,196,37,2015
106,0.4,20.104,40.5,0.2,0.1,0.0,-0.2,1.2,0.1,0.0,0.0,0.0,0.0,0.0,23.8,18.574,1.3,1.1,0.0,0.0,R,D,c/carlobr01,Brandon Carlo,0.0,0.0,0.0,2017,196,196,37,2015
107,0.5,20.11,41.5,0.3,0.1,0.0,0.0,1.2,0.1,0.0,0.0,0.0,0.0,0.0,23.8,18.863,1.1,0.9,0.0,0.0,R,D,c/carlobr01,Brandon Carlo,0.0,0.0,0.0,2017,196,196,37,2015
108,0.5,20.116,42.5,0.4,0.1,0.0,0.1,1.0,0.1,0.0,0.0,0.0,0.0,0.0,24.1,19.434,1.1,0.8,0.0,0.0,R,D,c/carlobr01,Brandon Carlo,0.0,0.0,0.0,2017,196,196,37,2015
109,0.4,20.122,43.5,0.4,0.2,0.0,-0.1,0.8,0.1,0.0,0.1,0.0,0.0,0.0,24.6,20.016,1.1,0.8,0.0,0.0,R,D,c/carlobr01,Brandon Carlo,0.0,1.0,1.0,2017,196,196,37,2015
110,0.3,20.127,44.5,0.4,0.2,0.0,-0.2,0.8,0.1,0.0,0.1,0.0,0.0,0.0,24.9,20.278,1.0,1.0,0.0,0.0,R,D,c/carlobr01,Brandon Carlo,0.0,1.0,1.0,2017,196,196,37,2015
111,0.3,20.133,45.5,0.4,0.2,0.0,-0.3,0.8,0.1,0.0,0.1,0.0,0.0,0.0,25.0,20.424,1.3,1.0,0.0,0.0,R,D,c/carlobr01,Brandon Carlo,0.0,1.0,1.0,2017,196,196,37,2015
112,0.4,20.138,46.5,0.4,0.2,0.1,-0.4,0.8,0.1,0.0,0.1,0.0,0.1,0.0,25.0,21.082,1.4,1.0,0.0,0.0,R,D,c/carlobr01,Brandon Carlo,0.0,1.0,1.0,2017,196,196,37,2015
113,0.4,20.143,47.5,0.5,0.2,0.2,-0.5,0.8,0.1,0.0,0.1,0.0,0.2,0.0,24.4,20.691,1.3,1.1,0.0,0.0,R,D,c/carlobr01,Brandon Carlo,0.0,2.0,2.0,2017,196,196,37,2015
114,0.4,20.123,43.3,0.6,0.2,0.2,-0.5,0.8,0.1,0.0,0.1,0.0,0.2,0.0,24.4,20.57,1.0,1.0,0.0,0.0,R,D,c/carlobr01,Brandon Carlo,0.0,1.0,1.0,2017,196,196,37,2015
115,0.3,20.104,39.1,0.6,0.1,0.3,-0.6,0.4,0.0,0.0,0.1,0.0,0.3,0.0,23.4,19.748,0.8,0.7,0.0,0.0,R,D,c/carlobr01,Brandon Carlo,0.0,1.0,1.0,2017,196,196,37,2015
116,0.4,20.084,34.9,0.6,0.1,0.3,-0.5,0.6,0.0,0.0,0.1,0.0,0.3,0.0,23.0,19.135,0.9,0.7,0.0,0.0,R,D,c/carlobr01,Brandon Carlo,1.0,1.0,2.0,2017,196,196,37,2015
117,0.4,20.065,30.7,0.5,0.1,0.3,-0.6,0.4,0.0,0.0,0.1,0.0,0.3,0.0,22.6,18.426,1.2,0.8,0.0,0.0,R,D,c/carlobr01,Brandon Carlo,2.0,1.0,3.0,2017,196,196,37,2015
118,0.4,19.875,5.5,0.7,0.1,0.2,-0.4,0.4,0.1,0.0,0.0,0.1,0.1,0.0,17.6,13.948,0.1,0.4,0.1,0.1,L,L,c/connoky01,Kyle Connor,0.0,1.0,1.0,2017,185,177,17,2015
119,0.4,19.881,6.5,0.6,0.1,0.1,-0.4,0.4,0.1,0.0,0.0,0.0,0.1,0.0,17.5,13.62,0.0,0.4,0.1,0.1,L,L,c/connoky01,Kyle Connor,0.0,1.0,1.0,2017,185,177,17,2015
120,0.4,19.887,7.5,0.6,0.1,0.1,-0.5,0.2,0.1,0.0,0.0,0.0,0.1,0.0,17.4,13.695,0.0,0.3,0.1,0.1,L,L,c/connoky01,Kyle Connor,0.0,1.0,1.0,2017,185,177,17,2015
121,0.5,19.893,8.5,0.6,0.1,0.2,-0.3,0.2,0.1,0.0,0.0,0.1,0.1,0.0,17.7,13.851,0.0,0.3,0.1,0.1,L,L,c/connoky01,Kyle Connor,1.0,1.0,2.0,2017,185,177,17,2015
122,0.5,19.899,9.5,0.5,0.1,0.2,-0.2,0.2,0.1,0.0,0.0,0.1,0.1,0.0,17.9,13.828,0.0,0.2,0.1,0.1,L,L,c/connoky01,Kyle Connor,1.0,1.0,2.0,2017,185,177,17,2015
123,0.5,19.905,10.5,0.4,0.1,0.2,-0.1,0.2,0.1,0.0,0.0,0.1,0.1,0.0,18.2,13.845,0.0,0.2,0.1,0.1,L,L,c/connoky01,Kyle Connor,1.0,0.0,1.0,2017,185,177,17,2015
124,0.5,19.91,11.5,0.4,0.0,0.2,-0.4,0.2,0.0,0.0,0.0,0.1,0.1,0.0,17.9,13.467,0.0,0.4,0.1,0.1,L,L,c/connoky01,Kyle Connor,1.0,0.0,1.0,2017,185,177,17,2015
125,0.4,19.917,12.5,0.4,0.0,0.2,-0.4,0.2,0.0,0.0,0.0,0.1,0.1,0.0,17.8,13.387,0.0,0.5,0.1,0.1,L,L,c/connoky01,Kyle Connor,2.0,0.0,2.0,2017,185,177,17,2015
126,0.5,19.925,13.5,0.4,0.0,0.2,-0.4,0.2,0.0,0.0,0.0,0.1,0.1,0.0,16.7,12.334,0.0,0.5,0.0,0.1,L,L,c/connoky01,Kyle Connor,1.0,0.0,1.0,2017,185,177,17,2015
127,0.6,19.933,14.5,0.4,0.0,0.1,-0.4,0.0,0.0,0.0,0.0,0.1,0.0,0.0,15.5,11.034,0.0,0.555555555556,0.0,0.1,L,L,c/connoky01,Kyle Connor,1.0,0.0,1.0,2017,185,177,17,2015
128,0.7,19.915,13.6,0.5,0.0,0.1,-0.6,0.0,0.0,0.0,0.0,0.1,0.0,0.0,14.8,10.164,0.1,0.444444444444,0.0,0.0,L,L,c/connoky01,Kyle Connor,1.0,0.0,1.0,2017,185,177,17,2015
129,0.6,19.897,12.6,0.5,0.1,0.1,-0.4,0.0,0.1,0.0,0.0,0.1,0.0,0.0,14.6,9.627,0.4,0.444444444444,0.2,0.1,L,L,c/connoky01,Kyle Connor,1.0,0.0,1.0,2017,185,177,17,2015
130,0.6,19.879,11.6,0.5,0.1,0.1,-0.4,0.0,0.1,0.0,0.0,0.1,0.0,0.0,14.2,9.15,0.5,0.555555555556,0.9,0.7,L,L,c/connoky01,Kyle Connor,0.0,0.0,0.0,2017,185,177,17,2015
131,0.6,19.861,10.6,0.4,0.1,0.3,-0.1,0.0,0.1,0.0,0.0,0.0,0.3,0.0,14.1,8.619,0.6,0.555555555556,1.2,1.3,L,L,c/connoky01,Kyle Connor,0.0,0.0,0.0,2017,185,177,17,2015
132,0.4,19.348,5.5,0.4,0.1,0.0,-0.4,0.4,0.1,0.0,0.0,0.0,0.0,0.0,14.8,10.518,2.1,0.4,0.0,0.0,L,L,c/crousla01,Lawson Crouse,0.0,1.0,1.0,2017,193,215,11,2015
133,0.3,19.356,6.5,0.4,0.1,0.0,-0.3,0.4,0.1,0.0,0.0,0.0,0.0,0.0,15.4,11.04,1.9,0.4,0.0,0.0,L,L,c/crousla01,Lawson Crouse,0.0,1.0,1.0,2017,193,215,11,2015
134,0.3,19.364,7.5,0.4,0.1,0.0,-0.4,0.6,0.1,0.0,0.0,0.0,0.0,0.0,15.6,10.94,1.8,0.7,0.0,0.0,L,L,c/crousla01,Lawson Crouse,0.0,1.0,1.0,2017,193,215,11,2015
135,0.3,19.371,8.5,0.4,0.1,0.0,-0.3,0.4,0.1,0.0,0.0,0.0,0.0,0.0,16.8,11.74,1.7,0.9,0.0,0.0,L,L,c/crousla01,Lawson Crouse,0.0,1.0,1.0,2017,193,215,11,2015
136,0.3,19.38,9.5,0.5,0.1,0.0,-0.3,0.6,0.1,0.0,0.0,0.0,0.0,0.0,17.3,11.746,1.9,0.9,0.0,0.0,L,L,c/crousla01,Lawson Crouse,0.0,1.0,1.0,2017,193,215,11,2015
137,0.4,19.388,10.5,0.6,0.1,0.0,-0.3,0.6,0.1,0.0,0.0,0.0,0.0,0.0,17.7,11.846,1.9,0.9,0.0,0.0,L,L,c/crousla01,Lawson Crouse,0.0,0.0,0.0,2017,193,215,11,2015
138,0.4,19.395,11.5,0.5,0.0,0.0,-0.4,0.6,0.0,0.0,0.0,0.0,0.0,0.0,17.2,11.654,1.9,0.7,0.0,0.0,L,L,c/crousla01,Lawson Crouse,0.0,0.0,0.0,2017,193,215,11,2015
139,0.3,19.403,12.5,0.4,0.0,0.0,-0.3,0.6,0.0,0.0,0.0,0.0,0.0,0.0,16.8,11.236,2.0,0.7,0.0,0.0,L,L,c/crousla01,Lawson Crouse,0.0,0.0,0.0,2017,193,215,11,2015
140,0.3,19.41,13.5,0.5,0.0,0.0,-0.4,0.4,0.0,0.0,0.0,0.0,0.0,0.0,16.4,10.793,2.1,0.6,0.0,0.0,L,L,c/crousla01,Lawson Crouse,0.0,0.0,0.0,2017,193,215,11,2015
141,0.2,19.417,14.5,0.6,0.0,0.0,-0.3,0.6,0.0,0.0,0.0,0.0,0.0,0.0,16.5,10.645,1.9,0.6,0.0,0.0,L,L,c/crousla01,Lawson Crouse,0.0,0.0,0.0,2017,193,215,11,2015
142,0.2,19.424,15.5,0.5,0.0,0.0,-0.3,1.0,0.0,0.0,0.0,0.0,0.0,0.0,16.7,10.982,2.0,0.6,0.0,0.0,L,L,c/crousla01,Lawson Crouse,0.0,0.0,0.0,2017,193,215,11,2015
143,0.2,19.43,16.5,0.4,0.0,0.0,-0.4,1.0,0.0,0.0,0.0,0.0,0.0,0.0,16.8,11.16,2.4,0.6,0.0,0.0,L,L,c/crousla01,Lawson Crouse,0.0,0.0,0.0,2017,193,215,11,2015
144,0.2,19.436,17.5,0.5,0.0,0.0,-0.3,0.8,0.0,0.0,0.0,0.0,0.0,0.0,16.8,11.421,2.6,0.3,0.0,0.0,L,L,c/crousla01,Lawson Crouse,0.0,0.0,0.0,2017,193,215,11,2015
145,0.3,19.443,18.5,0.6,0.0,0.1,-0.3,1.3,0.0,0.0,0.0,0.0,0.1,0.0,16.6,11.471,3.0,0.1,0.0,0.0,L,L,c/crousla01,Lawson Crouse,0.0,0.0,0.0,2017,193,215,11,2015
146,0.3,19.448,19.5,0.5,0.0,0.1,-0.3,1.1,0.0,0.0,0.0,0.0,0.1,0.0,17.1,12.031,3.3,0.1,0.0,0.0,L,L,c/crousla01,Lawson Crouse,0.0,0.0,0.0,2017,193,215,11,2015
147,0.3,19.453,20.5,0.4,0.1,0.1,-0.2,1.5,0.1,0.0,0.0,0.0,0.1,0.0,17.3,12.037,3.2,0.2,0.0,0.1,L,L,c/crousla01,Lawson Crouse,0.0,0.0,0.0,2017,193,215,11,2015
148,0.3,19.458,21.5,0.4,0.1,0.1,-0.2,1.5,0.1,0.0,0.0,0.0,0.1,0.0,17.3,12.145,3.4,0.1,0.0,0.1,L,L,c/crousla01,Lawson Crouse,0.0,0.0,0.0,2017,193,215,11,2015
149,0.3,19.462,22.5,0.4,0.1,0.1,-0.3,1.5,0.1,0.0,0.0,0.0,0.1,0.0,17.6,12.545,3.0,0.2,0.0,0.1,L,L,c/crousla01,Lawson Crouse,1.0,0.0,1.0,2017,193,215,11,2015
150,0.3,19.467,23.5,0.4,0.1,0.1,-0.2,1.5,0.1,0.0,0.0,0.0,0.1,0.0,17.6,12.901,3.0,0.2,0.0,0.1,L,L,c/crousla01,Lawson Crouse,1.0,0.0,1.0,2017,193,215,11,2015
151,0.3,19.472,24.5,0.4,0.1,0.1,-0.3,1.5,0.1,0.0,0.0,0.0,0.1,0.0,17.7,13.044,3.3,0.3,0.0,0.1,L,L,c/crousla01,Lawson Crouse,1.0,1.0,2.0,2017,193,215,11,2015
152,0.3,19.477,25.5,0.5,0.1,0.1,-0.4,1.1,0.1,0.0,0.0,0.0,0.1,0.0,18.3,13.487,3.5,0.3,0.0,0.1,L,L,c/crousla01,Lawson Crouse,1.0,1.0,2.0,2017,193,215,11,2015
153,0.3,19.483,26.5,0.6,0.1,0.1,-0.3,1.6,0.1,0.0,0.0,0.0,0.1,0.0,17.7,13.012,3.4,0.3,0.0,0.1,L,L,c/crousla01,Lawson Crouse,1.0,1.0,2.0,2017,193,215,11,2015
154,0.3,19.489,27.5,0.6,0.1,0.2,-0.1,1.6,0.1,0.0,0.0,0.0,0.2,0.0,17.7,12.874,3.1,0.3,0.0,0.1,L,L,c/crousla01,Lawson Crouse,0.0,1.0,1.0,2017,193,215,11,2015
155,0.2,19.494,28.5,0.5,0.1,0.1,-0.2,1.3,0.1,0.0,0.0,0.0,0.1,0.0,17.3,12.524,2.6,0.3,0.0,0.1,L,L,c/crousla01,Lawson Crouse,0.0,1.0,1.0,2017,193,215,11,2015
156,0.2,19.5,29.5,0.5,0.1,0.1,-0.1,1.3,0.1,0.0,0.0,0.0,0.1,0.0,17.1,12.449,2.5,0.3,0.0,0.1,L,L,c/crousla01,Lawson Crouse,0.0,0.0,0.0,2017,193,215,11,2015
157,0.1,19.507,30.5,0.5,0.0,0.1,-0.3,0.9,0.0,0.0,0.0,0.0,0.1,0.0,17.3,12.959,2.7,0.3,0.0,0.0,L,L,c/crousla01,Lawson Crouse,0.0,0.0,0.0,2017,193,215,11,2015
158,0.1,19.513,31.5,0.6,0.0,0.1,-0.3,0.9,0.0,0.0,0.0,0.0,0.1,0.0,17.8,13.364,2.3,0.3,0.0,0.0,L,L,c/crousla01,Lawson Crouse,1.0,0.0,1.0,2017,193,215,11,2015
159,0.2,19.521,32.5,0.7,0.0,0.1,-0.2,0.9,0.0,0.0,0.0,0.0,0.1,0.0,17.6,13.1,2.5,0.5,0.0,0.0,L,L,c/crousla01,Lawson Crouse,1.0,0.0,1.0,2017,193,215,11,2015
160,0.2,19.528,33.5,0.7,0.0,0.1,-0.2,0.9,0.0,0.0,0.0,0.0,0.1,0.0,17.4,12.752,2.4,0.5,0.0,0.0,L,L,c/crousla01,Lawson Crouse,1.0,0.0,1.0,2017,193,215,11,2015
161,0.2,19.535,34.5,0.6,0.0,0.1,-0.2,0.7,0.0,0.0,0.0,0.0,0.1,0.0,17.1,12.609,2.0,0.4,0.0,0.0,L,L,c/crousla01,Lawson Crouse,1.0,0.0,1.0,2017,193,215,11,2015
162,0.2,19.542,35.5,0.5,0.0,0.2,-0.2,0.7,0.0,0.0,0.0,0.0,0.2,0.0,16.3,12.084,1.8,0.5,0.0,0.0,L,L,c/crousla01,Lawson Crouse,1.0,0.0,1.0,2017,193,215,11,2015
163,0.2,19.549,36.5,0.4,0.0,0.2,-0.2,0.7,0.0,0.0,0.0,0.0,0.2,0.0,16.7,12.297,1.6,0.5,0.0,0.0,L,L,c/crousla01,Lawson Crouse,0.0,0.0,0.0,2017,193,215,11,2015
164,0.3,19.555,37.5,0.4,0.0,0.1,-0.4,0.7,0.0,0.0,0.0,0.0,0.1,0.0,16.6,12.514,2.0,0.5,0.0,0.0,L,L,c/crousla01,Lawson Crouse,0.0,0.0,0.0,2017,193,215,11,2015
165,0.4,19.562,38.5,0.5,0.0,0.1,-0.4,0.5,0.0,0.0,0.0,0.0,0.1,0.0,16.9,12.727,2.1,0.5,0.0,0.0,L,L,c/crousla01,Lawson Crouse,0.0,0.0,0.0,2017,193,215,11,2015
166,0.5,19.568,39.5,0.6,0.1,0.1,-0.3,0.5,0.1,0.0,0.0,0.0,0.1,0.0,17.0,12.679,1.7,0.5,0.0,0.0,L,L,c/crousla01,Lawson Crouse,1.0,0.0,1.0,2017,193,215,11,2015
167,0.5,19.553,36.1,0.6,0.1,0.1,-0.2,1.1,0.1,0.0,0.0,0.0,0.1,0.0,16.5,12.018,1.5,0.4,0.2,0.4,L,L,c/crousla01,Lawson Crouse,1.0,0.0,1.0,2017,193,215,11,2015
168,0.4,19.541,32.7,0.6,0.1,0.1,-0.4,1.1,0.1,0.0,0.0,0.0,0.1,0.0,15.8,11.318,1.3,0.4,0.6,0.7,L,L,c/crousla01,Lawson Crouse,1.0,0.0,1.0,2017,193,215,11,2015
169,0.4,19.57,29.1,0.6,0.1,0.2,-0.5,1.1,0.1,0.0,0.0,0.1,0.1,0.0,16.2,11.985,1.2,0.1,0.6,0.7,L,L,c/crousla01,Lawson Crouse,1.0,0.0,1.0,2017,193,215,11,2015
170,0.4,19.599,25.5,0.5,0.1,0.2,-0.6,1.3,0.1,0.0,0.0,0.1,0.1,0.0,16.8,12.557,1.0,0.2,0.6,0.7,L,L,c/crousla01,Lawson Crouse,1.0,1.0,2.0,2017,193,215,11,2015
171,0.5,20.116,5.5,0.6,0.5,0.3,0.1,0.2,0.3,0.2,0.0,0.2,0.1,0.0,21.6,19.189,0.6,0.7,4.7,6.3,R,C,e/eicheja01,Jack Eichel,1.0,2.0,3.0,2017,188,201,2,2015
172,0.4,20.122,6.5,0.7,0.4,0.2,-0.2,0.0,0.3,0.1,0.0,0.1,0.1,0.0,21.8,19.478,0.9,0.5,4.8,5.8,R,C,e/eicheja01,Jack Eichel,2.0,2.0,4.0,2017,188,201,2,2015
173,0.3,20.128,7.5,0.6,0.2,0.2,-0.2,0.0,0.2,0.0,0.0,0.1,0.1,0.0,21.5,19.003,1.0,0.5,4.5,5.7,R,C,e/eicheja01,Jack Eichel,2.0,2.0,4.0,2017,188,201,2,2015
174,0.4,20.134,8.5,0.5,0.3,0.3,-0.1,0.0,0.3,0.0,0.0,0.2,0.1,0.0,21.8,18.883,1.0,0.4,4.6,6.2,R,C,e/eicheja01,Jack Eichel,2.0,2.0,4.0,2017,188,201,2,2015
175,0.4,20.141,9.5,0.6,0.3,0.4,-0.1,0.0,0.3,0.0,0.0,0.2,0.2,0.0,22.0,19.063,0.8,0.4,4.9,6.6,R,C,e/eicheja01,Jack Eichel,1.0,2.0,3.0,2017,188,201,2,2015
176,0.3,20.148,10.5,0.5,0.3,0.4,-0.2,0.2,0.3,0.0,0.0,0.1,0.3,0.0,22.1,19.309,0.9,0.6,4.7,6.5,R,C,e/eicheja01,Jack Eichel,1.0,2.0,3.0,2017,188,201,2,2015
177,0.4,20.154,11.5,0.4,0.4,0.4,-0.1,0.2,0.3,0.1,0.0,0.1,0.3,0.0,22.2,19.368,0.9,0.7,5.2,6.9,R,C,e/eicheja01,Jack Eichel,0.0,0.0,0.0,2017,188,201,2,2015
178,0.3,20.16,12.5,0.3,0.3,0.3,-0.5,0.2,0.1,0.2,0.0,0.1,0.2,0.0,22.7,19.9,1.1,0.8,5.4,7.0,R,C,e/eicheja01,Jack Eichel,1.0,1.0,2.0,2017,188,201,2,2015
179,0.3,20.166,13.5,0.3,0.3,0.3,-0.4,0.2,0.1,0.2,0.0,0.1,0.2,0.0,23.1,20.224,1.1,0.7,5.0,7.0,R,C,e/eicheja01,Jack Eichel,2.0,1.0,3.0,2017,188,201,2,2015
180,0.4,20.172,14.5,0.4,0.3,0.3,-0.3,0.2,0.1,0.2,0.0,0.1,0.2,0.0,23.1,20.199,0.8,0.7,5.2,7.7,R,C,e/eicheja01,Jack Eichel,3.0,1.0,4.0,2017,188,201,2,2015
181,0.4,20.178,15.5,0.4,0.3,0.4,-0.2,0.2,0.1,0.2,0.0,0.1,0.3,0.0,23.1,20.339,0.8,0.9,5.2,7.8,R,C,e/eicheja01,Jack Eichel,3.0,2.0,5.0,2017,188,201,2,2015
182,0.4,20.184,16.5,0.3,0.3,0.4,-0.1,0.2,0.1,0.2,0.0,0.1,0.3,0.0,23.2,20.417,0.5,0.9,5.3,8.6,R,C,e/eicheja01,Jack Eichel,3.0,3.0,6.0,2017,188,201,2,2015
183,0.5,20.191,17.5,0.4,0.5,0.4,-0.1,0.2,0.2,0.3,0.0,0.1,0.3,0.0,23.4,20.819,0.4,0.8,6.4,8.8,R,C,e/eicheja01,Jack Eichel,2.0,2.0,4.0,2017,188,201,2,2015
184,0.4,20.197,18.5,0.4,0.4,0.3,-0.3,0.2,0.1,0.3,0.0,0.0,0.3,0.0,23.3,20.948,0.5,0.8,6.6,8.8,R,C,e/eicheja01,Jack Eichel,1.0,2.0,3.0,2017,188,201,2,2015
185,0.5,20.203,19.5,0.4,0.4,0.4,-0.3,0.2,0.1,0.3,0.0,0.2,0.2,0.0,23.5,21.139,0.5,0.9,7.1,8.9,R,C,e/eicheja01,Jack Eichel,1.0,2.0,3.0,2017,188,201,2,2015
186,0.6,20.208,20.5,0.4,0.4,0.3,-0.4,0.0,0.1,0.3,0.0,0.2,0.1,0.0,23.3,21.019,0.5,0.7,6.7,9.1,R,C,e/eicheja01,Jack Eichel,1.0,1.0,2.0,2017,188,201,2,2015
187,0.6,20.214,21.5,0.4,0.5,0.3,-0.2,0.0,0.3,0.2,0.0,0.2,0.1,0.0,23.4,21.079,0.5,0.5,6.7,9.3,R,C,e/eicheja01,Jack Eichel,1.0,2.0,3.0,2017,188,201,2,2015
188,0.6,20.22,22.5,0.4,0.4,0.3,-0.1,0.0,0.3,0.1,0.0,0.2,0.1,0.0,22.9,20.654,0.4,0.4,6.7,9.8,R,C,e/eicheja01,Jack Eichel,1.0,2.0,3.0,2017,188,201,2,2015
189,0.5,20.163,20.8,0.3,0.4,0.4,-0.2,0.0,0.3,0.1,0.0,0.2,0.2,0.0,22.6,19.899,0.6,0.4,6.5,9.8,R,C,e/eicheja01,Jack Eichel,3.0,2.0,5.0,2017,188,201,2,2015
190,0.4,20.105,19.1,0.2,0.4,0.4,-0.3,0.0,0.3,0.1,0.0,0.2,0.2,0.0,22.1,19.135,0.7,0.5,6.5,8.6,R,C,e/eicheja01,Jack Eichel,2.0,2.0,4.0,2017,188,201,2,2015
191,0.4,20.046,17.4,0.2,0.4,0.3,-0.4,0.0,0.3,0.1,0.0,0.2,0.1,0.0,21.2,18.005,0.6,0.3,6.5,8.3,R,C,e/eicheja01,Jack Eichel,2.0,4.0,6.0,2017,188,201,2,2015
192,0.5,19.99,15.7,0.3,0.4,0.3,-0.3,0.0,0.3,0.1,0.0,0.2,0.1,0.0,21.3,17.607,0.6,0.3,6.3,8.6,R,C,e/eicheja01,Jack Eichel,2.0,2.0,4.0,2017,188,201,2,2015
193,0.5,19.739,4.6,0.2,0.2,0.5,0.3,0.2,0.2,0.0,0.0,0.0,0.5,0.0,16.3,10.424,1.6,0.5,2.1,3.5,L,C,e/eriksjo02,Joel Eriksson Ek,3.0,1.0,4.0,2017,185,180,20,2015
194,0.5,19.726,4.7,0.2,0.1,0.6,0.3,0.4,0.1,0.0,0.0,0.0,0.6,0.0,16.6,11.022,1.5,0.5,1.9,3.4,L,C,e/eriksjo02,Joel Eriksson Ek,3.0,1.0,4.0,2017,185,180,20,2015
195,0.5,19.714,4.8,0.2,0.1,0.7,0.4,0.4,0.1,0.0,0.0,0.0,0.7,0.0,17.4,11.542,1.4,0.4,1.2,2.8,L,C,e/eriksjo02,Joel Eriksson Ek,0.0,1.0,1.0,2017,185,180,20,2015
196,0.4,19.701,4.9,0.3,0.1,0.4,0.0,0.4,0.1,0.0,0.0,0.0,0.4,0.0,17.4,12.147,1.3,0.4,0.9,2.2,L,C,e/eriksjo02,Joel Eriksson Ek,0.0,0.0,0.0,2017,185,180,20,2015
197,0.3,19.748,5.5,0.2,0.0,0.6,-0.6,0.6,0.0,0.0,0.0,0.3,0.3,0.0,22.0,16.741,0.7,0.5,0.0,0.0,L,D,h/hanifno01,Noah Hanifin,4.0,0.0,4.0,2017,190,206,5,2015
198,0.3,19.754,6.5,0.3,0.0,0.6,-0.5,0.6,0.0,0.0,0.0,0.2,0.4,0.0,22.3,17.345,0.8,0.4,0.0,0.0,L,D,h/hanifno01,Noah Hanifin,5.0,0.0,5.0,2017,190,206,5,2015
199,0.3,19.76,7.5,0.3,0.0,0.6,-0.6,0.6,0.0,0.0,0.0,0.2,0.4,0.0,22.4,17.588,0.7,0.5,0.0,0.0,L,D,h/hanifno01,Noah Hanifin,5.0,0.0,5.0,2017,190,206,5,2015
200,0.3,19.766,8.5,0.4,0.0,0.6,-0.4,0.6,0.0,0.0,0.0,0.2,0.4,0.0,22.7,17.718,0.6,0.6,0.0,0.0,L,D,h/hanifno01,Noah Hanifin,2.0,0.0,2.0,2017,190,206,5,2015
201,0.3,19.772,9.5,0.5,0.0,0.3,-0.4,0.6,0.0,0.0,0.0,0.0,0.3,0.0,22.9,18.529,0.6,0.8,0.0,0.0,L,D,h/hanifno01,Noah Hanifin,2.0,0.0,2.0,2017,190,206,5,2015
202,0.4,19.779,10.5,0.6,0.0,0.3,-0.4,0.4,0.0,0.0,0.0,0.0,0.3,0.0,22.5,18.625,0.6,0.7,0.0,0.0,L,D,h/hanifno01,Noah Hanifin,2.0,0.0,2.0,2017,190,206,5,2015
203,0.5,19.786,11.5,0.7,0.0,0.2,-0.3,0.4,0.0,0.0,0.0,0.0,0.2,0.0,22.2,18.635,0.8,0.6,0.0,0.0,L,D,h/hanifno01,Noah Hanifin,1.0,0.0,1.0,2017,190,206,5,2015
204,0.5,19.792,12.5,0.7,0.1,0.1,-0.3,0.6,0.0,0.1,0.0,0.0,0.1,0.0,22.2,18.262,0.7,0.6,0.0,0.0,L,D,h/hanifno01,Noah Hanifin,1.0,0.0,1.0,2017,190,206,5,2015
205,0.6,19.799,13.5,0.6,0.1,0.1,-0.2,0.4,0.0,0.1,0.0,0.0,0.1,0.0,21.6,18.164,0.8,0.6,0.0,0.0,L,D,h/hanifno01,Noah Hanifin,1.0,0.0,1.0,2017,190,206,5,2015
206,0.6,19.805,14.5,0.6,0.1,0.1,-0.1,0.4,0.0,0.1,0.0,0.0,0.1,0.0,21.3,18.429,0.8,0.6,0.0,0.0,L,D,h/hanifno01,Noah Hanifin,1.0,0.0,1.0,2017,190,206,5,2015
207,0.5,19.811,15.5,0.6,0.1,0.1,-0.2,0.4,0.0,0.1,0.0,0.0,0.1,0.0,21.1,18.261,0.7,0.4,0.0,0.0,L,D,h/hanifno01,Noah Hanifin,0.0,0.0,0.0,2017,190,206,5,2015
208,0.6,19.817,16.5,0.6,0.1,0.0,-0.1,0.6,0.0,0.1,0.0,0.0,0.0,0.0,20.7,17.751,0.7,0.5,0.0,0.0,L,D,h/hanifno01,Noah Hanifin,0.0,1.0,1.0,2017,190,206,5,2015
209,0.6,19.823,17.5,0.6,0.1,0.0,0.1,0.8,0.0,0.1,0.0,0.0,0.0,0.0,20.4,17.423,0.8,0.4,0.0,0.0,L,D,h/hanifno01,Noah Hanifin,0.0,1.0,1.0,2017,190,206,5,2015
210,0.6,19.829,18.5,0.5,0.2,0.0,0.1,0.8,0.0,0.2,0.0,0.0,0.0,0.0,20.3,17.198,0.8,0.7,0.0,0.0,L,D,h/hanifno01,Noah Hanifin,0.0,1.0,1.0,2017,190,206,5,2015
211,0.5,19.835,19.5,0.4,0.2,0.0,0.1,0.8,0.0,0.2,0.0,0.0,0.0,0.0,19.8,16.19,0.9,0.5,0.0,0.0,L,D,h/hanifno01,Noah Hanifin,0.0,1.0,1.0,2017,190,206,5,2015
212,0.5,19.84,20.5,0.4,0.2,0.0,0.1,0.8,0.0,0.2,0.0,0.0,0.0,0.0,19.6,15.917,0.8,0.6,0.0,0.0,L,D,h/hanifno01,Noah Hanifin,0.0,1.0,1.0,2017,190,206,5,2015
213,0.4,19.845,21.5,0.3,0.2,0.0,0.1,0.8,0.0,0.2,0.0,0.0,0.0,0.0,20.1,15.868,0.7,0.7,0.0,0.0,L,D,h/hanifno01,Noah Hanifin,0.0,0.0,0.0,2017,190,206,5,2015
214,0.4,19.85,22.5,0.2,0.1,0.0,0.2,0.8,0.0,0.1,0.0,0.0,0.0,0.0,20.2,15.633,0.7,0.8,0.0,0.0,L,D,h/hanifno01,Noah Hanifin,0.0,1.0,1.0,2017,190,206,5,2015
215,0.3,19.855,23.5,0.2,0.1,0.0,0.2,0.8,0.0,0.1,0.0,0.0,0.0,0.0,20.6,15.781,0.5,0.8,0.0,0.0,L,D,h/hanifno01,Noah Hanifin,0.0,1.0,1.0,2017,190,206,5,2015
216,0.4,19.86,24.5,0.3,0.1,0.1,-0.1,0.8,0.0,0.1,0.0,0.1,0.0,0.0,20.8,15.57,0.5,0.9,0.0,0.0,L,D,h/hanifno01,Noah Hanifin,0.0,1.0,1.0,2017,190,206,5,2015
217,0.4,19.865,25.5,0.4,0.1,0.1,-0.1,0.8,0.0,0.1,0.0,0.1,0.0,0.0,21.1,15.828,0.5,1.0,0.0,0.0,L,D,h/hanifno01,Noah Hanifin,0.0,1.0,1.0,2017,190,206,5,2015
218,0.4,19.871,26.5,0.4,0.1,0.1,0.0,0.6,0.0,0.1,0.0,0.1,0.0,0.0,20.9,16.024,0.4,1.0,0.0,0.0,L,D,h/hanifno01,Noah Hanifin,0.0,1.0,1.0,2017,190,206,5,2015
219,0.5,19.877,27.5,0.4,0.1,0.2,-0.1,0.6,0.0,0.1,0.0,0.1,0.1,0.0,20.9,16.137,0.3,1.0,0.0,0.0,L,D,h/hanifno01,Noah Hanifin,0.0,0.0,0.0,2017,190,206,5,2015
220,0.6,19.883,28.5,0.5,0.0,0.2,-0.1,0.6,0.0,0.0,0.0,0.1,0.1,0.0,20.7,16.361,0.6,0.6,0.0,0.0,L,D,h/hanifno01,Noah Hanifin,1.0,0.0,1.0,2017,190,206,5,2015
221,0.6,19.89,29.5,0.5,0.0,0.3,-0.1,0.6,0.0,0.0,0.0,0.1,0.2,0.0,21.4,16.954,0.7,0.6,0.0,0.0,L,D,h/hanifno01,Noah Hanifin,1.0,0.0,1.0,2017,190,206,5,2015
222,0.6,19.897,30.5,0.5,0.0,0.3,-0.1,0.4,0.0,0.0,0.0,0.1,0.2,0.0,21.8,17.332,0.7,0.6,0.0,0.0,L,D,h/hanifno01,Noah Hanifin,1.0,0.0,1.0,2017,190,206,5,2015
223,0.6,19.903,31.5,0.5,0.0,0.3,-0.2,0.6,0.0,0.0,0.0,0.1,0.2,0.0,21.7,17.382,0.6,0.7,0.0,0.0,L,D,h/hanifno01,Noah Hanifin,2.0,0.0,2.0,2017,190,206,5,2015
224,0.5,19.91,32.5,0.6,0.0,0.3,-0.4,0.4,0.0,0.0,0.0,0.1,0.2,0.0,21.4,18.043,0.6,0.9,0.0,0.0,L,D,h/hanifno01,Noah Hanifin,2.0,0.0,2.0,2017,190,206,5,2015
225,0.6,19.917,33.5,0.6,0.0,0.4,-0.5,0.4,0.0,0.0,0.0,0.2,0.2,0.0,21.1,17.785,0.5,1.1,0.0,0.0,L,D,h/hanifno01,Noah Hanifin,2.0,0.0,2.0,2017,190,206,5,2015
226,0.5,19.924,34.5,0.5,0.0,0.3,-0.2,0.4,0.0,0.0,0.0,0.1,0.2,0.0,21.1,17.835,0.6,1.0,0.0,0.0,L,D,h/hanifno01,Noah Hanifin,2.0,0.0,2.0,2017,190,206,5,2015
227,0.6,19.931,35.5,0.5,0.0,0.3,-0.3,0.4,0.0,0.0,0.0,0.1,0.2,0.0,20.4,17.314,0.6,1.1,0.0,0.0,L,D,h/hanifno01,Noah Hanifin,2.0,0.0,2.0,2017,190,206,5,2015
228,0.6,19.937,36.5,0.5,0.0,0.4,-0.2,0.4,0.0,0.0,0.0,0.1,0.3,0.0,20.8,16.901,0.6,1.1,0.0,0.0,L,D,h/hanifno01,Noah Hanifin,1.0,0.0,1.0,2017,190,206,5,2015
229,0.6,19.943,37.5,0.6,0.0,0.4,-0.1,0.2,0.0,0.0,0.0,0.1,0.3,0.0,20.8,17.101,0.7,1.3,0.0,0.0,L,D,h/hanifno01,Noah Hanifin,2.0,0.0,2.0,2017,190,206,5,2015
230,0.6,19.949,38.5,0.6,0.0,0.4,0.1,0.2,0.0,0.0,0.0,0.1,0.3,0.0,20.7,17.021,0.5,1.3,0.0,0.0,L,D,h/hanifno01,Noah Hanifin,1.0,0.0,1.0,2017,190,206,5,2015
231,0.6,19.954,39.5,0.6,0.0,0.3,0.2,0.2,0.0,0.0,0.0,0.1,0.2,0.0,20.4,16.675,0.3,1.4,0.0,0.0,L,D,h/hanifno01,Noah Hanifin,1.0,0.0,1.0,2017,190,206,5,2015
232,0.5,19.96,40.5,0.6,0.0,0.3,-0.1,0.2,0.0,0.0,0.0,0.1,0.2,0.0,20.2,16.289,0.3,1.3,0.0,0.0,L,D,h/hanifno01,Noah Hanifin,2.0,0.0,2.0,2017,190,206,5,2015
233,0.5,19.967,41.5,0.6,0.0,0.3,-0.2,0.0,0.0,0.0,0.0,0.1,0.2,0.0,20.2,16.494,0.6,1.1,0.0,0.0,L,D,h/hanifno01,Noah Hanifin,3.0,0.0,3.0,2017,190,206,5,2015
234,0.5,19.973,42.5,0.6,0.0,0.3,-0.2,0.0,0.0,0.0,0.0,0.1,0.2,0.0,20.2,16.241,0.7,0.8,0.0,0.0,L,D,h/hanifno01,Noah Hanifin,2.0,0.0,2.0,2017,190,206,5,2015
235,0.4,19.93,38.8,0.6,0.0,0.3,0.0,0.0,0.0,0.0,0.0,0.0,0.3,0.0,20.1,16.253,1.0,0.7,0.2,0.5,L,D,h/hanifno01,Noah Hanifin,2.0,0.0,2.0,2017,190,206,5,2015
236,0.4,19.888,35.1,0.6,0.0,0.3,-0.1,0.0,0.0,0.0,0.0,0.0,0.3,0.0,19.6,15.883,0.9,0.8,0.6,0.9,L,D,h/hanifno01,Noah Hanifin,2.0,0.0,2.0,2017,190,206,5,2015
237,0.4,19.845,31.4,0.6,0.0,0.3,0.0,0.0,0.0,0.0,0.0,0.0,0.3,0.0,19.6,15.693,1.1,0.7,1.1,1.3,L,D,h/hanifno01,Noah Hanifin,1.0,0.0,1.0,2017,190,206,5,2015
238,0.3,19.803,27.7,0.5,0.0,0.2,-0.2,0.0,0.0,0.0,0.0,0.0,0.2,0.0,19.4,15.595,1.2,0.7,1.8,1.7,L,D,h/hanifno01,Noah Hanifin,0.0,0.0,0.0,2017,190,206,5,2015
239,0.4,19.618,5.5,0.5,0.1,0.6,-0.1,0.6,0.0,0.1,0.0,0.0,0.6,0.0,20.7,15.474,1.1,0.4,0.0,0.0,R,C,k/konectr01,Travis Konecny,3.0,0.0,3.0,2017,175,175,24,2015
240,0.4,19.624,6.5,0.6,0.1,0.4,-0.3,0.6,0.0,0.1,0.0,0.0,0.4,0.0,20.9,15.693,1.0,0.4,0.0,0.0,R,C,k/konectr01,Travis Konecny,2.0,1.0,3.0,2017,175,175,24,2015
241,0.5,19.629,7.5,0.6,0.2,0.3,-0.3,0.4,0.1,0.1,0.0,0.0,0.3,0.0,21.3,15.933,0.9,0.4,0.0,0.0,R,C,k/konectr01,Travis Konecny,2.0,1.0,3.0,2017,175,175,24,2015
242,0.5,19.633,8.5,0.6,0.3,0.2,-0.4,0.4,0.1,0.2,0.0,0.0,0.2,0.0,21.1,15.631,1.3,0.5,0.0,0.0,R,C,k/konectr01,Travis Konecny,2.0,1.0,3.0,2017,175,175,24,2015
243,0.5,19.638,9.5,0.6,0.3,0.2,-0.2,0.6,0.1,0.2,0.0,0.0,0.2,0.0,21.6,15.972,1.7,0.5,0.0,0.0,R,C,k/konectr01,Travis Konecny,1.0,1.0,2.0,2017,175,175,24,2015
244,0.4,19.643,10.5,0.5,0.4,0.1,-0.4,0.4,0.2,0.2,0.0,0.0,0.1,0.0,21.9,16.187,2.0,0.4,0.0,0.0,R,C,k/konectr01,Travis Konecny,1.0,1.0,2.0,2017,175,175,24,2015
245,0.5,19.648,11.5,0.6,0.4,0.1,-0.6,0.4,0.2,0.2,0.0,0.0,0.1,0.0,22.1,16.412,2.1,0.2,0.0,0.0,R,C,k/konectr01,Travis Konecny,1.0,1.0,2.0,2017,175,175,24,2015
246,0.4,19.654,12.5,0.6,0.3,0.1,-0.6,0.2,0.2,0.1,0.0,0.0,0.1,0.0,21.5,16.171,2.4,0.2,0.0,0.0,R,C,k/konectr01,Travis Konecny,0.0,2.0,2.0,2017,175,175,24,2015
247,0.5,19.66,13.5,0.6,0.3,0.1,-0.4,0.4,0.2,0.1,0.0,0.0,0.1,0.0,21.0,15.634,2.3,0.2,0.0,0.0,R,C,k/konectr01,Travis Konecny,0.0,2.0,2.0,2017,175,175,24,2015
248,0.5,19.665,14.5,0.6,0.3,0.1,-0.4,0.6,0.2,0.1,0.0,0.0,0.1,0.0,21.2,15.558,2.6,0.2,0.0,0.0,R,C,k/konectr01,Travis Konecny,0.0,3.0,3.0,2017,175,175,24,2015
249,0.5,19.671,15.5,0.6,0.3,0.2,-0.3,0.6,0.2,0.1,0.0,0.1,0.1,0.0,21.1,15.523,2.3,0.2,0.0,0.0,R,C,k/konectr01,Travis Konecny,0.0,3.0,3.0,2017,175,175,24,2015
250,0.4,19.676,16.5,0.5,0.3,0.2,-0.3,0.6,0.2,0.1,0.0,0.1,0.1,0.0,21.1,15.224,2.3,0.3,0.0,0.0,R,C,k/konectr01,Travis Konecny,0.0,2.0,2.0,2017,175,175,24,2015
251,0.3,19.682,17.5,0.6,0.2,0.2,-0.4,2.3,0.1,0.1,0.0,0.1,0.1,0.0,20.5,14.556,2.4,0.3,0.0,0.0,R,C,k/konectr01,Travis Konecny,1.0,1.0,2.0,2017,175,175,24,2015
252,0.4,19.689,18.5,0.7,0.1,0.2,-0.1,2.5,0.1,0.0,0.0,0.1,0.1,0.0,20.2,14.448,2.0,0.2,0.0,0.0,R,C,k/konectr01,Travis Konecny,1.0,1.0,2.0,2017,175,175,24,2015
253,0.5,19.695,19.5,0.7,0.1,0.3,-0.1,2.5,0.1,0.0,0.0,0.1,0.2,0.0,19.6,13.918,1.8,0.2,0.0,0.0,R,C,k/konectr01,Travis Konecny,2.0,0.0,2.0,2017,175,175,24,2015
254,0.6,19.701,20.5,0.7,0.0,0.3,-0.2,2.5,0.0,0.0,0.0,0.1,0.2,0.0,19.9,13.9,1.5,0.2,0.0,0.1,R,C,k/konectr01,Travis Konecny,2.0,0.0,2.0,2017,175,175,24,2015
255,0.6,19.707,21.5,0.7,0.0,0.4,0.0,2.5,0.0,0.0,0.0,0.1,0.3,0.0,19.6,13.578,1.5,0.2,0.0,0.1,R,C,k/konectr01,Travis Konecny,2.0,0.0,2.0,2017,175,175,24,2015
256,0.7,19.712,22.5,0.6,0.0,0.4,0.0,2.5,0.0,0.0,0.0,0.1,0.3,0.0,19.1,13.303,1.4,0.3,0.0,0.1,R,C,k/konectr01,Travis Konecny,1.0,0.0,1.0,2017,175,175,24,2015
257,0.7,19.717,23.5,0.6,0.0,0.3,0.0,2.3,0.0,0.0,0.0,0.1,0.2,0.0,19.4,13.283,1.3,0.4,0.0,0.2,R,C,k/konectr01,Travis Konecny,2.0,0.0,2.0,2017,175,175,24,2015
258,0.8,19.723,24.5,0.6,0.0,0.4,0.0,2.1,0.0,0.0,0.0,0.1,0.3,0.0,19.2,13.151,1.1,0.4,0.0,0.3,R,C,k/konectr01,Travis Konecny,1.0,0.0,1.0,2017,175,175,24,2015
259,0.8,19.728,25.5,0.7,0.0,0.3,0.0,2.1,0.0,0.0,0.0,0.0,0.3,0.0,18.9,13.12,1.3,0.4,0.0,0.3,R,C,k/konectr01,Travis Konecny,2.0,0.0,2.0,2017,175,175,24,2015
260,0.9,19.733,26.5,0.7,0.0,0.3,0.1,2.1,0.0,0.0,0.0,0.0,0.3,0.0,18.8,13.23,1.2,0.3,0.0,0.3,R,C,k/konectr01,Travis Konecny,2.0,0.0,2.0,2017,175,175,24,2015
261,1.0,19.738,27.5,0.6,0.0,0.4,0.3,0.4,0.0,0.0,0.0,0.0,0.4,0.0,19.2,13.528,1.1,0.3,0.0,0.3,R,C,k/konectr01,Travis Konecny,2.0,0.0,2.0,2017,175,175,24,2015
262,0.9,19.743,28.5,0.5,0.0,0.4,0.2,0.2,0.0,0.0,0.0,0.0,0.4,0.0,19.9,14.083,1.2,0.3,0.0,0.3,R,C,k/konectr01,Travis Konecny,2.0,0.0,2.0,2017,175,175,24,2015
263,0.8,19.749,29.5,0.5,0.0,0.3,0.1,0.0,0.0,0.0,0.0,0.0,0.3,0.0,20.3,14.362,1.0,0.4,0.0,0.3,R,C,k/konectr01,Travis Konecny,2.0,0.0,2.0,2017,175,175,24,2015
264,0.8,19.754,30.5,0.6,0.0,0.3,0.1,0.0,0.0,0.0,0.0,0.0,0.3,0.0,19.9,14.253,1.1,0.3,0.0,0.3,R,C,k/konectr01,Travis Konecny,1.0,0.0,1.0,2017,175,175,24,2015
265,0.7,19.759,31.5,0.5,0.0,0.2,0.0,0.0,0.0,0.0,0.0,0.0,0.2,0.0,20.2,14.33,0.9,0.3,0.0,0.3,R,C,k/konectr01,Travis Konecny,2.0,0.0,2.0,2017,175,175,24,2015
266,0.6,19.766,32.5,0.5,0.0,0.4,0.1,0.0,0.0,0.0,0.0,0.0,0.4,0.0,20.7,14.673,0.8,0.2,0.0,0.3,R,C,k/konectr01,Travis Konecny,2.0,0.0,2.0,2017,175,175,24,2015
267,0.5,19.773,33.5,0.4,0.1,0.4,0.2,0.2,0.1,0.0,0.0,0.0,0.4,0.0,20.9,15.083,0.9,0.1,0.0,0.3,R,C,k/konectr01,Travis Konecny,1.0,0.0,1.0,2017,175,175,24,2015
268,0.4,19.78,34.5,0.4,0.1,0.3,0.2,0.2,0.1,0.0,0.0,0.0,0.3,0.0,20.5,14.706,1.0,0.1,0.0,0.2,R,C,k/konectr01,Travis Konecny,1.0,0.0,1.0,2017,175,175,24,2015
269,0.4,19.788,35.5,0.4,0.2,0.3,0.3,0.2,0.2,0.0,0.0,0.0,0.3,0.0,20.3,14.667,1.0,0.1,0.0,0.2,R,C,k/konectr01,Travis Konecny,1.0,0.0,1.0,2017,175,175,24,2015
270,0.3,19.796,36.5,0.4,0.2,0.3,0.2,0.2,0.2,0.0,0.0,0.0,0.3,0.0,20.2,14.801,1.2,0.1,0.0,0.2,R,C,k/konectr01,Travis Konecny,2.0,0.0,2.0,2017,175,175,24,2015
271,0.2,19.804,37.5,0.4,0.2,0.2,0.0,0.2,0.2,0.0,0.0,0.0,0.2,0.0,20.3,15.126,1.1,0.2,0.0,0.2,R,C,k/konectr01,Travis Konecny,2.0,1.0,3.0,2017,175,175,24,2015
272,0.3,19.811,38.5,0.5,0.3,0.2,0.0,0.2,0.2,0.1,0.0,0.0,0.2,0.0,19.5,14.493,1.0,0.3,0.0,0.2,R,C,k/konectr01,Travis Konecny,2.0,1.0,3.0,2017,175,175,24,2015
273,0.3,19.818,39.5,0.4,0.3,0.2,-0.1,0.2,0.2,0.1,0.0,0.0,0.2,0.0,19.3,14.244,1.1,0.3,0.0,0.2,R,C,k/konectr01,Travis Konecny,2.0,2.0,4.0,2017,175,175,24,2015
274,0.2,19.825,40.5,0.3,0.3,0.2,0.0,0.2,0.2,0.1,0.0,0.0,0.2,0.0,19.2,14.713,1.0,0.3,0.0,0.1,R,C,k/konectr01,Travis Konecny,2.0,2.0,4.0,2017,175,175,24,2015
275,0.2,19.834,41.5,0.4,0.3,0.2,-0.1,0.2,0.2,0.1,0.0,0.0,0.2,0.0,18.8,14.736,1.4,0.3,0.0,0.1,R,C,k/konectr01,Travis Konecny,0.0,2.0,2.0,2017,175,175,24,2015
276,0.3,19.841,42.5,0.4,0.3,0.0,-0.1,0.2,0.2,0.1,0.0,0.0,0.0,0.0,18.8,14.849,1.4,0.3,0.0,0.1,R,C,k/konectr01,Travis Konecny,0.0,2.0,2.0,2017,175,175,24,2015
277,0.4,19.848,43.5,0.4,0.2,0.0,-0.2,0.0,0.1,0.1,0.0,0.0,0.0,0.0,18.3,14.676,1.4,0.6,0.0,0.0,R,C,k/konectr01,Travis Konecny,0.0,2.0,2.0,2017,175,175,24,2015
278,0.5,19.854,44.5,0.4,0.2,0.1,0.0,0.0,0.1,0.1,0.0,0.0,0.1,0.0,18.3,14.88,1.7,0.8,0.0,0.0,R,C,k/konectr01,Travis Konecny,0.0,1.0,1.0,2017,175,175,24,2015
279,0.4,19.817,40.6,0.3,0.1,0.1,-0.1,0.0,0.0,0.1,0.0,0.0,0.1,0.0,18.9,15.204,1.5,0.8,0.0,0.0,R,C,k/konectr01,Travis Konecny,0.0,1.0,1.0,2017,175,175,24,2015
280,0.4,19.78,36.7,0.3,0.1,0.1,0.0,0.0,0.0,0.1,0.0,0.0,0.1,0.0,19.5,15.477,1.3,0.8,0.0,0.0,R,C,k/konectr01,Travis Konecny,0.0,1.0,1.0,2017,175,175,24,2015
281,0.4,19.743,32.8,0.3,0.1,0.1,-0.1,0.0,0.0,0.1,0.0,0.0,0.1,0.0,19.2,15.354,1.3,0.8,0.0,0.0,R,C,k/konectr01,Travis Konecny,0.0,0.0,0.0,2017,175,175,24,2015
282,0.3,19.706,28.9,0.2,0.0,0.1,-0.1,0.2,0.0,0.0,0.0,0.0,0.1,0.0,19.4,15.757,1.4,0.7,0.0,0.0,R,C,k/konectr01,Travis Konecny,1.0,0.0,1.0,2017,175,175,24,2015
283,0.4,19.765,5.5,0.5,0.1,0.2,0.1,0.4,0.1,0.0,0.0,0.0,0.2,0.0,15.0,10.719,0.8,0.4,1.7,3.6,R,C,m/malgide01,Denis Malgin,1.0,0.0,1.0,2017,173,163,102,2015
284,0.4,19.77,6.5,0.5,0.2,0.2,0.1,0.4,0.1,0.1,0.0,0.0,0.2,0.0,14.8,10.609,0.9,0.4,1.8,3.4,R,C,m/malgide01,Denis Malgin,0.0,0.0,0.0,2017,173,163,102,2015
285,0.3,19.776,7.5,0.4,0.2,0.2,0.1,0.4,0.1,0.1,0.0,0.0,0.2,0.0,15.1,10.714,0.7,0.4,2.0,3.2,R,C,m/malgide01,Denis Malgin,0.0,0.0,0.0,2017,173,163,102,2015
286,0.4,19.782,8.5,0.5,0.2,0.2,0.1,0.4,0.1,0.1,0.0,0.0,0.2,0.0,15.1,10.8,0.8,0.4,2.0,3.3,R,C,m/malgide01,Denis Malgin,1.0,0.0,1.0,2017,173,163,102,2015
287,0.4,19.787,9.5,0.5,0.2,0.2,0.3,0.4,0.1,0.1,0.0,0.0,0.2,0.0,15.3,11.29,0.9,0.3,2.3,3.5,R,C,m/malgide01,Denis Malgin,1.0,1.0,2.0,2017,173,163,102,2015
288,0.4,19.793,10.5,0.5,0.3,0.2,0.3,0.2,0.2,0.1,0.0,0.0,0.2,0.0,15.1,11.132,0.6,0.2,2.2,3.1,R,C,m/malgide01,Denis Malgin,1.0,2.0,3.0,2017,173,163,102,2015
289,0.5,19.799,11.5,0.5,0.4,0.2,0.4,0.2,0.3,0.1,0.0,0.0,0.2,0.0,15.8,11.6,0.6,0.1,2.2,3.4,R,C,m/malgide01,Denis Malgin,2.0,2.0,4.0,2017,173,163,102,2015
290,0.5,19.804,12.5,0.5,0.4,0.3,0.5,0.4,0.3,0.1,0.0,0.0,0.3,0.0,15.9,12.105,0.6,0.0,2.3,3.6,R,C,m/malgide01,Denis Malgin,2.0,2.0,4.0,2017,173,163,102,2015
291,0.6,19.81,13.5,0.5,0.4,0.3,0.4,0.4,0.3,0.1,0.0,0.0,0.3,0.0,16.0,11.963,0.6,0.1,2.4,3.6,R,C,m/malgide01,Denis Malgin,1.0,2.0,3.0,2017,173,163,102,2015
292,0.6,19.816,14.5,0.5,0.4,0.2,0.3,0.4,0.3,0.1,0.0,0.0,0.2,0.0,16.5,12.353,0.4,0.1,2.6,3.4,R,C,m/malgide01,Denis Malgin,1.0,2.0,3.0,2017,173,163,102,2015
293,0.6,19.822,15.5,0.5,0.3,0.2,0.1,0.2,0.2,0.1,0.0,0.0,0.2,0.0,16.5,12.365,0.4,0.1,2.3,3.4,R,C,m/malgide01,Denis Malgin,1.0,2.0,3.0,2017,173,163,102,2015
294,0.6,19.829,16.5,0.5,0.2,0.2,0.1,0.2,0.2,0.0,0.0,0.0,0.2,0.0,16.6,12.695,0.3,0.1,2.2,3.4,R,C,m/malgide01,Denis Malgin,1.0,2.0,3.0,2017,173,163,102,2015
295,0.6,19.835,17.5,0.5,0.2,0.1,0.1,0.2,0.2,0.0,0.0,0.0,0.1,0.0,16.4,13.053,0.3,0.2,2.0,3.5,R,C,m/malgide01,Denis Malgin,1.0,2.0,3.0,2017,173,163,102,2015
296,0.5,19.841,18.5,0.4,0.2,0.1,0.1,0.2,0.2,0.0,0.0,0.0,0.1,0.0,16.6,13.17,0.3,0.3,2.3,3.7,R,C,m/malgide01,Denis Malgin,1.0,2.0,3.0,2017,173,163,102,2015
297,0.6,19.847,19.5,0.3,0.2,0.1,0.0,0.2,0.2,0.0,0.0,0.0,0.1,0.0,16.3,12.693,0.3,0.3,2.0,3.4,R,C,m/malgide01,Denis Malgin,1.0,1.0,2.0,2017,173,163,102,2015
298,0.5,19.853,20.5,0.2,0.1,0.1,0.0,0.4,0.1,0.0,0.0,0.0,0.1,0.0,16.6,12.936,0.4,0.3,1.9,3.3,R,C,m/malgide01,Denis Malgin,1.0,0.0,1.0,2017,173,163,102,2015
299,0.4,19.858,21.5,0.2,0.0,0.1,0.0,0.4,0.0,0.0,0.0,0.0,0.1,0.0,16.7,13.09,0.4,0.3,1.8,3.0,R,C,m/malgide01,Denis Malgin,0.0,0.0,0.0,2017,173,163,102,2015
300,0.4,19.863,22.5,0.2,0.0,0.0,-0.2,0.2,0.0,0.0,0.0,0.0,0.0,0.0,16.4,12.629,0.5,0.3,1.6,2.4,R,C,m/malgide01,Denis Malgin,0.0,0.0,0.0,2017,173,163,102,2015
301,0.3,19.868,23.5,0.3,0.0,0.0,-0.3,0.2,0.0,0.0,0.0,0.0,0.0,0.0,16.3,12.781,0.5,0.4,1.2,2.1,R,C,m/malgide01,Denis Malgin,0.0,0.0,0.0,2017,173,163,102,2015
302,0.2,19.875,24.5,0.3,0.0,0.0,-0.3,0.2,0.0,0.0,0.0,0.0,0.0,0.0,17.1,13.089,0.6,0.4,1.5,2.3,R,C,m/malgide01,Denis Malgin,0.0,0.0,0.0,2017,173,163,102,2015
303,0.3,19.882,25.5,0.3,0.0,0.0,-0.3,0.2,0.0,0.0,0.0,0.0,0.0,0.0,16.6,12.912,0.7,0.4,1.5,2.2,R,C,m/malgide01,Denis Malgin,0.0,0.0,0.0,2017,173,163,102,2015
304,0.2,19.889,26.5,0.3,0.0,0.0,-0.4,0.2,0.0,0.0,0.0,0.0,0.0,0.0,15.8,11.988,0.7,0.4,1.5,2.1,R,C,m/malgide01,Denis Malgin,0.0,0.0,0.0,2017,173,163,102,2015
305,0.2,19.898,27.5,0.4,0.0,0.0,-0.4,0.2,0.0,0.0,0.0,0.0,0.0,0.0,16.1,11.667,0.8,0.4,1.3,2.1,R,C,m/malgide01,Denis Malgin,0.0,0.0,0.0,2017,173,163,102,2015
306,0.2,19.906,28.5,0.5,0.0,0.0,-0.4,0.2,0.0,0.0,0.0,0.0,0.0,0.0,15.6,11.244,0.7,0.3,0.8,1.5,R,C,m/malgide01,Denis Malgin,0.0,0.0,0.0,2017,173,163,102,2015
307,0.2,19.914,29.5,0.5,0.0,0.0,-0.4,0.2,0.0,0.0,0.0,0.0,0.0,0.0,16.1,11.582,0.7,0.3,0.7,1.4,R,C,m/malgide01,Denis Malgin,0.0,0.0,0.0,2017,173,163,102,2015
308,0.2,19.922,30.5,0.6,0.0,0.0,-0.4,0.0,0.0,0.0,0.0,0.0,0.0,0.0,16.1,11.724,0.7,0.3,0.7,1.5,R,C,m/malgide01,Denis Malgin,0.0,0.0,0.0,2017,173,163,102,2015
309,0.2,19.931,31.5,0.7,0.0,0.0,-0.5,0.0,0.0,0.0,0.0,0.0,0.0,0.0,15.7,11.085,0.6,0.3,0.7,1.7,R,C,m/malgide01,Denis Malgin,0.0,0.0,0.0,2017,173,163,102,2015
310,0.3,19.941,32.5,0.7,0.0,0.0,-0.4,0.0,0.0,0.0,0.0,0.0,0.0,0.0,14.5,10.208,0.6,0.3,0.8,1.8,R,C,m/malgide01,Denis Malgin,0.0,0.0,0.0,2017,173,163,102,2015
311,0.4,19.95,33.5,0.6,0.0,0.0,-0.2,0.0,0.0,0.0,0.0,0.0,0.0,0.0,14.0,9.891,0.7,0.1,0.8,2.1,R,C,m/malgide01,Denis Malgin,0.0,0.0,0.0,2017,173,163,102,2015
312,0.5,19.958,34.5,0.7,0.0,0.0,-0.1,0.0,0.0,0.0,0.0,0.0,0.0,0.0,13.0,9.235,0.6,0.1,0.3,1.8,R,C,m/malgide01,Denis Malgin,0.0,0.0,0.0,2017,173,163,102,2015
313,0.4,19.994,31.6,0.6,0.0,0.0,0.0,0.0,0.0,0.0,0.0,0.0,0.0,0.0,13.6,9.207,0.5,0.2,0.2,1.5,R,C,m/malgide01,Denis Malgin,0.0,0.0,0.0,2017,173,163,102,2015
314,0.5,20.029,28.7,0.5,0.0,0.0,0.2,0.0,0.0,0.0,0.0,0.0,0.0,0.0,14.3,9.686,0.5,0.2,0.1,1.3,R,C,m/malgide01,Denis Malgin,0.0,0.0,0.0,2017,173,163,102,2015
315,0.5,20.269,25.6,0.5,0.0,0.0,0.1,0.0,0.0,0.0,0.0,0.0,0.0,0.0,14.2,9.771,0.6,0.1,0.1,1.1,R,C,m/malgide01,Denis Malgin,0.0,0.0,0.0,2017,173,163,102,2015
316,0.5,20.51,22.5,0.5,0.0,0.0,0.1,0.0,0.0,0.0,0.0,0.0,0.0,0.0,14.7,9.937,0.6,0.1,0.1,1.1,R,C,m/malgide01,Denis Malgin,0.0,0.0,0.0,2017,173,163,102,2015
317,0.3,19.469,5.5,0.4,0.1,0.5,-0.3,1.2,0.1,0.0,0.0,0.0,0.5,0.0,21.7,16.721,0.4,0.9,0.3,0.3,R,C,m/marnemi01,Mitchell Marner,2.0,1.0,3.0,2017,180,160,4,2015
318,0.4,19.475,6.5,0.4,0.3,0.5,0.0,1.2,0.3,0.0,0.0,0.0,0.5,0.0,21.4,16.411,0.4,0.8,0.4,0.3,R,C,m/marnemi01,Mitchell Marner,5.0,0.0,5.0,2017,180,160,4,2015
319,0.4,19.48,7.5,0.4,0.3,0.6,-0.2,1.0,0.3,0.0,0.0,0.1,0.5,0.0,21.8,16.442,0.4,0.5,0.4,0.4,R,C,m/marnemi01,Mitchell Marner,4.0,0.0,4.0,2017,180,160,4,2015
320,0.4,19.485,8.5,0.5,0.3,0.5,-0.3,0.8,0.3,0.0,0.0,0.1,0.4,0.0,21.7,16.766,0.5,0.4,0.4,0.4,R,C,m/marnemi01,Mitchell Marner,4.0,0.0,4.0,2017,180,160,4,2015
321,0.5,19.491,9.5,0.6,0.4,0.6,-0.3,0.8,0.3,0.1,0.0,0.2,0.4,0.0,21.8,16.777,0.5,0.3,0.5,0.4,R,C,m/marnemi01,Mitchell Marner,3.0,0.0,3.0,2017,180,160,4,2015
322,0.5,19.496,10.5,0.6,0.4,0.5,-0.5,0.6,0.3,0.1,0.0,0.2,0.3,0.0,21.6,16.892,0.4,0.0,0.5,0.4,R,C,m/marnemi01,Mitchell Marner,3.0,2.0,5.0,2017,180,160,4,2015
323,0.6,19.502,11.5,0.6,0.5,0.7,0.0,0.2,0.4,0.1,0.0,0.2,0.5,0.0,21.6,16.862,0.4,0.0,0.4,0.4,R,C,m/marnemi01,Mitchell Marner,1.0,3.0,4.0,2017,180,160,4,2015
324,0.6,19.508,12.5,0.6,0.6,0.4,-0.2,0.2,0.5,0.1,0.0,0.2,0.2,0.0,21.4,16.81,0.5,0.1,0.3,0.3,R,C,m/marnemi01,Mitchell Marner,1.0,3.0,4.0,2017,180,160,4,2015
325,0.6,19.514,13.5,0.6,0.6,0.4,-0.2,0.2,0.5,0.1,0.0,0.2,0.2,0.0,21.5,16.558,0.6,0.3,0.4,0.4,R,C,m/marnemi01,Mitchell Marner,2.0,4.0,6.0,2017,180,160,4,2015
326,0.6,19.52,14.5,0.7,0.6,0.4,-0.1,0.2,0.5,0.1,0.0,0.2,0.2,0.0,21.4,16.331,0.7,0.4,0.3,0.3,R,C,m/marnemi01,Mitchell Marner,2.0,4.0,6.0,2017,180,160,4,2015
327,0.5,19.526,15.5,0.6,0.6,0.4,-0.1,0.2,0.5,0.1,0.0,0.2,0.2,0.0,21.8,16.754,0.7,0.5,0.3,0.3,R,C,m/marnemi01,Mitchell Marner,4.0,3.0,7.0,2017,180,160,4,2015
328,0.5,19.532,16.5,0.7,0.4,0.6,-0.2,0.2,0.3,0.1,0.0,0.3,0.3,0.0,22.0,17.107,0.8,0.6,0.2,0.3,R,C,m/marnemi01,Mitchell Marner,3.0,3.0,6.0,2017,180,160,4,2015
329,0.5,19.539,17.5,0.6,0.3,0.6,-0.1,0.4,0.2,0.1,0.0,0.2,0.4,0.0,21.8,17.057,0.7,0.8,0.2,0.3,R,C,m/marnemi01,Mitchell Marner,3.0,3.0,6.0,2017,180,160,4,2015
330,0.5,19.545,18.5,0.5,0.3,0.6,0.2,0.4,0.2,0.1,0.0,0.2,0.4,0.0,22.0,17.115,0.6,0.9,0.2,0.3,R,C,m/marnemi01,Mitchell Marner,2.0,2.0,4.0,2017,180,160,4,2015
331,0.4,19.551,19.5,0.4,0.2,0.5,0.2,0.4,0.2,0.0,0.0,0.1,0.4,0.0,22.3,17.564,0.7,0.9,0.1,0.3,R,C,m/marnemi01,Mitchell Marner,2.0,2.0,4.0,2017,180,160,4,2015
332,0.4,19.558,20.5,0.5,0.2,0.5,0.3,0.4,0.2,0.0,0.0,0.1,0.4,0.0,22.8,17.681,0.7,0.9,0.1,0.4,R,C,m/marnemi01,Mitchell Marner,2.0,1.0,3.0,2017,180,160,4,2015
333,0.4,19.565,21.5,0.4,0.1,0.3,-0.1,0.6,0.1,0.0,0.0,0.1,0.2,0.0,22.5,17.673,0.7,0.9,0.1,0.4,R,C,m/marnemi01,Mitchell Marner,3.0,0.0,3.0,2017,180,160,4,2015
334,0.3,19.571,22.5,0.4,0.0,0.4,-0.3,0.4,0.0,0.0,0.0,0.2,0.2,0.0,22.6,17.771,0.6,0.9,0.2,0.5,R,C,m/marnemi01,Mitchell Marner,3.0,0.0,3.0,2017,180,160,4,2015
335,0.3,19.578,23.5,0.5,0.0,0.4,-0.3,0.4,0.0,0.0,0.0,0.2,0.2,0.0,22.5,17.784,0.5,0.7,0.1,0.4,R,C,m/marnemi01,Mitchell Marner,3.0,0.0,3.0,2017,180,160,4,2015
336,0.3,19.584,24.5,0.5,0.1,0.4,-0.2,0.4,0.1,0.0,0.0,0.2,0.2,0.0,22.8,18.349,0.4,0.6,0.1,0.5,R,C,m/marnemi01,Mitchell Marner,3.0,0.0,3.0,2017,180,160,4,2015
337,0.4,19.591,25.5,0.6,0.1,0.6,0.1,0.4,0.1,0.0,0.0,0.2,0.4,0.0,22.4,17.989,0.3,0.5,0.1,0.4,R,C,m/marnemi01,Mitchell Marner,1.0,0.0,1.0,2017,180,160,4,2015
338,0.3,19.597,26.5,0.6,0.1,0.4,0.0,0.4,0.1,0.0,0.0,0.1,0.3,0.0,22.3,17.863,0.2,0.4,0.1,0.4,R,C,m/marnemi01,Mitchell Marner,1.0,0.0,1.0,2017,180,160,4,2015
339,0.3,19.603,27.5,0.6,0.1,0.6,0.1,0.2,0.1,0.0,0.0,0.2,0.4,0.0,22.6,18.088,0.2,0.2,0.1,0.5,R,C,m/marnemi01,Mitchell Marner,1.0,0.0,1.0,2017,180,160,4,2015
340,0.4,19.61,28.5,0.6,0.1,0.6,0.1,0.2,0.1,0.0,0.0,0.2,0.4,0.0,22.7,17.93,0.2,0.2,0.2,0.6,R,C,m/marnemi01,Mitchell Marner,1.0,1.0,2.0,2017,180,160,4,2015
341,0.5,19.617,29.5,0.6,0.1,0.6,0.2,0.2,0.1,0.0,0.0,0.2,0.4,0.0,22.5,17.365,0.3,0.2,0.2,0.7,R,C,m/marnemi01,Mitchell Marner,3.0,1.0,4.0,2017,180,160,4,2015
342,0.6,19.623,30.5,0.5,0.1,0.6,0.2,0.2,0.1,0.0,0.0,0.2,0.4,0.0,22.3,17.101,0.3,0.2,0.3,0.6,R,C,m/marnemi01,Mitchell Marner,3.0,1.0,4.0,2017,180,160,4,2015
343,0.6,19.629,31.5,0.6,0.2,0.6,0.2,0.0,0.2,0.0,0.0,0.2,0.4,0.0,22.6,16.918,0.3,0.2,0.3,0.6,R,C,m/marnemi01,Mitchell Marner,5.0,1.0,6.0,2017,180,160,4,2015
344,0.6,19.636,32.5,0.5,0.3,0.6,0.1,0.0,0.3,0.0,0.0,0.2,0.4,0.0,22.9,16.73,0.3,0.1,0.2,0.6,R,C,m/marnemi01,Mitchell Marner,5.0,1.0,6.0,2017,180,160,4,2015
345,0.7,19.642,33.5,0.4,0.3,0.6,0.0,0.2,0.3,0.0,0.0,0.2,0.4,0.0,22.7,16.915,0.6,0.2,0.2,0.6,R,C,m/marnemi01,Mitchell Marner,5.0,0.0,5.0,2017,180,160,4,2015
346,0.7,19.649,34.5,0.4,0.2,0.9,0.0,0.4,0.2,0.0,0.0,0.4,0.5,0.0,23.4,16.985,0.7,0.2,0.3,0.5,R,C,m/marnemi01,Mitchell Marner,3.0,0.0,3.0,2017,180,160,4,2015
347,0.7,19.656,35.5,0.3,0.2,0.9,-0.2,0.4,0.2,0.0,0.0,0.6,0.3,0.0,23.1,16.807,0.7,0.2,0.3,0.5,R,C,m/marnemi01,Mitchell Marner,3.0,1.0,4.0,2017,180,160,4,2015
348,0.8,19.664,36.5,0.2,0.2,1.0,0.0,0.4,0.2,0.0,0.0,0.6,0.4,0.0,23.1,16.755,0.7,0.2,0.3,0.5,R,C,m/marnemi01,Mitchell Marner,1.0,2.0,3.0,2017,180,160,4,2015
349,0.8,19.671,37.5,0.3,0.2,0.8,-0.3,0.6,0.2,0.0,0.0,0.6,0.2,0.0,22.4,16.592,0.8,0.3,0.3,0.3,R,C,m/marnemi01,Mitchell Marner,1.0,2.0,3.0,2017,180,160,4,2015
350,0.7,19.678,38.5,0.4,0.2,0.9,-0.4,0.6,0.2,0.0,0.0,0.6,0.3,0.0,22.5,16.343,0.9,0.2,0.2,0.2,R,C,m/marnemi01,Mitchell Marner,4.0,2.0,6.0,2017,180,160,4,2015
351,0.6,19.685,39.5,0.5,0.2,0.9,-0.5,0.6,0.2,0.0,0.0,0.6,0.3,0.0,22.5,16.574,0.7,0.2,0.2,0.1,R,C,m/marnemi01,Mitchell Marner,6.0,2.0,8.0,2017,180,160,4,2015
352,0.6,19.692,40.5,0.6,0.3,1.0,-0.4,0.8,0.3,0.0,0.0,0.7,0.3,0.0,22.1,16.629,0.7,0.3,0.1,0.1,R,C,m/marnemi01,Mitchell Marner,7.0,1.0,8.0,2017,180,160,4,2015
353,0.6,19.699,41.5,0.5,0.2,1.0,-0.3,0.8,0.2,0.0,0.0,0.7,0.3,0.0,21.9,16.885,0.7,0.3,0.1,0.1,R,C,m/marnemi01,Mitchell Marner,7.0,0.0,7.0,2017,180,160,4,2015
354,0.6,19.705,42.5,0.5,0.1,0.9,-0.1,0.8,0.1,0.0,0.0,0.6,0.3,0.0,21.6,17.028,0.7,0.4,0.1,0.0,R,C,m/marnemi01,Mitchell Marner,8.0,0.0,8.0,2017,180,160,4,2015
355,0.5,19.71,38.8,0.5,0.1,1.0,-0.2,0.6,0.1,0.0,0.0,0.7,0.3,0.0,21.6,16.673,0.4,0.4,0.1,0.0,R,C,m/marnemi01,Mitchell Marner,5.0,0.0,5.0,2017,180,160,4,2015
356,0.5,19.715,35.1,0.4,0.1,0.7,-0.2,0.4,0.1,0.0,0.0,0.5,0.2,0.0,20.7,16.165,0.4,0.4,0.0,0.0,R,C,m/marnemi01,Mitchell Marner,4.0,1.0,5.0,2017,180,160,4,2015
357,0.4,19.719,31.4,0.4,0.1,0.5,-0.4,0.4,0.1,0.0,0.0,0.3,0.2,0.0,21.1,16.371,0.5,0.4,0.0,0.0,R,C,m/marnemi01,Mitchell Marner,3.0,1.0,4.0,2017,180,160,4,2015
358,0.4,19.723,27.7,0.4,0.1,0.7,-0.5,0.4,0.1,0.0,0.0,0.5,0.2,0.0,21.0,16.273,0.5,0.4,0.0,0.0,R,C,m/marnemi01,Mitchell Marner,2.0,1.0,3.0,2017,180,160,4,2015
359,0.7,19.775,5.5,0.6,0.5,0.7,0.6,0.6,0.5,0.0,0.0,0.3,0.4,0.0,26.7,21.483,0.1,0.4,5.7,6.8,L,C,m/mcdavco01,Connor McDavid,4.0,2.0,6.0,2017,185,190,1,2015
360,0.6,19.781,6.5,0.5,0.3,0.7,0.1,0.6,0.3,0.0,0.0,0.4,0.3,0.0,25.8,21.1,0.2,0.4,5.6,6.5,L,C,m/mcdavco01,Connor McDavid,4.0,1.0,5.0,2017,185,190,1,2015
361,0.6,19.787,7.5,0.5,0.2,0.5,-0.2,0.4,0.2,0.0,0.0,0.2,0.3,0.0,25.5,21.228,0.2,0.5,6.1,6.4,L,C,m/mcdavco01,Connor McDavid,4.0,2.0,6.0,2017,185,190,1,2015
362,0.7,19.793,8.5,0.4,0.2,0.6,-0.1,0.4,0.2,0.0,0.0,0.3,0.3,0.0,25.3,21.216,0.1,0.6,6.1,6.6,L,C,m/mcdavco01,Connor McDavid,4.0,2.0,6.0,2017,185,190,1,2015
363,0.6,19.799,9.5,0.3,0.2,0.9,0.2,0.2,0.2,0.0,0.0,0.3,0.6,0.0,25.1,21.089,0.1,0.6,6.2,7.0,L,C,m/mcdavco01,Connor McDavid,3.0,1.0,4.0,2017,185,190,1,2015
364,0.5,19.805,10.5,0.3,0.1,0.9,-0.1,0.2,0.1,0.0,0.0,0.3,0.6,0.0,25.0,21.095,0.1,0.5,6.6,7.1,L,C,m/mcdavco01,Connor McDavid,3.0,1.0,4.0,2017,185,190,1,2015
365,0.4,19.811,11.5,0.4,0.1,0.9,-0.1,0.0,0.1,0.0,0.0,0.3,0.6,0.0,25.2,21.389,0.2,0.7,6.7,7.7,L,C,m/mcdavco01,Connor McDavid,1.0,1.0,2.0,2017,185,190,1,2015
366,0.3,19.816,12.5,0.3,0.1,0.7,-0.3,0.0,0.1,0.0,0.0,0.2,0.5,0.0,24.6,21.504,0.2,0.6,6.9,7.8,L,C,m/mcdavco01,Connor McDavid,2.0,0.0,2.0,2017,185,190,1,2015
367,0.2,19.822,13.5,0.3,0.0,0.7,-0.8,0.0,0.0,0.0,0.0,0.2,0.5,0.0,24.5,21.493,0.2,0.5,6.9,8.2,L,C,m/mcdavco01,Connor McDavid,5.0,0.0,5.0,2017,185,190,1,2015
368,0.3,19.827,14.5,0.2,0.3,0.7,-0.4,0.2,0.3,0.0,0.0,0.2,0.5,0.0,25.0,21.125,0.2,0.5,6.9,8.5,L,C,m/mcdavco01,Connor McDavid,6.0,0.0,6.0,2017,185,190,1,2015
369,0.4,19.833,15.5,0.3,0.3,0.9,-0.1,0.2,0.3,0.0,0.0,0.3,0.6,0.0,24.0,20.718,0.2,0.4,6.4,8.2,L,C,m/mcdavco01,Connor McDavid,6.0,0.0,6.0,2017,185,190,1,2015
370,0.5,19.838,16.5,0.3,0.4,1.0,0.3,0.2,0.4,0.0,0.0,0.3,0.7,0.0,24.4,20.708,0.2,0.4,6.1,8.6,L,C,m/mcdavco01,Connor McDavid,6.0,0.0,6.0,2017,185,190,1,2015
371,0.4,19.844,17.5,0.3,0.5,1.0,0.4,0.2,0.5,0.0,0.0,0.3,0.7,0.0,24.4,20.637,0.2,0.3,5.4,8.8,L,C,m/mcdavco01,Connor McDavid,5.0,0.0,5.0,2017,185,190,1,2015
372,0.3,19.849,18.5,0.4,0.5,1.0,0.5,0.2,0.5,0.0,0.0,0.2,0.8,0.0,24.6,21.015,0.3,0.2,5.5,8.7,L,C,m/mcdavco01,Connor McDavid,2.0,3.0,5.0,2017,185,190,1,2015
373,0.3,19.855,19.5,0.5,0.6,0.8,0.4,0.4,0.6,0.0,0.0,0.2,0.6,0.0,24.8,21.07,0.4,0.2,5.3,8.1,L,C,m/mcdavco01,Connor McDavid,3.0,3.0,6.0,2017,185,190,1,2015
374,0.4,19.86,20.5,0.4,0.6,1.0,0.5,0.4,0.6,0.0,0.0,0.4,0.6,0.0,24.5,20.777,0.4,0.2,4.2,7.8,L,C,m/mcdavco01,Connor McDavid,4.0,4.0,8.0,2017,185,190,1,2015
375,0.5,19.865,21.5,0.4,0.6,0.9,0.4,0.4,0.6,0.0,0.0,0.4,0.5,0.0,24.3,20.662,0.4,0.0,3.5,7.2,L,C,m/mcdavco01,Connor McDavid,4.0,5.0,9.0,2017,185,190,1,2015
376,0.5,19.87,22.5,0.5,0.6,0.9,0.4,0.4,0.6,0.0,0.0,0.4,0.5,0.0,24.4,20.477,0.5,0.0,3.3,6.6,L,C,m/mcdavco01,Connor McDavid,5.0,5.0,10.0,2017,185,190,1,2015
377,0.5,19.875,23.5,0.5,0.6,1.1,0.7,0.6,0.6,0.0,0.0,0.5,0.6,0.0,24.3,20.31,0.5,0.0,3.3,5.7,L,C,m/mcdavco01,Connor McDavid,6.0,3.0,9.0,2017,185,190,1,2015
378,0.4,19.88,24.5,0.5,0.4,1.2,0.4,0.4,0.3,0.1,0.0,0.5,0.6,0.1,23.9,20.477,0.5,0.0,3.0,5.8,L,C,m/mcdavco01,Connor McDavid,7.0,3.0,10.0,2017,185,190,1,2015
379,0.3,19.885,25.5,0.4,0.4,1.0,0.2,0.6,0.3,0.1,0.0,0.4,0.5,0.1,24.3,20.799,0.5,0.0,3.1,6.1,L,C,m/mcdavco01,Connor McDavid,5.0,2.0,7.0,2017,185,190,1,2015
380,0.3,19.89,26.5,0.5,0.3,0.9,0.0,0.6,0.2,0.1,0.0,0.4,0.4,0.1,24.1,20.894,0.4,0.0,3.3,5.6,L,C,m/mcdavco01,Connor McDavid,5.0,1.0,6.0,2017,185,190,1,2015
381,0.3,19.895,27.5,0.6,0.2,0.9,0.0,0.6,0.1,0.1,0.0,0.4,0.4,0.1,23.9,20.592,0.4,0.0,3.9,4.7,L,C,m/mcdavco01,Connor McDavid,6.0,1.0,7.0,2017,185,190,1,2015
382,0.4,19.901,28.5,0.6,0.2,0.8,-0.1,0.6,0.1,0.1,0.0,0.4,0.3,0.1,24.4,20.846,0.4,0.0,4.5,4.5,L,C,m/mcdavco01,Connor McDavid,6.0,1.0,7.0,2017,185,190,1,2015
383,0.5,19.906,29.5,0.5,0.1,0.8,-0.2,0.6,0.0,0.1,0.0,0.4,0.3,0.1,24.3,20.915,0.6,0.1,4.6,4.5,L,C,m/mcdavco01,Connor McDavid,3.0,1.0,4.0,2017,185,190,1,2015
384,0.5,19.912,30.5,0.5,0.1,0.5,-0.2,0.6,0.0,0.1,0.0,0.2,0.2,0.1,24.3,20.895,0.7,0.2,4.6,4.7,L,C,m/mcdavco01,Connor McDavid,4.0,1.0,5.0,2017,185,190,1,2015
385,0.4,19.918,31.5,0.4,0.2,0.6,-0.1,0.6,0.1,0.1,0.0,0.2,0.3,0.1,24.6,21.106,0.6,0.2,4.8,4.6,L,C,m/mcdavco01,Connor McDavid,4.0,1.0,5.0,2017,185,190,1,2015
386,0.5,19.925,32.5,0.4,0.2,0.6,0.1,0.6,0.1,0.1,0.0,0.2,0.3,0.1,24.6,20.923,0.6,0.2,5.0,5.0,L,C,m/mcdavco01,Connor McDavid,2.0,1.0,3.0,2017,185,190,1,2015
387,0.5,19.932,33.5,0.5,0.3,0.4,0.1,0.4,0.1,0.2,0.0,0.1,0.2,0.1,24.7,21.605,0.6,0.2,5.3,6.0,L,C,m/mcdavco01,Connor McDavid,2.0,0.0,2.0,2017,185,190,1,2015
388,0.5,19.94,34.5,0.5,0.2,0.3,0.1,0.6,0.1,0.1,0.0,0.1,0.2,0.0,24.7,21.781,0.6,0.2,5.4,5.7,L,C,m/mcdavco01,Connor McDavid,2.0,0.0,2.0,2017,185,190,1,2015
389,0.6,19.947,35.5,0.5,0.2,0.5,0.4,0.4,0.1,0.1,0.0,0.1,0.4,0.0,24.7,21.679,0.6,0.2,5.2,5.5,L,C,m/mcdavco01,Connor McDavid,2.0,1.0,3.0,2017,185,190,1,2015
390,0.6,19.955,36.5,0.4,0.2,0.5,0.4,0.4,0.1,0.1,0.0,0.1,0.4,0.0,24.5,21.984,0.6,0.2,4.5,5.2,L,C,m/mcdavco01,Connor McDavid,2.0,1.0,3.0,2017,185,190,1,2015
391,0.6,19.962,37.5,0.3,0.2,0.7,0.6,0.4,0.1,0.1,0.0,0.1,0.6,0.0,24.3,21.839,0.6,0.2,4.0,5.5,L,C,m/mcdavco01,Connor McDavid,2.0,2.0,4.0,2017,185,190,1,2015
392,0.5,19.968,38.5,0.3,0.2,0.7,0.5,0.6,0.1,0.1,0.0,0.1,0.6,0.0,24.2,21.755,0.5,0.2,3.0,5.2,L,C,m/mcdavco01,Connor McDavid,1.0,2.0,3.0,2017,185,190,1,2015
393,0.5,19.975,39.5,0.4,0.2,0.8,0.6,0.4,0.1,0.1,0.0,0.1,0.7,0.0,24.4,22.13,0.2,0.1,2.9,5.0,L,C,m/mcdavco01,Connor McDavid,3.0,2.0,5.0,2017,185,190,1,2015
394,0.5,19.981,40.5,0.5,0.2,0.8,0.5,0.4,0.1,0.1,0.0,0.1,0.7,0.0,25.1,22.43,0.2,0.0,3.7,4.6,L,C,m/mcdavco01,Connor McDavid,3.0,1.0,4.0,2017,185,190,1,2015
395,0.6,19.987,41.5,0.6,0.1,0.8,0.5,0.4,0.0,0.1,0.0,0.1,0.7,0.0,24.8,21.879,0.2,0.0,3.6,4.8,L,C,m/mcdavco01,Connor McDavid,5.0,1.0,6.0,2017,185,190,1,2015
396,0.6,19.992,42.5,0.6,0.2,1.0,0.6,0.4,0.1,0.1,0.0,0.2,0.8,0.0,25.3,22.461,0.3,0.2,3.8,4.8,L,C,m/mcdavco01,Connor McDavid,5.0,0.0,5.0,2017,185,190,1,2015
397,0.6,19.997,43.5,0.6,0.1,1.1,0.5,0.4,0.1,0.0,0.0,0.3,0.8,0.0,25.3,22.277,0.5,0.3,3.6,4.3,L,C,m/mcdavco01,Connor McDavid,7.0,0.0,7.0,2017,185,190,1,2015
398,0.7,20.001,44.5,0.6,0.2,1.1,0.6,0.4,0.2,0.0,0.0,0.3,0.8,0.0,24.8,21.764,0.6,0.3,3.9,4.3,L,C,m/mcdavco01,Connor McDavid,5.0,0.0,5.0,2017,185,190,1,2015
399,0.7,20.006,45.5,0.6,0.2,1.0,0.6,0.4,0.2,0.0,0.0,0.3,0.7,0.0,24.6,21.659,0.7,0.3,4.0,3.9,L,C,m/mcdavco01,Connor McDavid,5.0,0.0,5.0,2017,185,190,1,2015
400,0.7,20.011,46.5,0.6,0.3,1.0,0.8,0.4,0.3,0.0,0.0,0.2,0.8,0.0,24.7,21.292,0.7,0.5,4.3,4.1,L,C,m/mcdavco01,Connor McDavid,5.0,1.0,6.0,2017,185,190,1,2015
401,0.8,20.021,42.4,0.6,0.4,0.9,0.7,0.6,0.3,0.1,0.0,0.3,0.6,0.0,24.5,21.18,0.7,0.7,4.3,4.3,L,C,m/mcdavco01,Connor McDavid,6.0,1.0,7.0,2017,185,190,1,2015
402,0.9,20.031,38.3,0.6,0.6,0.9,0.9,0.4,0.4,0.2,0.0,0.3,0.6,0.0,23.9,20.767,0.7,0.8,4.7,4.5,L,C,m/mcdavco01,Connor McDavid,4.0,2.0,6.0,2017,185,190,1,2015
403,0.8,20.041,34.2,0.6,0.6,0.7,0.7,0.4,0.4,0.2,0.0,0.3,0.4,0.0,23.3,20.303,0.7,1.0,4.5,5.2,L,C,m/mcdavco01,Connor McDavid,5.0,2.0,7.0,2017,185,190,1,2015
404,0.7,20.051,30.1,0.5,0.6,0.7,0.8,0.4,0.4,0.2,0.0,0.3,0.4,0.0,22.5,19.925,0.8,1.0,4.0,5.4,L,C,m/mcdavco01,Connor McDavid,5.0,3.0,8.0,2017,185,190,1,2015
405,0.6,20.22,5.5,0.6,0.1,0.1,-0.1,0.4,0.1,0.0,0.0,0.0,0.1,0.0,19.6,13.126,2.9,0.2,0.0,0.1,L,R,m/meierti01,Timo Meier,0.0,0.0,0.0,2017,185,209,9,2015
406,0.6,20.227,6.5,0.6,0.0,0.1,-0.1,0.4,0.0,0.0,0.0,0.0,0.1,0.0,20.1,13.451,2.8,0.2,0.0,0.1,L,R,m/meierti01,Timo Meier,0.0,0.0,0.0,2017,185,209,9,2015
407,0.6,20.234,7.5,0.6,0.0,0.1,-0.2,0.2,0.0,0.0,0.0,0.0,0.1,0.0,19.8,13.383,2.9,0.2,0.0,0.1,L,R,m/meierti01,Timo Meier,0.0,0.0,0.0,2017,185,209,9,2015
408,0.5,20.241,8.5,0.6,0.0,0.1,-0.1,0.2,0.0,0.0,0.0,0.0,0.1,0.0,20.3,13.752,2.9,0.2,0.0,0.1,L,R,m/meierti01,Timo Meier,0.0,0.0,0.0,2017,185,209,9,2015
409,0.5,20.247,9.5,0.6,0.1,0.2,0.1,0.0,0.1,0.0,0.0,0.0,0.2,0.0,20.0,14.147,2.7,0.2,0.0,0.1,L,R,m/meierti01,Timo Meier,1.0,0.0,1.0,2017,185,209,9,2015
410,0.5,20.253,10.5,0.6,0.1,0.2,0.0,0.0,0.1,0.0,0.0,0.0,0.2,0.0,20.1,14.107,2.9,0.2,0.0,0.1,L,R,m/meierti01,Timo Meier,1.0,0.0,1.0,2017,185,209,9,2015
411,0.5,20.259,11.5,0.5,0.1,0.2,0.0,0.0,0.1,0.0,0.0,0.0,0.2,0.0,20.5,14.106,2.8,0.3,0.0,0.2,L,R,m/meierti01,Timo Meier,1.0,0.0,1.0,2017,185,209,9,2015
412,0.6,20.266,12.5,0.5,0.1,0.2,0.0,0.0,0.1,0.0,0.0,0.0,0.2,0.0,20.3,14.058,2.4,0.3,0.0,0.2,L,R,m/meierti01,Timo Meier,1.0,0.0,1.0,2017,185,209,9,2015
413,0.6,20.272,13.5,0.5,0.1,0.2,0.0,0.0,0.1,0.0,0.0,0.0,0.2,0.0,19.8,13.845,2.0,0.3,0.0,0.1,L,R,m/meierti01,Timo Meier,2.0,1.0,3.0,2017,185,209,9,2015
414,0.6,20.248,12.7,0.5,0.1,0.2,0.0,0.0,0.1,0.0,0.0,0.0,0.2,0.0,19.8,14.065,1.7,0.4,0.1,0.1,L,R,m/meierti01,Timo Meier,1.0,1.0,2.0,2017,185,209,9,2015
415,0.6,20.223,11.9,0.4,0.1,0.1,-0.3,0.0,0.1,0.0,0.0,0.0,0.1,0.0,19.8,14.23,1.6,0.4,0.3,0.1,L,R,m/meierti01,Timo Meier,1.0,1.0,2.0,2017,185,209,9,2015
416,0.5,20.198,11.1,0.5,0.1,0.1,-0.4,0.0,0.1,0.0,0.0,0.0,0.1,0.0,19.4,14.283,1.5,0.4,0.5,0.1,L,R,m/meierti01,Timo Meier,1.0,1.0,2.0,2017,185,209,9,2015
417,0.5,20.173,10.3,0.5,0.1,0.1,-0.5,0.0,0.1,0.0,0.0,0.0,0.1,0.0,20.1,14.753,1.3,0.4,0.6,0.2,L,R,m/meierti01,Timo Meier,1.0,1.0,2.0,2017,185,209,9,2015
418,0.5,22.388,5.5,0.5,0.0,0.1,0.0,0.2,0.0,0.0,0.0,0.0,0.1,0.0,18.0,12.845,0.4,0.5,0.0,0.0,L,D,n/nutivma01,Markus Nutivaara,0.0,0.0,0.0,2017,183,174,189,2015
419,0.6,22.396,6.5,0.5,0.0,0.1,0.2,0.2,0.0,0.0,0.0,0.0,0.1,0.0,17.9,12.741,0.3,0.5,0.0,0.0,L,D,n/nutivma01,Markus Nutivaara,0.0,0.0,0.0,2017,183,174,189,2015
420,0.6,22.403,7.5,0.4,0.0,0.1,0.0,0.2,0.0,0.0,0.0,0.0,0.1,0.0,18.3,13.105,0.3,0.5,0.0,0.0,L,D,n/nutivma01,Markus Nutivaara,0.0,0.0,0.0,2017,183,174,189,2015
421,0.6,22.409,8.5,0.4,0.1,0.1,0.4,0.2,0.1,0.0,0.0,0.0,0.1,0.0,18.5,12.988,0.3,0.7,0.0,0.0,L,D,n/nutivma01,Markus Nutivaara,1.0,0.0,1.0,2017,183,174,189,2015
422,0.6,22.415,9.5,0.5,0.1,0.1,0.4,0.2,0.1,0.0,0.0,0.0,0.1,0.0,18.4,13.103,0.4,0.7,0.0,0.0,L,D,n/nutivma01,Markus Nutivaara,1.0,0.0,1.0,2017,183,174,189,2015
423,0.7,22.421,10.5,0.6,0.1,0.1,0.4,0.2,0.1,0.0,0.0,0.0,0.1,0.0,18.0,13.083,0.4,0.6,0.0,0.0,L,D,n/nutivma01,Markus Nutivaara,1.0,0.0,1.0,2017,183,174,189,2015
424,0.8,22.428,11.5,0.6,0.1,0.1,0.4,0.0,0.1,0.0,0.0,0.0,0.1,0.0,18.5,12.947,0.4,0.6,0.0,0.0,L,D,n/nutivma01,Markus Nutivaara,1.0,0.0,1.0,2017,183,174,189,2015
425,0.7,22.435,12.5,0.7,0.1,0.1,0.4,0.0,0.1,0.0,0.0,0.0,0.1,0.0,18.5,12.605,0.4,0.6,0.0,0.0,L,D,n/nutivma01,Markus Nutivaara,1.0,1.0,2.0,2017,183,174,189,2015
426,0.6,22.441,13.5,0.7,0.1,0.1,0.4,0.0,0.1,0.0,0.0,0.0,0.1,0.0,18.3,12.781,0.6,0.5,0.0,0.0,L,D,n/nutivma01,Markus Nutivaara,0.0,1.0,1.0,2017,183,174,189,2015
427,0.6,22.447,14.5,0.6,0.1,0.0,0.1,0.0,0.1,0.0,0.0,0.0,0.0,0.0,17.4,12.294,0.7,0.6,0.0,0.0,L,D,n/nutivma01,Markus Nutivaara,0.0,1.0,1.0,2017,183,174,189,2015
428,0.6,22.452,15.5,0.6,0.1,0.0,0.1,0.0,0.1,0.0,0.0,0.0,0.0,0.0,17.3,12.423,0.8,0.6,0.0,0.0,L,D,n/nutivma01,Markus Nutivaara,0.0,1.0,1.0,2017,183,174,189,2015
429,0.6,22.457,16.5,0.6,0.1,0.1,0.2,0.0,0.1,0.0,0.0,0.0,0.1,0.0,17.8,12.772,0.7,0.7,0.0,0.0,L,D,n/nutivma01,Markus Nutivaara,0.0,1.0,1.0,2017,183,174,189,2015
430,0.7,22.463,17.5,0.6,0.1,0.1,0.5,0.0,0.1,0.0,0.0,0.0,0.1,0.0,17.2,12.397,0.7,0.9,0.0,0.0,L,D,n/nutivma01,Markus Nutivaara,0.0,0.0,0.0,2017,183,174,189,2015
431,0.7,22.468,18.5,0.5,0.0,0.1,0.2,0.0,0.0,0.0,0.0,0.0,0.1,0.0,16.9,12.221,0.6,0.6,0.0,0.0,L,D,n/nutivma01,Markus Nutivaara,0.0,0.0,0.0,2017,183,174,189,2015
432,0.7,22.474,19.5,0.5,0.0,0.1,0.2,0.0,0.0,0.0,0.0,0.0,0.1,0.0,17.0,12.279,0.7,0.6,0.0,0.0,L,D,n/nutivma01,Markus Nutivaara,0.0,0.0,0.0,2017,183,174,189,2015
433,0.7,22.48,20.5,0.4,0.0,0.2,0.3,0.0,0.0,0.0,0.0,0.0,0.2,0.0,17.4,12.614,0.9,0.6,0.0,0.0,L,D,n/nutivma01,Markus Nutivaara,1.0,0.0,1.0,2017,183,174,189,2015
434,0.7,22.485,21.5,0.5,0.0,0.3,0.3,0.0,0.0,0.0,0.0,0.0,0.3,0.0,17.4,13.032,0.8,0.7,0.0,0.0,L,D,n/nutivma01,Markus Nutivaara,1.0,0.0,1.0,2017,183,174,189,2015
435,0.8,22.491,22.5,0.4,0.0,0.3,0.3,0.0,0.0,0.0,0.0,0.0,0.3,0.0,17.3,12.96,0.9,0.9,0.0,0.0,L,D,n/nutivma01,Markus Nutivaara,1.0,0.0,1.0,2017,183,174,189,2015
436,0.9,22.497,23.5,0.3,0.0,0.3,0.3,0.0,0.0,0.0,0.0,0.0,0.3,0.0,17.6,13.165,0.7,0.8,0.0,0.0,L,D,n/nutivma01,Markus Nutivaara,1.0,0.0,1.0,2017,183,174,189,2015
437,0.9,22.503,24.5,0.3,0.0,0.3,0.4,0.0,0.0,0.0,0.0,0.0,0.3,0.0,17.5,13.3,0.6,0.7,0.0,0.0,L,D,n/nutivma01,Markus Nutivaara,2.0,0.0,2.0,2017,183,174,189,2015
438,1.0,22.51,25.5,0.4,0.0,0.3,0.4,0.0,0.0,0.0,0.0,0.0,0.3,0.0,18.1,13.48,0.5,0.7,0.0,0.0,L,D,n/nutivma01,Markus Nutivaara,2.0,0.0,2.0,2017,183,174,189,2015
439,1.0,22.517,26.5,0.4,0.0,0.2,0.3,0.0,0.0,0.0,0.0,0.0,0.2,0.0,17.9,13.356,0.6,1.0,0.0,0.0,L,D,n/nutivma01,Markus Nutivaara,2.0,0.0,2.0,2017,183,174,189,2015
440,1.0,22.523,27.5,0.5,0.0,0.2,0.1,0.2,0.0,0.0,0.0,0.0,0.2,0.0,18.4,13.626,0.8,0.9,0.0,0.0,L,D,n/nutivma01,Markus Nutivaara,2.0,0.0,2.0,2017,183,174,189,2015
441,1.0,22.53,28.5,0.6,0.0,0.2,0.1,0.2,0.0,0.0,0.0,0.0,0.2,0.0,18.2,13.654,0.8,0.9,0.0,0.0,L,D,n/nutivma01,Markus Nutivaara,2.0,0.0,2.0,2017,183,174,189,2015
442,1.0,22.536,29.5,0.5,0.0,0.2,0.2,0.2,0.0,0.0,0.0,0.0,0.2,0.0,18.1,13.421,0.6,0.9,0.0,0.0,L,D,n/nutivma01,Markus Nutivaara,1.0,0.0,1.0,2017,183,174,189,2015
443,1.0,22.542,30.5,0.5,0.0,0.2,0.3,0.2,0.0,0.0,0.0,0.0,0.2,0.0,18.5,13.419,0.6,0.9,0.0,0.0,L,D,n/nutivma01,Markus Nutivaara,0.0,0.0,0.0,2017,183,174,189,2015
444,1.0,22.549,31.5,0.5,0.0,0.1,0.3,0.2,0.0,0.0,0.0,0.0,0.1,0.0,18.1,13.129,0.6,0.8,0.0,0.0,L,D,n/nutivma01,Markus Nutivaara,0.0,0.0,0.0,2017,183,174,189,2015
445,0.4,19.776,5.5,0.5,0.0,0.5,-0.8,0.8,0.0,0.0,0.0,0.1,0.4,0.0,27.9,20.047,1.4,1.5,0.0,0.0,L,D,p/provoiv01,Ivan Provorov,2.0,0.0,2.0,2017,183,201,7,2015
446,0.4,19.782,6.5,0.6,0.0,0.4,-0.9,0.8,0.0,0.0,0.0,0.1,0.3,0.0,27.6,19.772,1.0,1.4,0.0,0.0,L,D,p/provoiv01,Ivan Provorov,3.0,0.0,3.0,2017,183,201,7,2015
447,0.5,19.787,7.5,0.6,0.0,0.4,-1.0,0.8,0.0,0.0,0.0,0.1,0.3,0.0,27.3,19.835,1.1,1.3,0.0,0.0,L,D,p/provoiv01,Ivan Provorov,4.0,0.0,4.0,2017,183,201,7,2015
448,0.5,19.792,8.5,0.6,0.0,0.5,-0.5,0.8,0.0,0.0,0.0,0.2,0.3,0.0,27.2,19.535,1.3,1.3,0.0,0.0,L,D,p/provoiv01,Ivan Provorov,4.0,0.0,4.0,2017,183,201,7,2015
449,0.5,19.797,9.5,0.6,0.0,0.5,-0.3,0.6,0.0,0.0,0.0,0.2,0.3,0.0,27.2,19.602,1.3,1.3,0.0,0.0,L,D,p/provoiv01,Ivan Provorov,2.0,0.0,2.0,2017,183,201,7,2015
450,0.4,19.802,10.5,0.5,0.0,0.3,-0.5,0.6,0.0,0.0,0.0,0.2,0.1,0.0,27.1,19.724,1.1,1.4,0.0,0.0,L,D,p/provoiv01,Ivan Provorov,2.0,0.0,2.0,2017,183,201,7,2015
451,0.5,19.807,11.5,0.6,0.0,0.3,-0.4,0.6,0.0,0.0,0.0,0.2,0.1,0.0,26.8,19.515,1.0,1.4,0.0,0.0,L,D,p/provoiv01,Ivan Provorov,1.0,0.0,1.0,2017,183,201,7,2015
452,0.4,19.813,12.5,0.6,0.0,0.2,-0.5,0.6,0.0,0.0,0.0,0.1,0.1,0.0,26.4,19.367,1.1,1.2,0.0,0.0,L,D,p/provoiv01,Ivan Provorov,1.0,0.0,1.0,2017,183,201,7,2015
453,0.5,19.819,13.5,0.6,0.0,0.2,-0.3,0.4,0.0,0.0,0.0,0.1,0.1,0.0,26.4,19.544,1.3,1.6,0.0,0.0,L,D,p/provoiv01,Ivan Provorov,1.0,0.0,1.0,2017,183,201,7,2015
454,0.5,19.825,14.5,0.6,0.0,0.2,-0.2,0.2,0.0,0.0,0.0,0.1,0.1,0.0,26.1,19.916,1.3,1.8,0.0,0.0,L,D,p/provoiv01,Ivan Provorov,1.0,0.0,1.0,2017,183,201,7,2015
455,0.5,19.831,15.5,0.6,0.0,0.2,-0.1,0.0,0.0,0.0,0.0,0.1,0.1,0.0,26.4,20.159,1.4,1.7,0.0,0.0,L,D,p/provoiv01,Ivan Provorov,1.0,0.0,1.0,2017,183,201,7,2015
456,0.4,19.836,16.5,0.5,0.1,0.3,0.1,0.0,0.1,0.0,0.0,0.1,0.2,0.0,27.1,20.456,1.7,2.0,0.0,0.0,L,D,p/provoiv01,Ivan Provorov,1.0,0.0,1.0,2017,183,201,7,2015
457,0.3,19.842,17.5,0.6,0.1,0.3,0.0,0.0,0.1,0.0,0.0,0.1,0.2,0.0,27.3,20.584,1.6,2.1,0.0,0.0,L,D,p/provoiv01,Ivan Provorov,1.0,0.0,1.0,2017,183,201,7,2015
458,0.4,19.848,18.5,0.7,0.1,0.2,0.1,0.0,0.1,0.0,0.0,0.0,0.2,0.0,27.1,20.937,1.4,2.2,0.0,0.0,L,D,p/provoiv01,Ivan Provorov,1.0,0.0,1.0,2017,183,201,7,2015
459,0.5,19.854,19.5,0.7,0.1,0.2,0.0,0.0,0.1,0.0,0.0,0.0,0.2,0.0,27.2,21.012,1.5,2.2,0.0,0.0,L,D,p/provoiv01,Ivan Provorov,1.0,0.0,1.0,2017,183,201,7,2015
460,0.6,19.859,20.5,0.7,0.1,0.2,0.1,0.0,0.1,0.0,0.0,0.0,0.2,0.0,26.9,20.972,1.5,1.9,0.0,0.0,L,D,p/provoiv01,Ivan Provorov,2.0,1.0,3.0,2017,183,201,7,2015
461,0.6,19.865,21.5,0.7,0.3,0.2,0.2,0.0,0.3,0.0,0.0,0.0,0.2,0.0,27.0,21.092,1.5,2.0,0.0,0.0,L,D,p/provoiv01,Ivan Provorov,2.0,1.0,3.0,2017,183,201,7,2015
462,0.7,19.87,22.5,0.6,0.3,0.2,0.3,0.0,0.3,0.0,0.0,0.0,0.2,0.0,27.2,21.11,1.4,2.3,0.0,0.0,L,D,p/provoiv01,Ivan Provorov,1.0,1.0,2.0,2017,183,201,7,2015
463,0.7,19.875,23.5,0.6,0.3,0.2,0.3,0.0,0.3,0.0,0.0,0.0,0.2,0.0,28.0,21.461,1.4,2.1,0.0,0.0,L,D,p/provoiv01,Ivan Provorov,1.0,1.0,2.0,2017,183,201,7,2015
464,0.8,19.88,24.5,0.6,0.3,0.3,0.3,0.2,0.3,0.0,0.0,0.0,0.3,0.0,28.2,21.344,1.5,2.3,0.0,0.0,L,D,p/provoiv01,Ivan Provorov,1.0,1.0,2.0,2017,183,201,7,2015
465,0.8,19.885,25.5,0.7,0.3,0.3,0.5,0.4,0.3,0.0,0.0,0.0,0.3,0.0,28.3,21.281,1.6,2.5,0.0,0.0,L,D,p/provoiv01,Ivan Provorov,0.0,2.0,2.0,2017,183,201,7,2015
466,0.9,19.89,26.5,0.7,0.2,0.3,0.5,0.4,0.2,0.0,0.0,0.0,0.3,0.0,28.6,21.722,1.4,2.2,0.0,0.0,L,D,p/provoiv01,Ivan Provorov,0.0,2.0,2.0,2017,183,201,7,2015
467,1.0,19.895,27.5,0.6,0.2,0.3,0.7,0.4,0.2,0.0,0.0,0.0,0.3,0.0,28.6,22.029,1.4,2.1,0.0,0.0,L,D,p/provoiv01,Ivan Provorov,1.0,2.0,3.0,2017,183,201,7,2015
468,0.9,19.901,28.5,0.5,0.2,0.3,0.7,0.4,0.2,0.0,0.0,0.0,0.3,0.0,29.0,22.143,1.4,2.3,0.0,0.0,L,D,p/provoiv01,Ivan Provorov,2.0,2.0,4.0,2017,183,201,7,2015
469,0.8,19.906,29.5,0.5,0.2,0.4,0.7,0.4,0.2,0.0,0.0,0.0,0.4,0.0,29.3,22.545,1.4,2.7,0.0,0.0,L,D,p/provoiv01,Ivan Provorov,2.0,2.0,4.0,2017,183,201,7,2015
470,0.8,19.912,30.5,0.6,0.2,0.4,0.7,0.4,0.2,0.0,0.0,0.0,0.4,0.0,30.0,22.89,1.5,2.7,0.0,0.0,L,D,p/provoiv01,Ivan Provorov,3.0,0.0,3.0,2017,183,201,7,2015
471,0.7,19.917,31.5,0.5,0.0,0.4,0.5,0.4,0.0,0.0,0.0,0.0,0.4,0.0,30.2,22.972,1.4,2.6,0.0,0.0,L,D,p/provoiv01,Ivan Provorov,3.0,0.0,3.0,2017,183,201,7,2015
472,0.6,19.924,32.5,0.5,0.0,0.5,0.3,0.4,0.0,0.0,0.0,0.0,0.5,0.0,30.4,22.995,1.5,2.5,0.0,0.0,L,D,p/provoiv01,Ivan Provorov,2.0,0.0,2.0,2017,183,201,7,2015
473,0.5,19.93,33.5,0.4,0.0,0.4,0.1,0.6,0.0,0.0,0.0,0.0,0.4,0.0,30.0,23.057,1.4,2.4,0.0,0.0,L,D,p/provoiv01,Ivan Provorov,2.0,0.0,2.0,2017,183,201,7,2015
474,0.4,19.937,34.5,0.3,0.0,0.3,0.2,0.4,0.0,0.0,0.0,0.0,0.3,0.0,30.1,23.266,1.3,2.2,0.0,0.0,L,D,p/provoiv01,Ivan Provorov,2.0,0.0,2.0,2017,183,201,7,2015
475,0.3,19.944,35.5,0.3,0.0,0.3,0.0,0.2,0.0,0.0,0.0,0.0,0.3,0.0,30.2,23.257,1.1,2.0,0.0,0.0,L,D,p/provoiv01,Ivan Provorov,1.0,0.0,1.0,2017,183,201,7,2015
476,0.3,19.952,36.5,0.4,0.0,0.3,0.0,0.2,0.0,0.0,0.0,0.0,0.3,0.0,29.8,23.072,1.0,2.5,0.0,0.0,L,D,p/provoiv01,Ivan Provorov,2.0,0.0,2.0,2017,183,201,7,2015
477,0.2,19.959,37.5,0.4,0.0,0.4,0.0,0.2,0.0,0.0,0.0,0.0,0.4,0.0,29.8,23.0,1.1,2.5,0.0,0.0,L,D,p/provoiv01,Ivan Provorov,2.0,0.0,2.0,2017,183,201,7,2015
478,0.2,19.965,38.5,0.4,0.0,0.5,-0.3,0.2,0.0,0.0,0.0,0.1,0.4,0.0,29.2,22.888,1.1,2.4,0.0,0.0,L,D,p/provoiv01,Ivan Provorov,1.0,0.0,1.0,2017,183,201,7,2015
479,0.3,19.972,39.5,0.4,0.0,0.4,-0.3,0.2,0.0,0.0,0.0,0.1,0.3,0.0,29.4,22.584,0.9,2.0,0.0,0.0,L,D,p/provoiv01,Ivan Provorov,1.0,0.0,1.0,2017,183,201,7,2015
480,0.2,19.978,40.5,0.3,0.0,0.5,-0.6,0.2,0.0,0.0,0.0,0.1,0.4,0.0,29.1,22.637,0.8,1.9,0.0,0.0,L,D,p/provoiv01,Ivan Provorov,2.0,0.0,2.0,2017,183,201,7,2015
481,0.2,19.985,41.5,0.3,0.0,0.5,-0.6,0.2,0.0,0.0,0.0,0.1,0.4,0.0,28.8,22.38,0.9,2.0,0.0,0.0,L,D,p/provoiv01,Ivan Provorov,2.0,0.0,2.0,2017,183,201,7,2015
482,0.2,19.991,42.5,0.4,0.0,0.5,-0.3,0.2,0.0,0.0,0.0,0.1,0.4,0.0,28.6,22.342,0.9,1.8,0.0,0.0,L,D,p/provoiv01,Ivan Provorov,3.0,0.0,3.0,2017,183,201,7,2015
483,0.3,19.997,43.5,0.4,0.1,0.5,-0.2,0.2,0.1,0.0,0.0,0.1,0.4,0.0,28.2,21.89,0.8,1.9,0.0,0.0,L,D,p/provoiv01,Ivan Provorov,3.0,0.0,3.0,2017,183,201,7,2015
484,0.4,20.003,44.5,0.4,0.1,0.5,-0.3,0.2,0.1,0.0,0.0,0.1,0.4,0.0,28.1,22.04,0.7,1.8,0.0,0.0,L,D,p/provoiv01,Ivan Provorov,4.0,0.0,4.0,2017,183,201,7,2015
485,0.5,20.009,45.5,0.4,0.1,0.5,-0.2,0.6,0.1,0.0,0.0,0.1,0.4,0.0,28.2,22.38,0.7,2.0,0.0,0.0,L,D,p/provoiv01,Ivan Provorov,3.0,0.0,3.0,2017,183,201,7,2015
486,0.4,19.934,41.5,0.4,0.1,0.5,-0.4,0.6,0.1,0.0,0.0,0.1,0.4,0.0,27.9,22.167,0.9,1.4,0.0,0.0,L,D,p/provoiv01,Ivan Provorov,3.0,0.0,3.0,2017,183,201,7,2015
487,0.4,19.859,37.5,0.5,0.2,0.4,-0.5,0.8,0.1,0.1,0.0,0.1,0.3,0.0,27.8,22.077,0.8,1.2,0.0,0.0,L,D,p/provoiv01,Ivan Provorov,2.0,1.0,3.0,2017,183,201,7,2015
488,0.5,19.786,33.5,0.6,0.3,0.4,-0.3,0.8,0.1,0.2,0.0,0.1,0.3,0.0,27.8,22.177,0.9,1.2,0.0,0.0,L,D,p/provoiv01,Ivan Provorov,2.0,1.0,3.0,2017,183,201,7,2015
489,0.5,19.712,29.5,0.5,0.3,0.5,-0.1,0.8,0.1,0.2,0.0,0.1,0.4,0.0,27.4,21.946,1.0,1.1,0.0,0.0,L,D,p/provoiv01,Ivan Provorov,1.0,1.0,2.0,2017,183,201,7,2015
490,0.4,20.022,5.5,0.7,0.1,0.2,-0.5,0.2,0.0,0.1,0.0,0.1,0.1,0.0,22.4,18.034,0.1,0.6,0.6,0.1,L,R,r/rantami01,Mikko Rantanen,1.0,0.0,1.0,2017,190,212,10,2015
491,0.4,20.027,6.5,0.6,0.1,0.2,-0.6,0.4,0.0,0.1,0.0,0.1,0.1,0.0,22.6,17.75,0.1,0.4,0.5,0.2,L,R,r/rantami01,Mikko Rantanen,1.0,0.0,1.0,2017,190,212,10,2015
492,0.4,20.033,7.5,0.6,0.2,0.3,-0.2,0.4,0.1,0.1,0.0,0.2,0.1,0.0,22.7,17.648,0.1,0.5,0.5,0.3,L,R,r/rantami01,Mikko Rantanen,1.0,1.0,2.0,2017,190,212,10,2015
493,0.5,20.038,8.5,0.5,0.2,0.4,0.0,0.4,0.1,0.1,0.0,0.2,0.2,0.0,23.1,18.163,0.2,0.6,0.5,0.3,L,R,r/rantami01,Mikko Rantanen,1.0,1.0,2.0,2017,190,212,10,2015
494,0.5,20.044,9.5,0.6,0.2,0.6,0.3,0.6,0.1,0.1,0.0,0.2,0.4,0.0,23.0,18.101,0.2,0.7,0.7,0.3,L,R,r/rantami01,Mikko Rantanen,1.0,1.0,2.0,2017,190,212,10,2015
495,0.4,20.05,10.5,0.6,0.2,0.5,0.3,0.6,0.1,0.1,0.0,0.1,0.4,0.0,23.6,18.463,0.2,0.7,0.9,0.5,L,R,r/rantami01,Mikko Rantanen,1.0,1.0,2.0,2017,190,212,10,2015
496,0.4,20.056,11.5,0.7,0.3,0.6,0.3,0.6,0.2,0.1,0.0,0.1,0.5,0.0,23.7,18.188,0.2,0.7,1.0,0.6,L,R,r/rantami01,Mikko Rantanen,2.0,2.0,4.0,2017,190,212,10,2015
497,0.4,20.062,12.5,0.7,0.3,0.6,0.3,0.4,0.2,0.1,0.0,0.1,0.5,0.0,23.7,18.43,0.2,0.6,1.0,0.6,L,R,r/rantami01,Mikko Rantanen,3.0,1.0,4.0,2017,190,212,10,2015
498,0.3,20.068,13.5,0.7,0.2,0.6,0.2,0.4,0.2,0.0,0.0,0.1,0.5,0.0,23.9,18.248,0.1,0.5,1.1,0.6,L,R,r/rantami01,Mikko Rantanen,5.0,1.0,6.0,2017,190,212,10,2015
499,0.3,20.074,14.5,0.6,0.2,0.7,0.1,0.4,0.2,0.0,0.0,0.2,0.5,0.0,23.8,17.976,0.1,0.5,1.1,0.6,L,R,r/rantami01,Mikko Rantanen,4.0,1.0,5.0,2017,190,212,10,2015
500,0.3,20.08,15.5,0.5,0.2,0.6,-0.1,0.4,0.2,0.0,0.0,0.2,0.4,0.0,23.7,18.261,0.1,0.5,1.1,0.6,L,R,r/rantami01,Mikko Rantanen,5.0,2.0,7.0,2017,190,212,10,2015
501,0.3,20.087,16.5,0.5,0.2,0.6,-0.2,0.2,0.2,0.0,0.0,0.2,0.4,0.0,23.4,18.37,0.1,0.6,1.1,0.5,L,R,r/rantami01,Mikko Rantanen,4.0,1.0,5.0,2017,190,212,10,2015
502,0.3,20.093,17.5,0.5,0.2,0.5,-0.4,0.2,0.1,0.1,0.0,0.1,0.4,0.0,23.0,18.262,0.3,0.5,1.0,0.5,L,R,r/rantami01,Mikko Rantanen,3.0,1.0,4.0,2017,190,212,10,2015
503,0.2,20.1,18.5,0.6,0.2,0.5,-0.6,0.2,0.1,0.1,0.0,0.1,0.4,0.0,22.8,18.317,0.2,0.4,0.8,0.5,L,R,r/rantami01,Mikko Rantanen,2.0,1.0,3.0,2017,190,212,10,2015
504,0.2,20.106,19.5,0.6,0.2,0.3,-0.7,0.0,0.1,0.1,0.0,0.1,0.2,0.0,22.8,18.642,0.2,0.5,0.5,0.4,L,R,r/rantami01,Mikko Rantanen,2.0,1.0,3.0,2017,190,212,10,2015
505,0.2,20.112,20.5,0.5,0.2,0.4,-0.9,0.0,0.1,0.1,0.0,0.2,0.2,0.0,22.1,18.289,0.2,0.4,0.3,0.2,L,R,r/rantami01,Mikko Rantanen,1.0,0.0,1.0,2017,190,212,10,2015
506,0.2,20.118,21.5,0.4,0.1,0.3,-0.9,0.0,0.0,0.1,0.0,0.2,0.1,0.0,21.4,18.416,0.2,0.3,0.2,0.1,L,R,r/rantami01,Mikko Rantanen,1.0,1.0,2.0,2017,190,212,10,2015
507,0.2,20.124,22.5,0.4,0.1,0.3,-1.0,0.0,0.0,0.1,0.0,0.2,0.1,0.0,21.2,18.106,0.2,0.3,0.2,0.1,L,R,r/rantami01,Mikko Rantanen,2.0,1.0,3.0,2017,190,212,10,2015
508,0.3,20.129,23.5,0.3,0.2,0.3,-0.7,0.2,0.1,0.1,0.0,0.2,0.1,0.0,21.3,18.293,0.3,0.4,0.1,0.1,L,R,r/rantami01,Mikko Rantanen,1.0,1.0,2.0,2017,190,212,10,2015
509,0.3,20.135,24.5,0.4,0.2,0.2,-0.6,0.2,0.1,0.1,0.0,0.1,0.1,0.0,21.4,18.568,0.3,0.4,0.1,0.1,L,R,r/rantami01,Mikko Rantanen,2.0,1.0,3.0,2017,190,212,10,2015
510,0.2,20.141,25.5,0.4,0.2,0.3,-0.7,0.2,0.1,0.1,0.0,0.1,0.2,0.0,21.5,18.58,0.3,0.4,0.1,0.1,L,R,r/rantami01,Mikko Rantanen,2.0,1.0,3.0,2017,190,212,10,2015
511,0.2,20.146,26.5,0.5,0.2,0.3,-0.7,0.2,0.1,0.1,0.0,0.1,0.2,0.0,21.6,18.588,0.3,0.3,0.1,0.1,L,R,r/rantami01,Mikko Rantanen,2.0,0.0,2.0,2017,190,212,10,2015
512,0.1,20.152,27.5,0.5,0.2,0.3,-0.8,0.2,0.1,0.1,0.0,0.1,0.2,0.0,21.7,18.963,0.2,0.4,0.0,0.0,L,R,r/rantami01,Mikko Rantanen,1.0,1.0,2.0,2017,190,212,10,2015
513,0.1,20.157,28.5,0.4,0.2,0.2,-0.8,0.2,0.1,0.1,0.0,0.1,0.1,0.0,21.8,18.783,0.3,0.5,0.0,0.0,L,R,r/rantami01,Mikko Rantanen,1.0,1.0,2.0,2017,190,212,10,2015
514,0.2,20.163,29.5,0.4,0.2,0.3,-0.7,0.2,0.1,0.1,0.0,0.1,0.2,0.0,22.4,18.653,0.3,0.6,0.0,0.0,L,R,r/rantami01,Mikko Rantanen,1.0,1.0,2.0,2017,190,212,10,2015
515,0.2,20.17,30.5,0.5,0.2,0.2,-0.5,0.2,0.1,0.1,0.0,0.0,0.2,0.0,22.8,18.611,0.3,0.6,0.0,0.0,L,R,r/rantami01,Mikko Rantanen,1.0,1.0,2.0,2017,190,212,10,2015
516,0.2,20.177,31.5,0.6,0.2,0.2,-0.6,0.2,0.1,0.1,0.0,0.0,0.2,0.0,23.5,18.579,0.3,0.7,0.0,0.2,L,R,r/rantami01,Mikko Rantanen,1.0,2.0,3.0,2017,190,212,10,2015
517,0.2,20.184,32.5,0.6,0.2,0.2,-0.5,0.4,0.1,0.1,0.0,0.0,0.2,0.0,23.6,18.791,0.3,0.7,0.1,0.2,L,R,r/rantami01,Mikko Rantanen,1.0,1.0,2.0,2017,190,212,10,2015
518,0.1,20.191,33.5,0.6,0.1,0.2,-0.7,0.2,0.0,0.1,0.0,0.0,0.2,0.0,23.3,18.609,0.3,0.7,0.1,0.2,L,R,r/rantami01,Mikko Rantanen,2.0,1.0,3.0,2017,190,212,10,2015
519,0.1,20.198,34.5,0.5,0.1,0.2,-0.4,0.2,0.0,0.1,0.0,0.0,0.2,0.0,23.5,18.429,0.3,0.7,0.1,0.2,L,R,r/rantami01,Mikko Rantanen,1.0,1.0,2.0,2017,190,212,10,2015
520,0.1,20.205,35.5,0.6,0.1,0.1,-0.5,0.2,0.0,0.1,0.0,0.0,0.1,0.0,23.8,18.359,0.3,0.7,0.1,0.3,L,R,r/rantami01,Mikko Rantanen,1.0,1.0,2.0,2017,190,212,10,2015
521,0.1,20.212,36.5,0.6,0.2,0.1,-0.2,0.2,0.1,0.1,0.0,0.0,0.1,0.0,24.0,18.641,0.3,0.7,0.1,0.3,L,R,r/rantami01,Mikko Rantanen,1.0,0.0,1.0,2017,190,212,10,2015
522,0.2,20.125,33.4,0.7,0.1,0.1,-0.2,0.2,0.1,0.0,0.0,0.0,0.1,0.0,22.8,17.321,0.4,0.6,0.1,0.3,L,R,r/rantami01,Mikko Rantanen,1.0,0.0,1.0,2017,190,212,10,2015
523,0.2,20.039,30.3,0.7,0.1,0.1,-0.1,0.2,0.1,0.0,0.0,0.0,0.1,0.0,22.1,16.65,0.5,0.5,0.1,0.3,L,R,r/rantami01,Mikko Rantanen,0.0,0.0,0.0,2017,190,212,10,2015
524,0.1,19.953,27.2,0.6,0.1,0.0,-0.3,0.4,0.1,0.0,0.0,0.0,0.0,0.0,19.9,15.059,0.7,0.2,0.1,0.3,L,R,r/rantami01,Mikko Rantanen,0.0,0.0,0.0,2017,190,212,10,2015
525,0.1,19.865,24.1,0.5,0.1,0.0,-0.4,0.4,0.1,0.0,0.0,0.0,0.0,0.0,18.4,14.181,0.7,0.2,0.1,0.3,L,R,r/rantami01,Mikko Rantanen,0.0,1.0,1.0,2017,190,212,10,2015
526,0.3,19.588,3.4,0.3,0.1,0.2,-0.7,0.4,0.1,0.0,0.0,0.0,0.2,0.0,19.4,14.359,0.4,0.7,3.1,4.6,L,C,s/stromdy01,Dylan Strome,0.0,0.0,0.0,2017,190,185,3,2015
527,0.3,19.572,3.7,0.3,0.1,0.1,-0.7,0.4,0.1,0.0,0.0,0.0,0.1,0.0,19.5,14.684,0.2,0.8,2.8,3.7,L,C,s/stromdy01,Dylan Strome,0.0,0.0,0.0,2017,190,185,3,2015
528,0.5,19.271,5.5,0.5,0.2,0.8,0.2,0.2,0.0,0.2,0.0,0.3,0.5,0.0,27.9,21.703,0.8,1.2,0.0,0.0,L,D,w/werenza01,Zach Werenski,2.0,2.0,4.0,2017,188,206,8,2015
529,0.6,19.278,6.5,0.5,0.3,0.7,0.3,0.2,0.1,0.2,0.0,0.3,0.4,0.0,28.0,21.768,0.7,1.2,0.0,0.0,L,D,w/werenza01,Zach Werenski,3.0,1.0,4.0,2017,188,206,8,2015
530,0.6,19.285,7.5,0.4,0.2,0.7,0.1,0.0,0.1,0.1,0.0,0.3,0.4,0.0,28.2,21.675,0.7,1.3,0.0,0.0,L,D,w/werenza01,Zach Werenski,4.0,0.0,4.0,2017,188,206,8,2015
531,0.6,19.291,8.5,0.4,0.2,0.6,0.4,0.2,0.1,0.1,0.0,0.2,0.4,0.0,28.8,21.638,0.6,1.2,0.0,0.0,L,D,w/werenza01,Zach Werenski,5.0,0.0,5.0,2017,188,206,8,2015
532,0.6,19.298,9.5,0.5,0.3,0.5,0.2,0.2,0.2,0.1,0.0,0.2,0.3,0.0,29.4,21.946,0.6,1.2,0.0,0.0,L,D,w/werenza01,Zach Werenski,5.0,0.0,5.0,2017,188,206,8,2015
533,0.7,19.304,10.5,0.6,0.3,0.5,0.5,0.2,0.2,0.1,0.0,0.2,0.3,0.0,29.7,22.331,0.6,1.1,0.0,0.0,L,D,w/werenza01,Zach Werenski,5.0,1.0,6.0,2017,188,206,8,2015
534,0.8,19.311,11.5,0.6,0.3,0.6,0.7,0.2,0.2,0.1,0.0,0.3,0.3,0.0,29.7,22.322,0.6,1.1,0.0,0.0,L,D,w/werenza01,Zach Werenski,4.0,1.0,5.0,2017,188,206,8,2015
535,0.7,19.317,12.5,0.7,0.3,0.6,0.6,0.2,0.2,0.1,0.0,0.3,0.3,0.0,29.6,22.647,0.6,1.2,0.0,0.0,L,D,w/werenza01,Zach Werenski,2.0,2.0,4.0,2017,188,206,8,2015
536,0.6,19.323,13.5,0.7,0.3,0.4,0.5,0.2,0.2,0.1,0.0,0.2,0.2,0.0,29.4,22.802,0.5,1.4,0.0,0.0,L,D,w/werenza01,Zach Werenski,0.0,3.0,3.0,2017,188,206,8,2015
537,0.6,19.328,14.5,0.6,0.3,0.3,0.2,0.2,0.2,0.1,0.0,0.2,0.1,0.0,29.0,23.009,0.7,0.9,0.0,0.0,L,D,w/werenza01,Zach Werenski,0.0,3.0,3.0,2017,188,206,8,2015
538,0.6,19.334,15.5,0.6,0.3,0.3,0.1,0.2,0.2,0.1,0.0,0.2,0.1,0.0,28.8,22.826,0.6,1.0,0.0,0.0,L,D,w/werenza01,Zach Werenski,1.0,2.0,3.0,2017,188,206,8,2015
539,0.6,19.339,16.5,0.6,0.2,0.3,0.2,0.2,0.1,0.1,0.0,0.2,0.1,0.0,28.4,22.583,0.5,1.1,0.0,0.0,L,D,w/werenza01,Zach Werenski,2.0,2.0,4.0,2017,188,206,8,2015
540,0.7,19.345,17.5,0.6,0.2,0.3,0.3,0.2,0.1,0.1,0.0,0.2,0.1,0.0,28.0,22.428,0.6,1.4,0.0,0.0,L,D,w/werenza01,Zach Werenski,2.0,1.0,3.0,2017,188,206,8,2015
541,0.7,19.351,18.5,0.5,0.1,0.3,0.1,0.0,0.1,0.0,0.0,0.2,0.1,0.0,27.8,22.717,0.6,1.4,0.0,0.0,L,D,w/werenza01,Zach Werenski,3.0,0.0,3.0,2017,188,206,8,2015
542,0.7,19.356,19.5,0.5,0.1,0.3,0.2,0.0,0.1,0.0,0.0,0.2,0.1,0.0,27.1,22.564,0.5,1.5,0.0,0.0,L,D,w/werenza01,Zach Werenski,3.0,0.0,3.0,2017,188,206,8,2015
543,0.7,19.362,20.5,0.4,0.1,0.3,0.0,0.2,0.1,0.0,0.0,0.2,0.1,0.0,26.2,21.807,0.8,1.6,0.0,0.0,L,D,w/werenza01,Zach Werenski,2.0,0.0,2.0,2017,188,206,8,2015
544,0.7,19.367,21.5,0.5,0.1,0.2,0.0,0.2,0.1,0.0,0.0,0.1,0.1,0.0,25.9,21.236,0.8,1.4,0.0,0.0,L,D,w/werenza01,Zach Werenski,1.0,0.0,1.0,2017,188,206,8,2015
545,0.8,19.373,22.5,0.4,0.1,0.2,0.0,0.2,0.1,0.0,0.0,0.2,0.0,0.0,25.8,20.944,0.8,1.4,0.0,0.0,L,D,w/werenza01,Zach Werenski,1.0,0.0,1.0,2017,188,206,8,2015
546,0.9,19.379,23.5,0.3,0.1,0.4,0.2,0.2,0.1,0.0,0.0,0.3,0.1,0.0,25.7,20.515,0.9,1.4,0.0,0.0,L,D,w/werenza01,Zach Werenski,0.0,1.0,1.0,2017,188,206,8,2015
547,0.9,19.386,24.5,0.3,0.1,0.4,0.4,0.4,0.1,0.0,0.0,0.3,0.1,0.0,25.9,20.305,0.7,1.5,0.0,0.0,L,D,w/werenza01,Zach Werenski,0.0,1.0,1.0,2017,188,206,8,2015
548,1.0,19.392,25.5,0.4,0.1,0.4,0.4,0.4,0.1,0.0,0.0,0.3,0.1,0.0,26.0,20.435,0.7,1.3,0.0,0.0,L,D,w/werenza01,Zach Werenski,0.0,1.0,1.0,2017,188,206,8,2015
549,1.0,19.399,26.5,0.4,0.1,0.4,0.3,0.4,0.1,0.0,0.0,0.3,0.1,0.0,26.3,20.468,0.7,1.3,0.0,0.0,L,D,w/werenza01,Zach Werenski,1.0,1.0,2.0,2017,188,206,8,2015
550,1.0,19.405,27.5,0.5,0.1,0.4,0.4,0.4,0.1,0.0,0.0,0.3,0.1,0.0,26.4,20.386,0.6,1.1,0.0,0.0,L,D,w/werenza01,Zach Werenski,3.0,1.0,4.0,2017,188,206,8,2015
551,1.0,19.411,28.5,0.6,0.1,0.5,0.4,0.4,0.1,0.0,0.0,0.4,0.1,0.0,25.8,19.959,0.5,1.2,0.0,0.0,L,D,w/werenza01,Zach Werenski,4.0,0.0,4.0,2017,188,206,8,2015
552,1.0,19.418,29.5,0.5,0.0,0.7,0.2,0.6,0.0,0.0,0.0,0.6,0.1,0.0,25.6,19.555,0.5,1.1,0.0,0.0,L,D,w/werenza01,Zach Werenski,4.0,0.0,4.0,2017,188,206,8,2015
553,1.0,19.424,30.5,0.5,0.0,0.7,0.2,0.4,0.0,0.0,0.0,0.6,0.1,0.0,25.9,19.623,0.2,1.0,0.0,0.0,L,D,w/werenza01,Zach Werenski,4.0,0.0,4.0,2017,188,206,8,2015
554,1.0,19.431,31.5,0.5,0.0,0.8,0.1,0.4,0.0,0.0,0.0,0.7,0.1,0.0,25.7,19.538,0.3,1.0,0.0,0.0,L,D,w/werenza01,Zach Werenski,3.0,0.0,3.0,2017,188,206,8,2015
555,0.9,19.438,32.5,0.5,0.0,0.7,0.1,0.4,0.0,0.0,0.0,0.6,0.1,0.0,25.3,19.65,0.5,1.0,0.0,0.0,L,D,w/werenza01,Zach Werenski,2.0,0.0,2.0,2017,188,206,8,2015
556,0.8,19.444,33.5,0.6,0.0,0.5,-0.1,0.4,0.0,0.0,0.0,0.5,0.0,0.0,25.3,19.73,0.4,1.0,0.0,0.0,L,D,w/werenza01,Zach Werenski,3.0,0.0,3.0,2017,188,206,8,2015
557,0.8,19.449,34.5,0.7,0.0,0.4,-0.2,0.2,0.0,0.0,0.0,0.4,0.0,0.0,24.8,19.866,0.4,1.0,0.0,0.0,L,D,w/werenza01,Zach Werenski,3.0,0.0,3.0,2017,188,206,8,2015
558,0.7,19.455,35.5,0.6,0.0,0.4,-0.1,0.2,0.0,0.0,0.0,0.4,0.0,0.0,24.7,19.832,0.4,1.2,0.0,0.0,L,D,w/werenza01,Zach Werenski,4.0,0.0,4.0,2017,188,206,8,2015
559,0.7,19.461,36.5,0.5,0.0,0.5,-0.1,0.2,0.0,0.0,0.0,0.5,0.0,0.0,24.4,19.629,0.5,1.3,0.0,0.0,L,D,w/werenza01,Zach Werenski,4.0,0.0,4.0,2017,188,206,8,2015
560,0.6,19.467,37.5,0.4,0.0,0.5,0.1,0.2,0.0,0.0,0.0,0.5,0.0,0.0,24.6,19.798,0.5,1.1,0.0,0.0,L,D,w/werenza01,Zach Werenski,3.0,0.0,3.0,2017,188,206,8,2015
561,0.6,19.473,38.5,0.4,0.0,0.4,0.1,0.2,0.0,0.0,0.0,0.4,0.0,0.0,24.6,19.548,0.5,0.9,0.0,0.0,L,D,w/werenza01,Zach Werenski,1.0,0.0,1.0,2017,188,206,8,2015
562,0.5,19.478,39.5,0.5,0.0,0.2,0.2,0.0,0.0,0.0,0.0,0.2,0.0,0.0,24.8,20.348,0.5,1.3,0.0,0.0,L,D,w/werenza01,Zach Werenski,1.0,0.0,1.0,2017,188,206,8,2015
563,0.5,19.484,40.5,0.6,0.0,0.2,0.2,0.2,0.0,0.0,0.0,0.2,0.0,0.0,24.7,20.72,0.6,1.4,0.0,0.0,L,D,w/werenza01,Zach Werenski,1.0,0.0,1.0,2017,188,206,8,2015
564,0.5,19.489,41.5,0.5,0.1,0.1,0.2,0.2,0.0,0.1,0.0,0.1,0.0,0.0,25.1,21.006,0.5,1.5,0.0,0.0,L,D,w/werenza01,Zach Werenski,1.0,0.0,1.0,2017,188,206,8,2015
565,0.5,19.494,42.5,0.5,0.1,0.1,0.2,0.2,0.0,0.1,0.0,0.1,0.0,0.0,25.6,21.022,0.3,1.4,0.0,0.0,L,D,w/werenza01,Zach Werenski,1.0,0.0,1.0,2017,188,206,8,2015
566,0.5,19.499,43.5,0.4,0.2,0.2,0.6,0.2,0.1,0.1,0.0,0.1,0.1,0.0,25.7,21.269,0.4,1.2,0.0,0.0,L,D,w/werenza01,Zach Werenski,1.0,0.0,1.0,2017,188,206,8,2015
567,0.5,19.571,39.7,0.3,0.3,0.2,0.6,0.2,0.2,0.1,0.0,0.1,0.1,0.0,25.2,20.301,0.6,1.1,0.0,0.0,L,D,w/werenza01,Zach Werenski,1.0,0.0,1.0,2017,188,206,8,2015
568,0.5,19.642,35.9,0.3,0.3,0.2,0.6,0.4,0.2,0.1,0.0,0.1,0.1,0.0,24.6,19.491,0.7,0.9,0.0,0.0,L,D,w/werenza01,Zach Werenski,0.0,1.0,1.0,2017,188,206,8,2015
569,0.5,19.713,32.1,0.4,0.3,0.1,0.5,0.4,0.2,0.1,0.0,0.0,0.1,0.0,24.0,19.017,1.0,0.7,0.0,0.0,L,D,w/werenza01,Zach Werenski,0.0,1.0,1.0,2017,188,206,8,2015
570,0.6,19.785,28.3,0.5,0.3,0.1,0.3,0.6,0.2,0.1,0.0,0.0,0.1,0.0,23.2,17.917,1.2,0.7,0.0,0.0,L,D,w/werenza01,Zach Werenski,1.0,2.0,3.0,2017,188,206,8,2015
571,0.4,19.55,5.5,0.5,0.1,0.3,0.0,0.6,0.1,0.0,0.0,0.1,0.2,0.0,18.7,15.16,1.5,0.8,4.2,6.0,L,C,z/zachapa01,Pavel Zacha,2.0,0.0,2.0,2017,190,210,6,2015
572,0.5,19.557,6.5,0.5,0.1,0.2,-0.1,0.6,0.1,0.0,0.0,0.1,0.1,0.0,18.7,15.061,1.3,0.8,4.0,5.6,L,C,z/zachapa01,Pavel Zacha,2.0,0.0,2.0,2017,190,210,6,2015
573,0.6,19.563,7.5,0.6,0.1,0.2,0.0,0.6,0.1,0.0,0.0,0.1,0.1,0.0,18.6,15.211,1.4,0.7,3.8,5.3,L,C,z/zachapa01,Pavel Zacha,2.0,0.0,2.0,2017,190,210,6,2015
574,0.6,19.57,8.5,0.5,0.1,0.2,0.0,0.6,0.1,0.0,0.0,0.1,0.1,0.0,18.4,15.161,1.2,0.7,3.4,4.9,L,C,z/zachapa01,Pavel Zacha,2.0,1.0,3.0,2017,190,210,6,2015
575,0.7,19.576,9.5,0.6,0.1,0.2,-0.2,0.6,0.1,0.0,0.0,0.1,0.1,0.0,17.9,14.959,1.2,0.6,2.7,4.5,L,C,z/zachapa01,Pavel Zacha,2.0,1.0,3.0,2017,190,210,6,2015
576,0.7,19.582,10.5,0.5,0.1,0.2,-0.1,0.6,0.1,0.0,0.0,0.1,0.1,0.0,17.8,14.629,1.0,0.5,2.4,3.6,L,C,z/zachapa01,Pavel Zacha,0.0,1.0,1.0,2017,190,210,6,2015
577,0.6,19.589,11.5,0.4,0.1,0.1,-0.1,0.6,0.1,0.0,0.0,0.0,0.1,0.0,18.0,14.485,1.2,0.4,1.9,3.0,L,C,z/zachapa01,Pavel Zacha,0.0,1.0,1.0,2017,190,210,6,2015
578,0.6,19.595,12.5,0.3,0.1,0.1,-0.2,0.4,0.1,0.0,0.0,0.0,0.1,0.0,17.9,14.402,1.3,0.5,1.8,2.7,L,C,z/zachapa01,Pavel Zacha,0.0,1.0,1.0,2017,190,210,6,2015
579,0.5,19.602,13.5,0.2,0.1,0.1,-0.3,0.4,0.1,0.0,0.0,0.0,0.1,0.0,18.1,14.347,1.0,0.5,2.0,3.1,L,C,z/zachapa01,Pavel Zacha,0.0,0.0,0.0,2017,190,210,6,2015
580,0.6,19.607,14.5,0.3,0.0,0.1,-0.5,0.4,0.0,0.0,0.0,0.0,0.1,0.0,18.4,14.245,0.9,0.5,1.6,2.2,L,C,z/zachapa01,Pavel Zacha,0.0,0.0,0.0,2017,190,210,6,2015
581,0.6,19.613,15.5,0.4,0.1,0.1,-0.8,0.2,0.0,0.1,0.0,0.0,0.1,0.0,18.1,13.949,0.7,0.4,1.6,1.6,L,C,z/zachapa01,Pavel Zacha,1.0,0.0,1.0,2017,190,210,6,2015
582,0.5,19.618,16.5,0.4,0.1,0.2,-0.9,0.4,0.0,0.1,0.0,0.1,0.1,0.0,18.1,13.723,0.6,0.3,2.1,1.6,L,C,z/zachapa01,Pavel Zacha,1.0,0.0,1.0,2017,190,210,6,2015
583,0.4,19.624,17.5,0.3,0.1,0.2,-1.0,0.4,0.0,0.1,0.0,0.1,0.1,0.0,17.9,13.554,0.5,0.4,1.9,1.8,L,C,z/zachapa01,Pavel Zacha,1.0,0.0,1.0,2017,190,210,6,2015
584,0.3,19.629,18.5,0.3,0.1,0.2,-1.1,0.4,0.0,0.1,0.0,0.1,0.1,0.0,18.3,13.852,0.6,0.4,2.2,2.2,L,C,z/zachapa01,Pavel Zacha,1.0,0.0,1.0,2017,190,210,6,2015
585,0.3,19.635,19.5,0.2,0.1,0.2,-0.9,0.4,0.0,0.1,0.0,0.1,0.1,0.0,17.4,13.104,0.5,0.4,2.2,2.3,L,C,z/zachapa01,Pavel Zacha,1.0,1.0,2.0,2017,190,210,6,2015
586,0.2,19.643,20.5,0.2,0.1,0.2,-1.1,0.4,0.0,0.1,0.0,0.1,0.1,0.0,17.5,13.214,0.5,0.5,2.7,3.2,L,C,z/zachapa01,Pavel Zacha,1.0,1.0,2.0,2017,190,210,6,2015
587,0.2,19.651,21.5,0.2,0.1,0.1,-1.1,0.4,0.0,0.1,0.0,0.1,0.0,0.0,16.9,12.788,0.4,0.5,2.8,3.4,L,C,z/zachapa01,Pavel Zacha,1.0,1.0,2.0,2017,190,210,6,2015
588,0.2,19.66,22.5,0.3,0.1,0.1,-1.0,0.4,0.0,0.1,0.0,0.1,0.0,0.0,17.1,12.771,0.5,0.4,3.3,3.9,L,C,z/zachapa01,Pavel Zacha,1.0,1.0,2.0,2017,190,210,6,2015
589,0.3,19.668,23.5,0.4,0.1,0.1,-0.9,0.4,0.0,0.1,0.0,0.1,0.0,0.0,16.7,12.761,0.4,0.4,2.8,3.8,L,C,z/zachapa01,Pavel Zacha,1.0,1.0,2.0,2017,190,210,6,2015
590,0.2,19.677,24.5,0.3,0.1,0.1,-0.8,0.2,0.0,0.1,0.0,0.1,0.0,0.0,16.2,12.609,0.4,0.5,2.8,4.6,L,C,z/zachapa01,Pavel Zacha,1.0,0.0,1.0,2017,190,210,6,2015
591,0.2,19.686,25.5,0.3,0.0,0.1,-0.5,0.2,0.0,0.0,0.0,0.1,0.0,0.0,16.9,12.887,0.4,0.4,3.5,5.0,L,C,z/zachapa01,Pavel Zacha,0.0,0.0,0.0,2017,190,210,6,2015
592,0.3,19.696,26.5,0.4,0.0,0.0,-0.2,0.0,0.0,0.0,0.0,0.0,0.0,0.0,17.3,13.517,0.6,0.4,3.9,5.5,L,C,z/zachapa01,Pavel Zacha,0.0,0.0,0.0,2017,190,210,6,2015
593,0.4,19.706,27.5,0.4,0.0,0.0,-0.1,0.0,0.0,0.0,0.0,0.0,0.0,0.0,17.8,13.879,0.7,0.3,4.3,5.8,L,C,z/zachapa01,Pavel Zacha,0.0,0.0,0.0,2017,190,210,6,2015
594,0.4,19.716,28.5,0.5,0.0,0.0,-0.1,0.0,0.0,0.0,0.0,0.0,0.0,0.0,17.6,14.006,0.8,0.2,4.1,5.9,L,C,z/zachapa01,Pavel Zacha,0.0,0.0,0.0,2017,190,210,6,2015
595,0.3,19.726,29.5,0.6,0.0,0.0,-0.1,0.2,0.0,0.0,0.0,0.0,0.0,0.0,19.0,14.967,0.8,0.2,4.5,6.0,L,C,z/zachapa01,Pavel Zacha,0.0,0.0,0.0,2017,190,210,6,2015
596,0.3,19.733,30.5,0.7,0.0,0.0,0.1,0.7,0.0,0.0,0.0,0.0,0.0,0.0,18.3,14.487,0.8,0.1,4.3,5.4,L,C,z/zachapa01,Pavel Zacha,0.0,0.0,0.0,2017,190,210,6,2015
597,0.4,19.74,31.5,0.7,0.0,0.0,0.1,0.7,0.0,0.0,0.0,0.0,0.0,0.0,18.8,14.598,0.7,0.1,4.3,5.2,L,C,z/zachapa01,Pavel Zacha,0.0,0.0,0.0,2017,190,210,6,2015
598,0.5,19.747,32.5,0.6,0.0,0.0,0.1,0.7,0.0,0.0,0.0,0.0,0.0,0.0,18.8,14.318,0.5,0.1,3.7,4.5,L,C,z/zachapa01,Pavel Zacha,0.0,0.0,0.0,2017,190,210,6,2015
599,0.5,19.754,33.5,0.5,0.1,0.0,0.2,0.7,0.0,0.1,0.0,0.0,0.0,0.0,19.0,14.285,0.5,0.2,3.4,3.8,L,C,z/zachapa01,Pavel Zacha,0.0,0.0,0.0,2017,190,210,6,2015
600,0.5,19.761,34.5,0.6,0.1,0.0,0.2,0.7,0.0,0.1,0.0,0.0,0.0,0.0,19.2,14.37,0.5,0.1,3.4,3.6,L,C,z/zachapa01,Pavel Zacha,0.0,0.0,0.0,2017,190,210,6,2015
601,0.6,19.767,35.5,0.5,0.2,0.0,0.3,0.7,0.1,0.1,0.0,0.0,0.0,0.0,18.7,13.982,0.5,0.1,2.5,3.1,L,C,z/zachapa01,Pavel Zacha,0.0,0.0,0.0,2017,190,210,6,2015
602,0.5,19.773,36.5,0.5,0.2,0.0,0.0,0.7,0.1,0.1,0.0,0.0,0.0,0.0,18.7,13.922,0.4,0.1,1.6,2.5,L,C,z/zachapa01,Pavel Zacha,0.0,0.0,0.0,2017,190,210,6,2015
603,0.4,19.779,37.5,0.6,0.2,0.1,0.1,0.7,0.1,0.1,0.0,0.0,0.1,0.0,19.1,13.889,0.5,0.1,1.2,2.0,L,C,z/zachapa01,Pavel Zacha,0.0,1.0,1.0,2017,190,210,6,2015
604,0.5,19.779,34.3,0.5,0.2,0.2,0.2,0.7,0.1,0.1,0.0,0.0,0.2,0.0,20.0,14.312,0.7,0.3,1.0,1.5,L,C,z/zachapa01,Pavel Zacha,0.0,1.0,1.0,2017,190,210,6,2015
605,0.5,19.779,31.1,0.4,0.2,0.2,0.3,0.5,0.1,0.1,0.0,0.0,0.2,0.0,21.0,15.011,0.8,0.6,0.6,1.3,L,C,z/zachapa01,Pavel Zacha,0.0,2.0,2.0,2017,190,210,6,2015
606,0.5,19.779,27.9,0.3,0.2,0.2,-0.2,0.0,0.1,0.1,0.0,0.0,0.2,0.0,22.7,16.086,0.9,0.6,0.3,1.0,L,C,z/zachapa01,Pavel Zacha,0.0,2.0,2.0,2017,190,210,6,2015
607,0.4,19.779,24.7,0.4,0.2,0.2,-0.3,0.2,0.1,0.1,0.0,0.0,0.2,0.0,23.2,16.841,1.0,0.7,0.2,1.0,L,C,z/zachapa01,Pavel Zacha,1.0,2.0,3.0,2017,190,210,6,2015
