,season,TOT,age,games_played,pen_min,plus_minus,goals_ev,goals_pp,goals_sh,goals_gw,assists_ev,assists_pp,assists_sh,shot_pct,shots_attempted,shot_pct.1,shots_attempted.1,time_on_ice_avg,hits,blocks,takeaways,giveaways,name
1,2000-01,CAR,23.0,44.0,20.0,-7,1.0,0.0,0.0,0.0,0.0,0.0,0.0,6.7,,6.7,,4:30,,,,,adamscr01
2,2001-02,CAR,24.0,33.0,38.0,2,0.0,0.0,0.0,0.0,1.0,0.0,0.0,0.0,,0.0,,5:54,,,,,adamscr01
3,2002-03,CAR,25.0,81.0,71.0,-11,5.0,1.0,0.0,1.0,11.0,1.0,0.0,5.6,,5.6,,12:12,,,,,adamscr01
4,2003-04,CAR,26.0,80.0,69.0,-5,6.0,0.0,1.0,0.0,10.0,0.0,0.0,6.4,,6.4,,13:41,,,,,adamscr01
5,2005-06,CAR,28.0,67.0,51.0,1,8.0,1.0,1.0,2.0,9.0,0.0,2.0,14.7,,14.7,,12:18,,,,,adamscr01
6,2006-07,CAR,29.0,82.0,54.0,-9,6.0,0.0,1.0,1.0,6.0,0.0,1.0,9.9,,9.9,,10:04,,,,,adamscr01
7,2007-08,TOT,30.0,75.0,58.0,-16,3.0,0.0,1.0,1.0,7.0,0.0,0.0,6.3,110.0,6.3,110.0,10:48,117.0,43.0,22.0,9.0,adamscr01
8,2007-08,CAR,30.0,40.0,34.0,-8,2.0,0.0,0.0,0.0,3.0,0.0,0.0,6.5,64.0,6.5,64.0,9:48,67.0,20.0,13.0,4.0,adamscr01
9,2007-08,CHI,30.0,35.0,24.0,-8,1.0,0.0,1.0,1.0,4.0,0.0,0.0,6.3,46.0,6.3,46.0,11:56,50.0,23.0,9.0,5.0,adamscr01
10,2008-09,TOT,31.0,45.0,22.0,-3,1.0,1.0,0.0,0.0,5.0,0.0,0.0,4.3,81.0,4.3,81.0,8:41,67.0,20.0,7.0,3.0,adamscr01
11,2008-09,CHI,31.0,36.0,22.0,-3,1.0,1.0,0.0,0.0,4.0,0.0,0.0,5.3,67.0,5.3,67.0,8:43,53.0,16.0,7.0,3.0,adamscr01
12,2008-09,PIT,31.0,9.0,0.0,0,0.0,0.0,0.0,0.0,1.0,0.0,0.0,0.0,14.0,0.0,14.0,8:34,14.0,4.0,0.0,0.0,adamscr01
13,2009-10,PIT,32.0,82.0,72.0,-5,0.0,0.0,0.0,0.0,10.0,0.0,0.0,0.0,147.0,0.0,147.0,11:06,193.0,58.0,22.0,12.0,adamscr01
14,2010-11,PIT,33.0,80.0,76.0,-5,2.0,0.0,2.0,1.0,9.0,0.0,2.0,4.4,138.0,4.4,138.0,12:11,171.0,64.0,24.0,15.0,adamscr01
15,2011-12,PIT,34.0,82.0,34.0,-6,5.0,0.0,0.0,0.0,10.0,0.0,3.0,6.6,130.0,6.6,130.0,11:17,162.0,45.0,13.0,7.0,adamscr01
16,2012-13,PIT,35.0,48.0,28.0,-1,2.0,0.0,1.0,0.0,6.0,0.0,0.0,6.5,71.0,6.5,71.0,11:10,107.0,37.0,5.0,7.0,adamscr01
17,2013-14,PIT,36.0,82.0,46.0,-16,5.0,0.0,0.0,0.0,6.0,0.0,0.0,6.8,125.0,6.8,125.0,12:28,190.0,59.0,15.0,16.0,adamscr01
18,2014-15,PIT,37.0,70.0,44.0,-1,1.0,0.0,0.0,1.0,5.0,0.0,1.0,2.0,76.0,2.0,76.0,9:45,183.0,29.0,6.0,7.0,adamscr01
1,1998-99,MTL,20.0,7.0,0.0,-4,0.0,0.0,0.0,0.0,0.0,0.0,0.0,0.0,,0.0,,7:27,,,,,ashamar01
2,1999-00,MTL,21.0,33.0,24.0,-7,3.0,0.0,1.0,1.0,1.0,1.0,0.0,13.8,,13.8,,10:14,,,,,ashamar01
3,2000-01,MTL,22.0,46.0,59.0,-9,2.0,0.0,0.0,0.0,2.0,1.0,0.0,6.3,,6.3,,8:28,,,,,ashamar01
4,2001-02,MTL,23.0,35.0,55.0,7,5.0,0.0,0.0,0.0,4.0,0.0,0.0,16.7,,16.7,,8:13,,,,,ashamar01
5,2002-03,NYI,24.0,78.0,57.0,1,11.0,4.0,0.0,1.0,17.0,1.0,1.0,13.2,,13.2,,12:13,,,,,ashamar01
6,2003-04,NYI,25.0,79.0,92.0,-12,11.0,1.0,0.0,0.0,10.0,2.0,0.0,11.1,,11.1,,13:13,,,,,ashamar01
7,2005-06,NYI,27.0,63.0,103.0,-5,6.0,2.0,1.0,0.0,15.0,0.0,0.0,9.1,,9.1,,13:33,,,,,ashamar01
8,2006-07,NYI,28.0,80.0,63.0,3,11.0,0.0,0.0,2.0,10.0,2.0,0.0,12.9,,12.9,,9:20,,,,,ashamar01
9,2007-08,NJD,29.0,77.0,84.0,-6,6.0,0.0,0.0,2.0,3.0,1.0,0.0,8.8,101.0,8.8,101.0,8:33,87.0,5.0,21.0,18.0,ashamar01
10,2008-09,PHI,30.0,78.0,155.0,0,8.0,0.0,0.0,1.0,12.0,0.0,0.0,10.8,110.0,10.8,110.0,8:45,143.0,10.0,12.0,11.0,ashamar01
11,2009-10,PHI,31.0,72.0,126.0,-2,10.0,0.0,0.0,2.0,14.0,0.0,0.0,11.0,155.0,11.0,155.0,10:04,92.0,16.0,22.0,9.0,ashamar01
12,2010-11,PIT,32.0,44.0,46.0,0,5.0,0.0,0.0,0.0,6.0,0.0,0.0,8.3,81.0,8.3,81.0,9:33,107.0,16.0,7.0,8.0,ashamar01
13,2011-12,PIT,33.0,64.0,76.0,-5,5.0,0.0,0.0,0.0,11.0,0.0,0.0,10.2,92.0,10.2,92.0,9:14,95.0,8.0,13.0,3.0,ashamar01
14,2012-13,NYR,34.0,27.0,50.0,2,2.0,0.0,0.0,0.0,0.0,0.0,0.0,14.3,24.0,14.3,24.0,6:38,39.0,4.0,5.0,3.0,ashamar01
15,2013-14,NYR,35.0,6.0,14.0,-5,0.0,0.0,0.0,0.0,0.0,0.0,0.0,0.0,2.0,0.0,2.0,7:29,8.0,1.0,0.0,2.0,ashamar01
1,1997-98,CGY,19.0,5.0,23.0,0,0.0,0.0,0.0,0.0,0.0,0.0,0.0,0.0,,0.0,,</td>,,,,,beginst01
2,1999-00,CGY,21.0,13.0,18.0,-3,1.0,0.0,0.0,0.0,1.0,0.0,0.0,33.3,,33.3,,7:13,,,,,beginst01
3,2000-01,CGY,22.0,4.0,21.0,0,0.0,0.0,0.0,0.0,0.0,0.0,0.0,0.0,,0.0,,6:04,,,,,beginst01
4,2001-02,CGY,23.0,51.0,79.0,-3,6.0,1.0,0.0,0.0,5.0,0.0,0.0,10.8,,10.8,,9:25,,,,,beginst01
5,2002-03,CGY,24.0,50.0,51.0,-7,3.0,0.0,0.0,1.0,1.0,0.0,0.0,5.1,,5.1,,9:13,,,,,beginst01
6,2003-04,MTL,25.0,52.0,41.0,6,9.0,0.0,1.0,1.0,5.0,0.0,0.0,11.0,,11.0,,12:32,,,,,beginst01
7,2005-06,MTL,27.0,76.0,113.0,9,8.0,1.0,2.0,2.0,9.0,1.0,2.0,8.2,,8.2,,14:19,,,,,beginst01
8,2006-07,MTL,28.0,52.0,46.0,-6,5.0,0.0,0.0,0.0,3.0,0.0,2.0,7.8,,7.8,,11:55,,,,,beginst01
9,2007-08,MTL,29.0,44.0,48.0,0,3.0,0.0,0.0,0.0,5.0,0.0,0.0,4.5,109.0,4.5,109.0,11:38,119.0,27.0,8.0,11.0,beginst01
10,2008-09,TOT,30.0,62.0,42.0,-6,7.0,0.0,0.0,1.0,5.0,0.0,0.0,7.8,147.0,7.8,147.0,10:43,185.0,38.0,15.0,18.0,beginst01
11,2008-09,MTL,30.0,42.0,27.0,-5,6.0,0.0,0.0,1.0,4.0,0.0,0.0,9.2,108.0,9.2,108.0,10:51,119.0,26.0,12.0,12.0,beginst01
12,2008-09,DAL,30.0,20.0,15.0,-1,1.0,0.0,0.0,0.0,1.0,0.0,0.0,4.0,39.0,4.0,39.0,10:26,66.0,12.0,3.0,6.0,beginst01
13,2009-10,BOS,31.0,77.0,53.0,-7,4.0,0.0,1.0,2.0,8.0,0.0,1.0,4.5,170.0,4.5,170.0,12:50,182.0,31.0,25.0,13.0,beginst01
14,2010-11,NSH,32.0,2.0,4.0,-2,0.0,0.0,0.0,0.0,0.0,0.0,0.0,0.0,3.0,0.0,3.0,9:49,5.0,0.0,1.0,0.0,beginst01
15,2012-13,CGY,34.0,36.0,22.0,-2,3.0,0.0,1.0,2.0,4.0,0.0,0.0,12.9,58.0,12.9,58.0,7:00,62.0,21.0,4.0,7.0,beginst01
1,2000-01,LAK,23.0,62.0,16.0,14,6.0,1.0,2.0,1.0,11.0,1.0,0.0,11.3,,11.3,,13:25,,,,,belaner01
2,2001-02,LAK,24.0,53.0,21.0,2,5.0,2.0,1.0,1.0,10.0,6.0,0.0,11.9,,11.9,,14:33,,,,,belaner01
3,2002-03,LAK,25.0,62.0,26.0,-5,13.0,0.0,3.0,1.0,15.0,4.0,0.0,14.0,,14.0,,17:42,,,,,belaner01
4,2003-04,LAK,26.0,81.0,44.0,-16,12.0,0.0,1.0,2.0,16.0,3.0,1.0,9.8,,9.8,,17:01,,,,,belaner01
5,2005-06,LAK,28.0,65.0,62.0,-5,12.0,5.0,0.0,1.0,17.0,2.0,1.0,14.3,,14.3,,17:33,,,,,belaner01
6,2006-07,TOT,29.0,80.0,26.0,-2,13.0,4.0,0.0,1.0,16.0,2.0,0.0,11.4,,11.4,,16:15,,,,,belaner01
7,2006-07,CAR,29.0,56.0,14.0,-2,5.0,3.0,0.0,1.0,10.0,2.0,0.0,8.0,,8.0,,14:51,,,,,belaner01
8,2006-07,ATL,29.0,24.0,12.0,0,8.0,1.0,0.0,0.0,6.0,0.0,0.0,18.4,,18.4,,19:29,,,,,belaner01
9,2007-08,MIN,30.0,75.0,30.0,-6,5.0,7.0,1.0,3.0,17.0,7.0,0.0,11.3,230.0,11.3,230.0,17:13,51.0,46.0,40.0,35.0,belaner01
10,2008-09,MIN,31.0,79.0,26.0,-5,9.0,4.0,0.0,4.0,12.0,9.0,2.0,8.8,259.0,8.8,259.0,17:50,45.0,48.0,48.0,34.0,belaner01
11,2009-10,TOT,32.0,77.0,32.0,2,12.0,3.0,0.0,3.0,20.0,6.0,0.0,9.9,250.0,9.9,250.0,15:31,47.0,29.0,40.0,23.0,belaner01
12,2009-10,MIN,32.0,60.0,28.0,-1,10.0,3.0,0.0,3.0,16.0,6.0,0.0,10.8,192.0,10.8,192.0,15:45,36.0,20.0,31.0,19.0,belaner01
13,2009-10,WSH,32.0,17.0,4.0,3,2.0,0.0,0.0,0.0,4.0,0.0,0.0,6.5,58.0,6.5,58.0,14:40,11.0,9.0,9.0,4.0,belaner01
14,2010-11,PHX,33.0,82.0,36.0,11,11.0,1.0,1.0,2.0,23.0,4.0,0.0,10.2,248.0,10.2,248.0,17:21,71.0,45.0,45.0,29.0,belaner01
15,2011-12,EDM,34.0,78.0,32.0,-13,2.0,1.0,1.0,0.0,8.0,4.0,0.0,3.4,217.0,3.4,217.0,14:44,36.0,41.0,50.0,38.0,belaner01
16,2012-13,EDM,35.0,26.0,10.0,-1,0.0,0.0,0.0,0.0,3.0,0.0,0.0,0.0,54.0,0.0,54.0,14:07,19.0,15.0,12.0,9.0,belaner01
1,2001-02,PHI,23.0,3.0,5.0,-1,0.0,0.0,0.0,0.0,0.0,0.0,0.0,0.0,,0.0,,4:18,,,,,bouleje01
2,2002-03,CAR,24.0,48.0,108.0,-2,2.0,0.0,0.0,0.0,1.0,0.0,0.0,16.7,,16.7,,3:54,,,,,bouleje01
3,2003-04,CAR,25.0,76.0,127.0,-5,6.0,0.0,0.0,0.0,1.0,0.0,0.0,13.0,,13.0,,6:32,,,,,bouleje01
4,2005-06,TOT,27.0,38.0,64.0,-7,0.0,0.0,0.0,0.0,0.0,0.0,0.0,0.0,,0.0,,2:33,,,,,bouleje01
5,2005-06,CAR,27.0,26.0,51.0,-3,0.0,0.0,0.0,0.0,0.0,0.0,0.0,0.0,,0.0,,2:30,,,,,bouleje01
6,2005-06,STL,27.0,12.0,13.0,-4,0.0,0.0,0.0,0.0,0.0,0.0,0.0,0.0,,0.0,,2:39,,,,,bouleje01
7,2007-08,PHI,29.0,5.0,29.0,-2,0.0,0.0,0.0,0.0,0.0,0.0,0.0,0.0,2.0,0.0,2.0,3:52,4.0,0.0,1.0,0.0,bouleje01
8,2008-09,EDM,30.0,2.0,0.0,0,0.0,0.0,0.0,0.0,0.0,0.0,0.0,</td,0.0,</td,0.0,3:43,0.0,0.0,0.0,0.0,bouleje01
1,2000-01,SJS,22.0,21.0,19.0,0,1.0,0.0,0.0,0.0,1.0,0.0,0.0,6.3,,6.3,,6:58,,,,,bradlma01
2,2001-02,SJS,23.0,54.0,43.0,22,9.0,0.0,0.0,2.0,13.0,0.0,0.0,14.3,,14.3,,8:27,,,,,bradlma01
3,2002-03,SJS,24.0,46.0,37.0,-1,2.0,0.0,0.0,0.0,3.0,0.0,0.0,9.5,,9.5,,7:54,,,,,bradlma01
4,2003-04,PIT,25.0,82.0,65.0,-27,7.0,0.0,0.0,1.0,8.0,1.0,0.0,8.2,,8.2,,12:48,,,,,bradlma01
5,2005-06,WSH,27.0,74.0,72.0,-8,7.0,0.0,0.0,1.0,11.0,0.0,1.0,8.0,,8.0,,12:36,,,,,bradlma01
6,2006-07,WSH,28.0,57.0,47.0,-5,4.0,0.0,0.0,0.0,8.0,0.0,1.0,5.2,,5.2,,11:55,,,,,bradlma01
7,2007-08,WSH,29.0,77.0,74.0,1,5.0,1.0,1.0,2.0,11.0,0.0,0.0,6.3,173.0,6.3,173.0,9:00,126.0,17.0,21.0,20.0,bradlma01
8,2008-09,WSH,30.0,81.0,59.0,-1,5.0,0.0,0.0,1.0,6.0,0.0,0.0,5.1,166.0,5.1,166.0,10:37,115.0,16.0,21.0,22.0,bradlma01
9,2009-10,WSH,31.0,77.0,47.0,6,9.0,0.0,1.0,5.0,14.0,0.0,0.0,10.2,193.0,10.2,193.0,11:02,112.0,19.0,27.0,8.0,bradlma01
10,2010-11,WSH,32.0,61.0,68.0,-3,4.0,0.0,0.0,0.0,7.0,0.0,0.0,6.9,103.0,6.9,103.0,10:29,156.0,15.0,12.0,5.0,bradlma01
11,2011-12,FLA,33.0,45.0,31.0,-3,3.0,0.0,0.0,0.0,5.0,0.0,0.0,8.6,61.0,8.6,61.0,10:52,134.0,11.0,7.0,2.0,bradlma01
1,1997-98,PHX,20.0,5.0,2.0,1,1.0,0.0,0.0,0.0,0.0,0.0,0.0,25.0,,25.0,,</td>,,,,,brierda01
2,1998-99,PHX,21.0,64.0,30.0,-3,6.0,2.0,0.0,2.0,12.0,2.0,0.0,8.9,,8.9,,11:13,,,,,brierda01
3,1999-00,PHX,22.0,13.0,0.0,0,1.0,0.0,0.0,0.0,1.0,0.0,0.0,11.1,,11.1,,7:41,,,,,brierda01
4,2000-01,PHX,23.0,30.0,12.0,-2,2.0,9.0,0.0,1.0,1.0,3.0,0.0,25.6,,25.6,,10:50,,,,,brierda01
5,2001-02,PHX,24.0,78.0,52.0,6,20.0,12.0,0.0,5.0,18.0,10.0,0.0,<str,,<str,,15:44,,,,,brierda01
6,2002-03,TOT,25.0,82.0,62.0,-20,15.0,9.0,0.0,4.0,18.0,16.0,0.0,13.3,,13.3,,17:10,,,,,brierda01
7,2002-03,PHX,25.0,68.0,50.0,-21,13.0,4.0,0.0,3.0,14.0,15.0,0.0,12.0,,12.0,,17:02,,,,,brierda01
8,2002-03,BUF,25.0,14.0,12.0,1,2.0,5.0,0.0,1.0,4.0,1.0,0.0,17.9,,17.9,,17:49,,,,,brierda01
9,2003-04,BUF,26.0,82.0,70.0,-7,17.0,11.0,0.0,3.0,21.0,16.0,0.0,14.4,,14.4,,18:20,,,,,brierda01
10,2005-06,BUF,28.0,48.0,48.0,3,14.0,11.0,0.0,4.0,15.0,17.0,1.0,17.0,,17.0,,19:04,,,,,brierda01
11,2006-07,BUF,29.0,81.0,89.0,17,23.0,9.0,0.0,6.0,42.0,21.0,0.0,13.7,,13.7,,19:19,,,,,brierda01
12,2007-08,PHI,30.0,79.0,68.0,-22,17.0,14.0,0.0,3.0,17.0,23.0,1.0,17.0,299.0,17.0,299.0,18:52,29.0,17.0,28.0,43.0,brierda01
13,2008-09,PHI,31.0,29.0,26.0,-1,7.0,4.0,0.0,0.0,8.0,6.0,0.0,20.4,97.0,20.4,97.0,15:39,13.0,6.0,8.0,16.0,brierda01
14,2009-10,PHI,32.0,75.0,71.0,-2,18.0,8.0,0.0,1.0,18.0,9.0,0.0,13.5,318.0,13.5,318.0,16:35,53.0,17.0,31.0,21.0,brierda01
15,2010-11,PHI,33.0,77.0,87.0,20,28.0,6.0,0.0,6.0,25.0,9.0,0.0,13.8,386.0,13.8,386.0,18:19,36.0,17.0,33.0,16.0,brierda01
16,2011-12,PHI,34.0,70.0,69.0,5,12.0,4.0,0.0,3.0,20.0,13.0,0.0,9.2,310.0,9.2,310.0,17:22,48.0,16.0,18.0,32.0,brierda01
17,2012-13,PHI,35.0,34.0,10.0,-13,3.0,3.0,0.0,1.0,7.0,3.0,0.0,6.9,143.0,6.9,143.0,16:04,15.0,6.0,7.0,13.0,brierda01
18,2013-14,MTL,36.0,69.0,30.0,1,9.0,4.0,0.0,1.0,10.0,2.0,0.0,11.0,188.0,11.0,188.0,12:46,23.0,11.0,22.0,17.0,brierda01
19,2014-15,COL,37.0,57.0,18.0,-7,8.0,0.0,0.0,3.0,4.0,0.0,0.0,11.6,113.0,11.6,113.0,12:07,19.0,9.0,23.0,9.0,brierda01
1,1997-98,NYI,20.0,25.0,50.0,1,0.0,0.0,0.0,0.0,1.0,0.0,0.0,0.0,,0.0,,</td>,,,,,charazd01
2,1998-99,NYI,21.0,59.0,83.0,-8,1.0,0.0,1.0,0.0,6.0,0.0,0.0,3.6,,3.6,,18:54,,,,,charazd01
3,1999-00,NYI,22.0,65.0,57.0,-27,2.0,0.0,0.0,1.0,8.0,0.0,1.0,4.3,,4.3,,22:52,,,,,charazd01
4,2000-01,NYI,23.0,82.0,157.0,-27,1.0,0.0,1.0,0.0,5.0,0.0,2.0,2.4,,2.4,,22:20,,,,,charazd01
5,2001-02,OTT,24.0,75.0,156.0,30,5.0,4.0,1.0,2.0,10.0,1.0,2.0,9.5,,9.5,,22:16,,,,,charazd01
6,2002-03,OTT,25.0,74.0,116.0,29,6.0,3.0,0.0,2.0,14.0,14.0,2.0,5.4,,5.4,,24:57,,,,,charazd01
7,2003-04,OTT,26.0,79.0,147.0,33,9.0,7.0,0.0,3.0,15.0,7.0,3.0,8.6,,8.6,,24:38,,,,,charazd01
8,2005-06,OTT,28.0,71.0,135.0,17,5.0,10.0,1.0,3.0,13.0,12.0,2.0,7.5,,7.5,,27:11,,,,,charazd01
9,2006-07,BOS,29.0,80.0,100.0,-21,2.0,9.0,0.0,3.0,14.0,17.0,1.0,5.4,,5.4,,27:58,,,,,charazd01
10,2007-08,BOS,30.0,77.0,114.0,14,7.0,9.0,1.0,0.0,17.0,16.0,1.0,8.2,389.0,8.2,389.0,26:50,222.0,78.0,30.0,50.0,charazd01
11,2008-09,BOS,31.0,80.0,95.0,23,8.0,11.0,0.0,3.0,12.0,17.0,2.0,8.8,427.0,8.8,427.0,26:04,166.0,121.0,28.0,54.0,charazd01
12,2009-10,BOS,32.0,80.0,87.0,19,3.0,4.0,0.0,1.0,24.0,12.0,1.0,2.9,440.0,2.9,440.0,25:22,149.0,102.0,27.0,65.0,charazd01
13,2010-11,BOS,33.0,81.0,88.0,<str,5.0,8.0,1.0,2.0,22.0,7.0,1.0,5.3,490.0,5.3,490.0,25:26,153.0,111.0,32.0,62.0,charazd01
14,2011-12,BOS,34.0,79.0,86.0,33,4.0,8.0,0.0,0.0,29.0,10.0,1.0,5.4,437.0,5.4,437.0,25:00,166.0,87.0,28.0,68.0,charazd01
15,2012-13,BOS,35.0,48.0,70.0,14,4.0,3.0,0.0,2.0,10.0,1.0,1.0,5.9,248.0,5.9,248.0,24:56,101.0,64.0,12.0,34.0,charazd01
16,2013-14,BOS,36.0,77.0,66.0,25,7.0,10.0,0.0,3.0,17.0,5.0,1.0,10.1,341.0,10.1,341.0,24:39,163.0,104.0,20.0,62.0,charazd01
17,2014-15,BOS,37.0,63.0,42.0,0,4.0,4.0,0.0,0.0,8.0,1.0,3.0,5.8,254.0,5.8,254.0,23:21,125.0,99.0,14.0,55.0,charazd01
18,2015-16,BOS,38.0,80.0,71.0,12,8.0,1.0,0.0,3.0,17.0,9.0,2.0,5.7,312.0,5.7,312.0,24:06,134.0,123.0,23.0,87.0,charazd01
19,2016-17,BOS,39.0,19.0,19.0,12,1.0,0.0,0.0,0.0,4.0,1.0,0.0,3.7,61.0,3.7,61.0,22:41,30.0,41.0,11.0,17.0,charazd01
1,1997-98,MTL,21.0,41.0,20.0,-3,1.0,0.0,0.0,0.0,0.0,0.0,0.0,3.8,,3.8,,</td>,,,,,clarkbr01
2,1998-99,MTL,22.0,61.0,16.0,-3,2.0,0.0,0.0,0.0,2.0,0.0,0.0,5.6,,5.6,,13:11,,,,,clarkbr01
3,1999-00,ATL,23.0,14.0,4.0,-12,0.0,0.0,0.0,0.0,1.0,0.0,0.0,0.0,,0.0,,16:51,,,,,clarkbr01
4,2000-01,ATL,24.0,28.0,14.0,-12,1.0,0.0,0.0,0.0,2.0,0.0,0.0,2.9,,2.9,,18:02,,,,,clarkbr01
5,2001-02,ATL,25.0,2.0,0.0,-3,0.0,0.0,0.0,0.0,0.0,0.0,0.0,</td,,</td,,15:32,,,,,clarkbr01
6,2003-04,COL,27.0,12.0,6.0,3,1.0,0.0,0.0,0.0,1.0,0.0,0.0,7.1,,7.1,,10:26,,,,,clarkbr01
7,2005-06,COL,29.0,80.0,56.0,3,5.0,4.0,0.0,1.0,16.0,10.0,1.0,6.1,,6.1,,19:39,,,,,clarkbr01
8,2006-07,COL,30.0,82.0,50.0,5,6.0,4.0,0.0,1.0,18.0,10.0,1.0,7.1,,7.1,,23:41,,,,,clarkbr01
9,2007-08,COL,31.0,57.0,33.0,5,4.0,1.0,0.0,0.0,11.0,5.0,0.0,5.7,165.0,5.7,165.0,23:09,70.0,143.0,23.0,30.0,clarkbr01
10,2008-09,COL,32.0,76.0,32.0,-16,2.0,0.0,0.0,1.0,8.0,2.0,0.0,2.1,219.0,2.1,219.0,22:20,73.0,238.0,26.0,41.0,clarkbr01
11,2009-10,COL,33.0,64.0,28.0,6,1.0,2.0,0.0,1.0,12.0,5.0,0.0,4.0,161.0,4.0,161.0,19:08,55.0,162.0,20.0,28.0,clarkbr01
12,2010-11,TBL,34.0,82.0,14.0,2,3.0,6.0,0.0,1.0,11.0,11.0,0.0,10.3,209.0,10.3,209.0,18:53,117.0,157.0,20.0,48.0,clarkbr01
13,2011-12,TBL,35.0,82.0,20.0,-26,2.0,0.0,0.0,0.0,11.0,2.0,0.0,3.3,168.0,3.3,168.0,18:23,118.0,199.0,26.0,43.0,clarkbr01
14,2012-13,MIN,36.0,8.0,0.0,-9,0.0,0.0,0.0,0.0,1.0,0.0,0.0,0.0,18.0,0.0,18.0,14:04,5.0,11.0,1.0,4.0,clarkbr01
1,1997-98,MDA,21.0,61.0,23.0,-4,4.0,2.0,0.0,0.0,17.0,4.0,0.0,8.0,,8.0,,</td>,,,,,cullema01
2,1998-99,MDA,22.0,75.0,47.0,-12,5.0,5.0,1.0,1.0,12.0,2.0,0.0,9.8,,9.8,,15:31,,,,,cullema01
3,1999-00,MDA,23.0,80.0,24.0,5,12.0,1.0,0.0,1.0,18.0,7.0,1.0,9.5,,9.5,,16:54,,,,,cullema01
4,2000-01,MDA,24.0,82.0,38.0,-23,6.0,4.0,0.0,1.0,19.0,11.0,0.0,6.3,,6.3,,18:15,,,,,cullema01
5,2001-02,MDA,25.0,79.0,24.0,-1,14.0,3.0,1.0,4.0,21.0,8.0,1.0,11.0,,11.0,,17:01,,,,,cullema01
6,2002-03,TOT,26.0,80.0,34.0,-8,9.0,3.0,1.0,2.0,12.0,7.0,1.0,9.9,,9.9,,14:28,,,,,cullema01
7,2002-03,MDA,26.0,50.0,12.0,-4,6.0,1.0,0.0,1.0,8.0,6.0,0.0,9.1,,9.1,,14:18,,,,,cullema01
8,2002-03,FLA,26.0,30.0,22.0,-4,3.0,2.0,1.0,1.0,4.0,1.0,1.0,11.1,,11.1,,14:43,,,,,cullema01
9,2003-04,FLA,27.0,56.0,24.0,-2,5.0,1.0,0.0,2.0,10.0,1.0,2.0,8.0,,8.0,,14:12,,,,,cullema01
10,2005-06,CAR,29.0,78.0,40.0,4,17.0,8.0,0.0,5.0,13.0,10.0,1.0,11.7,,11.7,,16:26,,,,,cullema01
11,2006-07,NYR,30.0,80.0,52.0,0,11.0,2.0,3.0,2.0,18.0,5.0,2.0,7.4,,7.4,,17:10,,,,,cullema01
12,2007-08,CAR,31.0,59.0,32.0,2,5.0,8.0,0.0,1.0,20.0,15.0,1.0,9.5,255.0,9.5,255.0,16:52,33.0,30.0,27.0,28.0,cullema01
13,2008-09,CAR,32.0,69.0,20.0,11,16.0,4.0,2.0,2.0,15.0,3.0,3.0,15.8,254.0,15.8,254.0,16:48,41.0,44.0,54.0,25.0,cullema01
14,2009-10,TOT,33.0,81.0,34.0,-7,12.0,2.0,2.0,2.0,21.0,10.0,1.0,8.2,368.0,8.2,368.0,18:45,70.0,48.0,53.0,35.0,cullema01
15,2009-10,CAR,33.0,60.0,26.0,0,9.0,1.0,2.0,1.0,19.0,8.0,1.0,8.8,272.0,8.8,272.0,19:02,58.0,33.0,42.0,25.0,cullema01
16,2009-10,OTT,33.0,21.0,8.0,-7,3.0,1.0,0.0,1.0,2.0,2.0,0.0,6.9,96.0,6.9,96.0,17:59,12.0,15.0,11.0,10.0,cullema01
17,2010-11,MIN,34.0,78.0,34.0,-14,3.0,5.0,4.0,2.0,11.0,16.0,0.0,8.0,287.0,8.0,287.0,18:02,39.0,36.0,43.0,34.0,cullema01
18,2011-12,MIN,35.0,73.0,24.0,-10,10.0,4.0,0.0,0.0,16.0,5.0,0.0,8.5,267.0,8.5,267.0,18:56,46.0,39.0,37.0,31.0,cullema01
19,2012-13,MIN,36.0,42.0,10.0,9,7.0,0.0,0.0,0.0,16.0,4.0,0.0,8.9,140.0,8.9,140.0,15:53,18.0,18.0,14.0,24.0,cullema01
20,2013-14,NSH,37.0,77.0,32.0,4,9.0,1.0,0.0,2.0,21.0,8.0,0.0,7.5,230.0,7.5,230.0,15:30,18.0,22.0,30.0,40.0,cullema01
21,2014-15,NSH,38.0,62.0,16.0,8,7.0,0.0,0.0,1.0,14.0,4.0,0.0,7.8,162.0,7.8,162.0,13:01,10.0,18.0,26.0,22.0,cullema01
22,2015-16,PIT,39.0,82.0,20.0,5,13.0,0.0,3.0,4.0,13.0,0.0,3.0,13.6,183.0,13.6,183.0,13:53,40.0,41.0,19.0,20.0,cullema01
23,2016-17,PIT,40.0,23.0,10.0,-1,4.0,0.0,0.0,1.0,5.0,1.0,0.0,13.3,57.0,13.3,57.0,14:02,11.0,5.0,4.0,9.0,cullema01
1,1997-98,EDM,19.0,38.0,6.0,-5,1.0,0.0,0.0,0.0,4.0,0.0,0.0,3.7,,3.7,,</td>,,,,,deverbo01
2,1998-99,EDM,20.0,61.0,23.0,2,5.0,0.0,1.0,4.0,8.0,0.0,0.0,15.4,,15.4,,10:09,,,,,deverbo01
3,1999-00,EDM,21.0,76.0,20.0,7,7.0,0.0,1.0,2.0,19.0,0.0,0.0,7.4,,7.4,,12:36,,,,,deverbo01
4,2000-01,DET,22.0,55.0,14.0,1,5.0,0.0,0.0,0.0,6.0,0.0,0.0,7.6,,7.6,,10:08,,,,,deverbo01
5,2001-02,DET,23.0,79.0,24.0,9,9.0,0.0,0.0,2.0,16.0,0.0,0.0,7.8,,7.8,,11:30,,,,,deverbo01
6,2002-03,DET,24.0,61.0,16.0,4,3.0,0.0,0.0,1.0,9.0,0.0,0.0,4.2,,4.2,,9:26,,,,,deverbo01
7,2003-04,DET,25.0,61.0,20.0,-1,6.0,0.0,0.0,2.0,8.0,1.0,0.0,9.7,,9.7,,9:58,,,,,deverbo01
8,2005-06,PHX,27.0,78.0,44.0,-13,7.0,1.0,0.0,1.0,12.0,2.0,0.0,10.5,,10.5,,12:47,,,,,deverbo01
9,2006-07,TOR,28.0,33.0,12.0,4,8.0,0.0,0.0,0.0,10.0,1.0,0.0,14.0,,14.0,,15:17,,,,,deverbo01
10,2007-08,TOR,29.0,62.0,24.0,-6,6.0,0.0,1.0,1.0,11.0,0.0,0.0,8.6,142.0,8.6,142.0,13:58,47.0,20.0,23.0,28.0,deverbo01
11,2008-09,TOR,30.0,23.0,2.0,3,3.0,0.0,3.0,0.0,5.0,0.0,0.0,14.6,60.0,14.6,60.0,13:42,21.0,18.0,8.0,6.0,deverbo01
1,1998-99,CHI,20.0,25.0,10.0,7,9.0,0.0,0.0,2.0,5.0,1.0,0.0,21.4,,21.4,,14:14,,,,,dumonjp01
2,1999-00,CHI,21.0,47.0,18.0,-6,10.0,0.0,0.0,1.0,8.0,0.0,0.0,11.6,,11.6,,12:54,,,,,dumonjp01
3,2000-01,BUF,22.0,79.0,54.0,1,14.0,9.0,0.0,5.0,23.0,5.0,0.0,14.7,,14.7,,15:01,,,,,dumonjp01
4,2001-02,BUF,23.0,76.0,42.0,-10,16.0,7.0,0.0,3.0,15.0,6.0,0.0,14.9,,14.9,,15:14,,,,,dumonjp01
5,2002-03,BUF,24.0,76.0,44.0,-14,12.0,2.0,0.0,2.0,13.0,8.0,0.0,10.4,,10.4,,15:04,,,,,dumonjp01
6,2003-04,BUF,25.0,77.0,40.0,-9,12.0,10.0,0.0,1.0,24.0,7.0,0.0,14.1,,14.1,,17:00,,,,,dumonjp01
7,2005-06,BUF,27.0,54.0,38.0,-1,11.0,9.0,0.0,4.0,9.0,11.0,0.0,17.2,,17.2,,16:00,,,,,dumonjp01
8,2006-07,NSH,28.0,82.0,28.0,14,16.0,5.0,0.0,3.0,31.0,14.0,0.0,14.7,,14.7,,16:12,,,,,dumonjp01
9,2007-08,NSH,29.0,80.0,34.0,5,22.0,7.0,0.0,8.0,34.0,9.0,0.0,15.1,336.0,15.1,336.0,18:30,44.0,11.0,47.0,54.0,dumonjp01
10,2008-09,NSH,30.0,82.0,20.0,1,11.0,5.0,0.0,4.0,32.0,17.0,0.0,9.1,318.0,9.1,318.0,17:30,33.0,13.0,39.0,66.0,dumonjp01
11,2009-10,NSH,31.0,74.0,20.0,8,13.0,3.0,1.0,3.0,18.0,10.0,0.0,15.2,196.0,15.2,196.0,14:46,20.0,19.0,33.0,34.0,dumonjp01
12,2010-11,NSH,32.0,70.0,16.0,2,9.0,1.0,0.0,2.0,6.0,3.0,0.0,11.2,148.0,11.2,148.0,11:11,45.0,8.0,35.0,23.0,dumonjp01
1,1998-99,LAK,21.0,27.0,8.0,-5,0.0,1.0,0.0,0.0,3.0,0.0,0.0,2.9,,2.9,,11:44,,,,,greenjo01
2,1999-00,NYI,22.0,49.0,41.0,-7,10.0,2.0,0.0,3.0,9.0,5.0,0.0,11.0,,11.0,,13:36,,,,,greenjo01
3,2001-02,EDM,24.0,61.0,52.0,9,9.0,1.0,0.0,1.0,5.0,0.0,0.0,12.8,,12.8,,10:05,,,,,greenjo01
4,2002-03,TOT,25.0,45.0,21.0,-3,1.0,0.0,0.0,0.0,4.0,0.0,0.0,2.3,,2.3,,9:12,,,,,greenjo01
5,2002-03,EDM,25.0,20.0,12.0,-3,0.0,0.0,0.0,0.0,2.0,0.0,0.0,0.0,,0.0,,10:22,,,,,greenjo01
6,2002-03,NYR,25.0,4.0,2.0,-1,0.0,0.0,0.0,0.0,0.0,0.0,0.0,0.0,,0.0,,9:07,,,,,greenjo01
7,2002-03,WSH,25.0,21.0,7.0,1,1.0,0.0,0.0,0.0,2.0,0.0,0.0,5.0,,5.0,,8:07,,,,,greenjo01
8,2003-04,TOT,26.0,50.0,32.0,-3,5.0,0.0,0.0,1.0,6.0,0.0,0.0,6.6,,6.6,,12:08,,,,,greenjo01
9,2003-04,CGY,26.0,36.0,24.0,-3,2.0,0.0,0.0,0.0,4.0,0.0,0.0,4.3,,4.3,,11:18,,,,,greenjo01
10,2003-04,NYR,26.0,14.0,8.0,0,3.0,0.0,0.0,1.0,2.0,0.0,0.0,10.3,,10.3,,14:16,,,,,greenjo01
11,2005-06,VAN,28.0,33.0,14.0,2,4.0,0.0,0.0,0.0,2.0,0.0,0.0,11.4,,11.4,,8:35,,,,,greenjo01
12,2006-07,VAN,29.0,57.0,25.0,0,2.0,0.0,0.0,2.0,4.0,0.0,1.0,2.7,,2.7,,11:25,,,,,greenjo01
13,2010-11,ANA,33.0,12.0,6.0,-3,0.0,0.0,0.0,0.0,0.0,0.0,0.0,0.0,20.0,0.0,20.0,10:01,11.0,1.0,3.0,0.0,greenjo01
14,2011-12,EDM,34.0,7.0,7.0,-6,0.0,1.0,0.0,0.0,1.0,0.0,0.0,7.1,22.0,7.1,22.0,11:49,4.0,2.0,3.0,1.0,greenjo01
1,1999-00,COL,23.0,27.0,10.0,0,1.0,0.0,0.0,0.0,2.0,1.0,0.0,7.1,,7.1,,7:51,,,,,hinotda01
2,2000-01,COL,24.0,76.0,51.0,1,4.0,1.0,0.0,1.0,8.0,2.0,0.0,7.2,,7.2,,10:21,,,,,hinotda01
3,2001-02,COL,25.0,58.0,39.0,8,5.0,0.0,1.0,3.0,6.0,0.0,0.0,8.0,,8.0,,12:27,,,,,hinotda01
4,2002-03,COL,26.0,60.0,49.0,4,6.0,0.0,0.0,3.0,3.0,1.0,0.0,9.2,,9.2,,10:36,,,,,hinotda01
5,2003-04,COL,27.0,59.0,57.0,-6,2.0,0.0,2.0,0.0,7.0,0.0,0.0,7.5,,7.5,,12:42,,,,,hinotda01
6,2005-06,COL,29.0,73.0,48.0,-5,4.0,0.0,1.0,2.0,7.0,0.0,1.0,7.1,,7.1,,10:41,,,,,hinotda01
7,2006-07,STL,30.0,41.0,23.0,-8,5.0,0.0,0.0,1.0,3.0,0.0,2.0,13.5,,13.5,,13:04,,,,,hinotda01
8,2007-08,STL,31.0,58.0,42.0,-3,5.0,0.0,0.0,0.0,5.0,0.0,0.0,11.9,63.0,11.9,63.0,10:31,114.0,18.0,9.0,3.0,hinotda01
9,2008-09,STL,32.0,51.0,64.0,-7,1.0,0.0,0.0,0.0,2.0,1.0,1.0,4.2,40.0,4.2,40.0,10:55,86.0,29.0,11.0,2.0,hinotda01
1,1998-99,TOR,20.0,57.0,12.0,3,4.0,0.0,0.0,2.0,12.0,5.0,1.0,5.6,,5.6,,18:42,,,,,kaberto01
2,1999-00,TOR,21.0,82.0,24.0,3,5.0,2.0,0.0,0.0,19.0,13.0,1.0,8.5,,8.5,,22:55,,,,,kaberto01
3,2000-01,TOR,22.0,82.0,24.0,10,6.0,0.0,0.0,1.0,21.0,17.0,1.0,6.3,,6.3,,22:41,,,,,kaberto01
4,2001-02,TOR,23.0,69.0,2.0,5,5.0,5.0,0.0,3.0,12.0,15.0,2.0,11.8,,11.8,,25:00,,,,,kaberto01
5,2002-03,TOR,24.0,82.0,30.0,20,6.0,4.0,1.0,2.0,20.0,15.0,1.0,9.2,,9.2,,24:50,,,,,kaberto01
6,2003-04,TOR,25.0,71.0,18.0,16,3.0,0.0,0.0,1.0,16.0,10.0,2.0,3.4,,3.4,,23:12,,,,,kaberto01
7,2005-06,TOR,27.0,82.0,46.0,-1,3.0,6.0,0.0,2.0,13.0,45.0,0.0,5.5,,5.5,,28:10,,,,,kaberto01
8,2006-07,TOR,28.0,74.0,20.0,3,9.0,2.0,0.0,1.0,18.0,28.0,1.0,8.6,,8.6,,25:52,,,,,kaberto01
9,2007-08,TOR,29.0,82.0,22.0,-8,2.0,6.0,0.0,1.0,21.0,24.0,0.0,5.2,265.0,5.2,265.0,24:52,41.0,99.0,24.0,84.0,kaberto01
10,2008-09,TOR,30.0,57.0,8.0,-8,1.0,3.0,0.0,1.0,11.0,16.0,0.0,4.3,210.0,4.3,210.0,23:28,29.0,78.0,21.0,44.0,kaberto01
11,2009-10,TOR,31.0,82.0,24.0,-16,4.0,3.0,0.0,1.0,19.0,22.0,1.0,4.4,306.0,4.4,306.0,22:21,44.0,98.0,16.0,63.0,kaberto01
12,2010-11,TOT,32.0,82.0,18.0,4,4.0,0.0,0.0,1.0,18.0,25.0,0.0,3.1,297.0,3.1,297.0,22:07,37.0,140.0,29.0,70.0,kaberto01
13,2010-11,TOR,32.0,58.0,16.0,-2,3.0,0.0,0.0,1.0,13.0,22.0,0.0,3.0,217.0,3.0,217.0,22:28,28.0,100.0,27.0,58.0,kaberto01
14,2010-11,BOS,32.0,24.0,2.0,6,1.0,0.0,0.0,0.0,5.0,3.0,0.0,3.2,80.0,3.2,80.0,21:15,9.0,40.0,2.0,12.0,kaberto01
15,2011-12,TOT,33.0,72.0,12.0,-18,2.0,1.0,0.0,0.0,13.0,15.0,0.0,3.4,188.0,3.4,188.0,17:43,21.0,80.0,18.0,38.0,kaberto01
16,2011-12,CAR,33.0,29.0,2.0,-12,0.0,0.0,0.0,0.0,5.0,4.0,0.0,0.0,82.0,0.0,82.0,19:15,9.0,27.0,9.0,15.0,kaberto01
17,2011-12,MTL,33.0,43.0,10.0,-6,2.0,1.0,0.0,0.0,8.0,11.0,0.0,6.1,106.0,6.1,106.0,16:41,12.0,53.0,9.0,23.0,kaberto01
18,2012-13,MTL,34.0,10.0,0.0,4,0.0,0.0,0.0,0.0,3.0,0.0,0.0,0.0,23.0,0.0,23.0,13:33,2.0,11.0,1.0,1.0,kaberto01
1,2003-04,PHI,25.0,7.0,7.0,-4,0.0,0.0,0.0,0.0,0.0,0.0,0.0,0.0,,0.0,,9:56,,,,,kanebo01
2,2005-06,WSH,27.0,5.0,2.0,1,0.0,0.0,0.0,0.0,1.0,0.0,0.0,0.0,,0.0,,4:04,,,,,kanebo01
3,2006-07,PHI,28.0,15.0,28.0,-4,0.0,0.0,0.0,0.0,2.0,0.0,0.0,0.0,,0.0,,6:58,,,,,kanebo01
4,2008-09,PHI,30.0,1.0,0.0,0,0.0,0.0,0.0,0.0,0.0,0.0,0.0,</td,2.0,</td,2.0,8:12,2.0,1.0,0.0,0.0,kanebo01
5,2009-10,WSH,31.0,3.0,2.0,-1,0.0,0.0,0.0,0.0,0.0,0.0,0.0,0.0,3.0,0.0,3.0,8:13,3.0,0.0,0.0,0.0,kanebo01
1,1997-98,TBL,20.0,10.0,22.0,-1,1.0,0.0,0.0,0.0,2.0,0.0,0.0,12.5,,12.5,,</td>,,,,,kubinpa01
2,1998-99,TBL,21.0,68.0,80.0,-33,5.0,3.0,1.0,1.0,9.0,3.0,0.0,7.6,,7.6,,22:47,,,,,kubinpa01
3,1999-00,TBL,22.0,69.0,93.0,-19,2.0,6.0,0.0,3.0,9.0,9.0,0.0,6.3,,6.3,,22:32,,,,,kubinpa01
4,2000-01,TBL,23.0,70.0,103.0,-14,4.0,6.0,1.0,1.0,12.0,6.0,1.0,8.6,,8.6,,24:06,,,,,kubinpa01
5,2001-02,TBL,24.0,82.0,106.0,-22,4.0,5.0,2.0,3.0,10.0,13.0,0.0,5.8,,5.8,,23:39,,,,,kubinpa01
6,2002-03,TBL,25.0,75.0,78.0,-7,3.0,0.0,0.0,0.0,10.0,9.0,0.0,2.2,,2.2,,21:24,,,,,kubinpa01
7,2003-04,TBL,26.0,81.0,85.0,9,8.0,8.0,1.0,4.0,14.0,4.0,0.0,11.1,,11.1,,21:09,,,,,kubinpa01
8,2005-06,TBL,28.0,76.0,96.0,-12,1.0,4.0,0.0,3.0,9.0,22.0,2.0,3.2,,3.2,,22:25,,,,,kubinpa01
9,2006-07,TOR,29.0,61.0,48.0,7,3.0,4.0,0.0,1.0,10.0,4.0,0.0,7.2,,7.2,,21:19,,,,,kubinpa01
10,2007-08,TOR,30.0,72.0,116.0,5,5.0,6.0,0.0,4.0,16.0,12.0,1.0,8.1,278.0,8.1,278.0,23:55,121.0,166.0,34.0,48.0,kubinpa01
11,2008-09,TOR,31.0,82.0,94.0,-15,5.0,9.0,0.0,4.0,13.0,13.0,0.0,7.6,368.0,7.6,368.0,22:03,89.0,133.0,23.0,50.0,kubinpa01
12,2009-10,ATL,32.0,76.0,66.0,0,4.0,2.0,0.0,1.0,23.0,8.0,1.0,3.8,292.0,3.8,292.0,22:38,94.0,111.0,55.0,37.0,kubinpa01
13,2010-11,TBL,33.0,79.0,62.0,2,3.0,1.0,0.0,2.0,15.0,4.0,0.0,5.1,196.0,5.1,196.0,19:14,90.0,115.0,19.0,35.0,kubinpa01
14,2011-12,TOT,34.0,69.0,74.0,-2,3.0,0.0,0.0,1.0,12.0,0.0,0.0,4.0,158.0,4.0,158.0,19:16,130.0,119.0,18.0,26.0,kubinpa01
15,2011-12,TBL,34.0,52.0,59.0,1,3.0,0.0,0.0,1.0,8.0,0.0,0.0,5.4,116.0,5.4,116.0,19:55,95.0,100.0,17.0,19.0,kubinpa01
16,2011-12,PHI,34.0,17.0,15.0,-3,0.0,0.0,0.0,0.0,4.0,0.0,0.0,0.0,42.0,0.0,42.0,17:19,35.0,19.0,1.0,7.0,kubinpa01
1,2000-01,OTT,23.0,4.0,0.0,1,1.0,0.0,0.0,0.0,0.0,0.0,0.0,50.0,,50.0,,12:04,,,,,kwiatjo01
2,2001-02,OTT,24.0,11.0,12.0,5,0.0,0.0,0.0,0.0,0.0,0.0,0.0,0.0,,0.0,,13:41,,,,,kwiatjo01
3,2002-03,TOT,25.0,54.0,18.0,3,0.0,0.0,0.0,0.0,5.0,0.0,0.0,0.0,,0.0,,14:18,,,,,kwiatjo01
4,2002-03,OTT,25.0,20.0,6.0,2,0.0,0.0,0.0,0.0,2.0,0.0,0.0,0.0,,0.0,,12:13,,,,,kwiatjo01
5,2002-03,WSH,25.0,34.0,12.0,1,0.0,0.0,0.0,0.0,3.0,0.0,0.0,0.0,,0.0,,15:32,,,,,kwiatjo01
6,2003-04,WSH,26.0,80.0,89.0,-28,4.0,2.0,0.0,0.0,5.0,1.0,0.0,6.7,,6.7,,21:16,,,,,kwiatjo01
7,2005-06,FLA,28.0,73.0,86.0,3,3.0,1.0,0.0,1.0,5.0,2.0,1.0,4.6,,4.6,,16:21,,,,,kwiatjo01
8,2006-07,TOT,29.0,42.0,20.0,-6,4.0,1.0,0.0,2.0,3.0,2.0,0.0,10.9,,10.9,,9:49,,,,,kwiatjo01
9,2006-07,FLA,29.0,41.0,20.0,-5,4.0,1.0,0.0,2.0,3.0,2.0,0.0,10.9,,10.9,,9:46,,,,,kwiatjo01
10,2006-07,PIT,29.0,1.0,0.0,-1,0.0,0.0,0.0,0.0,0.0,0.0,0.0,</td,,</td,,11:59,,,,,kwiatjo01
11,2007-08,ATL,30.0,18.0,20.0,-5,0.0,0.0,0.0,0.0,4.0,1.0,0.0,0.0,45.0,0.0,45.0,16:44,9.0,18.0,6.0,7.0,kwiatjo01
1,1998-99,EDM,21.0,3.0,0.0,1,0.0,0.0,0.0,0.0,0.0,0.0,0.0,</td,,</td,,6:30,,,,,lacouda01
2,1999-00,EDM,22.0,5.0,10.0,0,0.0,0.0,0.0,0.0,0.0,0.0,0.0,0.0,,0.0,,7:02,,,,,lacouda01
3,2000-01,TOT,23.0,48.0,43.0,-2,2.0,0.0,0.0,1.0,4.0,0.0,0.0,8.7,,8.7,,6:50,,,,,lacouda01
4,2000-01,EDM,23.0,37.0,29.0,-2,2.0,0.0,0.0,1.0,4.0,0.0,0.0,9.1,,9.1,,7:06,,,,,lacouda01
5,2000-01,PIT,23.0,11.0,14.0,0,0.0,0.0,0.0,0.0,0.0,0.0,0.0,0.0,,0.0,,5:57,,,,,lacouda01
6,2001-02,PIT,24.0,82.0,71.0,-19,5.0,0.0,1.0,0.0,10.0,1.0,0.0,7.8,,7.8,,13:16,,,,,lacouda01
7,2002-03,TOT,25.0,68.0,72.0,-4,3.0,0.0,0.0,0.0,6.0,0.0,0.0,6.4,,6.4,,9:36,,,,,lacouda01
8,2002-03,PIT,25.0,44.0,72.0,-8,2.0,0.0,0.0,0.0,2.0,0.0,0.0,6.7,,6.7,,9:13,,,,,lacouda01
9,2002-03,NYR,25.0,24.0,0.0,4,1.0,0.0,0.0,0.0,4.0,0.0,0.0,5.9,,5.9,,10:18,,,,,lacouda01
10,2003-04,NYR,26.0,59.0,82.0,-13,4.0,1.0,0.0,1.0,2.0,0.0,0.0,12.8,,12.8,,9:29,,,,,lacouda01
11,2005-06,BOS,28.0,55.0,53.0,-6,1.0,0.0,1.0,0.0,2.0,0.0,0.0,5.4,,5.4,,6:15,,,,,lacouda01
12,2006-07,NJD,29.0,6.0,7.0,0,0.0,0.0,0.0,0.0,0.0,0.0,0.0,</td,,</td,,4:57,,,,,lacouda01
13,2008-09,CAR,31.0,11.0,10.0,-1,2.0,0.0,0.0,1.0,0.0,0.0,0.0,50.0,5.0,50.0,5.0,4:16,9.0,3.0,1.0,1.0,lacouda01
1,1998-99,PHX,21.0,14.0,2.0,1,2.0,0.0,0.0,0.0,2.0,0.0,0.0,25.0,,25.0,,6:01,,,,,letowtr01
2,1999-00,PHX,22.0,82.0,20.0,2,12.0,3.0,4.0,3.0,16.0,1.0,3.0,15.2,,15.2,,16:03,,,,,letowtr01
3,2000-01,PHX,23.0,77.0,32.0,-2,6.0,0.0,1.0,3.0,13.0,1.0,1.0,6.4,,6.4,,16:20,,,,,letowtr01
4,2001-02,TOT,24.0,75.0,19.0,4,8.0,1.0,0.0,0.0,14.0,1.0,1.0,8.3,,8.3,,13:31,,,,,letowtr01
5,2001-02,PHX,24.0,33.0,4.0,2,2.0,0.0,0.0,0.0,6.0,0.0,0.0,4.7,,4.7,,14:27,,,,,letowtr01
6,2001-02,VAN,24.0,42.0,15.0,2,6.0,1.0,0.0,0.0,8.0,1.0,1.0,10.8,,10.8,,12:47,,,,,letowtr01
7,2002-03,VAN,25.0,78.0,36.0,8,9.0,1.0,1.0,2.0,10.0,2.0,2.0,8.1,,8.1,,12:26,,,,,letowtr01
8,2003-04,CBJ,26.0,73.0,16.0,-12,11.0,4.0,0.0,1.0,15.0,2.0,0.0,11.9,,11.9,,16:19,,,,,letowtr01
9,2005-06,CBJ,28.0,81.0,36.0,-2,8.0,1.0,1.0,1.0,14.0,1.0,3.0,7.4,,7.4,,16:32,,,,,letowtr01
10,2006-07,CAR,29.0,61.0,18.0,-8,2.0,0.0,0.0,0.0,4.0,1.0,1.0,2.9,,2.9,,9:41,,,,,letowtr01
11,2007-08,CAR,30.0,75.0,30.0,-10,8.0,0.0,1.0,1.0,8.0,1.0,0.0,13.4,112.0,13.4,112.0,10:16,26.0,37.0,13.0,8.0,letowtr01
1,2000-01,CGY,23.0,62.0,30.0,-7,2.0,1.0,0.0,0.0,8.0,7.0,1.0,3.8,,3.8,,20:36,,,,,lydmato01
2,2001-02,CGY,24.0,79.0,52.0,-8,5.0,1.0,0.0,0.0,13.0,9.0,0.0,4.8,,4.8,,21:10,,,,,lydmato01
3,2002-03,CGY,25.0,81.0,28.0,-7,3.0,3.0,0.0,0.0,11.0,8.0,1.0,4.2,,4.2,,25:47,,,,,lydmato01
4,2003-04,CGY,26.0,67.0,30.0,6,2.0,2.0,0.0,1.0,3.0,12.0,1.0,4.3,,4.3,,21:13,,,,,lydmato01
5,2005-06,BUF,28.0,75.0,82.0,9,1.0,0.0,0.0,0.0,13.0,3.0,0.0,1.5,,1.5,,21:38,,,,,lydmato01
6,2006-07,BUF,29.0,67.0,55.0,10,2.0,0.0,0.0,1.0,14.0,2.0,1.0,4.5,,4.5,,20:36,,,,,lydmato01
7,2007-08,BUF,30.0,82.0,74.0,1,1.0,3.0,0.0,0.0,21.0,0.0,1.0,4.7,175.0,4.7,175.0,21:40,155.0,144.0,18.0,83.0,lydmato01
8,2008-09,BUF,31.0,80.0,70.0,0,3.0,0.0,0.0,0.0,14.0,5.0,1.0,3.0,201.0,3.0,201.0,21:47,165.0,166.0,20.0,67.0,lydmato01
9,2009-10,BUF,32.0,67.0,30.0,10,4.0,0.0,0.0,1.0,14.0,2.0,0.0,5.2,145.0,5.2,145.0,18:52,123.0,97.0,10.0,48.0,lydmato01
10,2010-11,ANA,33.0,78.0,42.0,32,3.0,0.0,0.0,0.0,20.0,2.0,0.0,3.0,195.0,3.0,195.0,22:10,141.0,178.0,11.0,38.0,lydmato01
11,2011-12,ANA,34.0,74.0,46.0,0,0.0,0.0,0.0,0.0,12.0,0.0,1.0,0.0,125.0,0.0,125.0,18:54,134.0,152.0,13.0,33.0,lydmato01
12,2012-13,ANA,35.0,35.0,12.0,-1,0.0,0.0,0.0,0.0,5.0,0.0,1.0,0.0,61.0,0.0,61.0,19:23,83.0,76.0,6.0,19.0,lydmato01
1,1998-99,CAR,21.0,11.0,0.0,0,0.0,0.0,0.0,0.0,0.0,0.0,0.0,0.0,,0.0,,2:29,,,,,macdocr01
2,2001-02,CAR,24.0,12.0,0.0,-1,1.0,0.0,0.0,0.0,1.0,0.0,0.0,6.7,,6.7,,10:11,,,,,macdocr01
3,2002-03,CAR,25.0,35.0,20.0,-3,1.0,0.0,0.0,0.0,3.0,0.0,0.0,2.3,,2.3,,9:21,,,,,macdocr01
4,2003-04,TOT,26.0,52.0,33.0,-5,0.0,0.0,0.0,0.0,6.0,0.0,0.0,0.0,,0.0,,11:12,,,,,macdocr01
5,2003-04,FLA,26.0,34.0,25.0,-5,0.0,0.0,0.0,0.0,3.0,0.0,0.0,0.0,,0.0,,12:31,,,,,macdocr01
6,2003-04,BOS,26.0,18.0,8.0,0,0.0,0.0,0.0,0.0,3.0,0.0,0.0,0.0,,0.0,,8:42,,,,,macdocr01
7,2005-06,CGY,28.0,25.0,8.0,5,2.0,1.0,0.0,0.0,2.0,0.0,0.0,11.1,,11.1,,10:16,,,,,macdocr01
8,2006-07,CHI,29.0,25.0,14.0,-2,2.0,0.0,1.0,0.0,2.0,0.0,0.0,10.0,,10.0,,11:12,,,,,macdocr01
9,2007-08,TBL,30.0,65.0,16.0,-10,2.0,0.0,0.0,0.0,9.0,0.0,0.0,2.4,135.0,2.4,135.0,10:52,53.0,33.0,21.0,4.0,macdocr01
10,2008-09,CBJ,31.0,8.0,0.0,1,1.0,0.0,0.0,1.0,1.0,0.0,0.0,16.7,9.0,16.7,9.0,10:39,7.0,1.0,1.0,0.0,macdocr01
1,1999-00,NJD,22.0,2.0,0.0,1,0.0,0.0,0.0,0.0,0.0,0.0,0.0,0.0,,0.0,,16:04,,,,,mitchwi01
2,2000-01,TOT,23.0,33.0,40.0,4,1.0,0.0,0.0,0.0,7.0,1.0,1.0,3.3,,3.3,,17:56,,,,,mitchwi01
3,2000-01,NJD,23.0,16.0,29.0,0,0.0,0.0,0.0,0.0,2.0,0.0,0.0,0.0,,0.0,,14:52,,,,,mitchwi01
4,2000-01,MIN,23.0,17.0,11.0,4,1.0,0.0,0.0,0.0,5.0,1.0,1.0,6.3,,6.3,,20:49,,,,,mitchwi01
5,2001-02,MIN,24.0,68.0,68.0,-16,3.0,0.0,0.0,1.0,8.0,2.0,0.0,4.5,,4.5,,21:25,,,,,mitchwi01
6,2002-03,MIN,25.0,69.0,84.0,13,1.0,0.0,1.0,1.0,12.0,0.0,0.0,3.0,,3.0,,21:28,,,,,mitchwi01
7,2003-04,MIN,26.0,70.0,83.0,12,1.0,0.0,0.0,0.0,9.0,2.0,2.0,1.7,,1.7,,22:36,,,,,mitchwi01
8,2005-06,TOT,28.0,80.0,113.0,19,2.0,0.0,0.0,0.0,8.0,0.0,0.0,3.4,,3.4,,20:51,,,,,mitchwi01
9,2005-06,MIN,28.0,64.0,87.0,15,2.0,0.0,0.0,0.0,6.0,0.0,0.0,4.2,,4.2,,20:52,,,,,mitchwi01
10,2005-06,DAL,28.0,16.0,26.0,4,0.0,0.0,0.0,0.0,2.0,0.0,0.0,0.0,,0.0,,20:46,,,,,mitchwi01
11,2006-07,VAN,29.0,62.0,45.0,1,1.0,0.0,0.0,0.0,9.0,0.0,1.0,1.9,,1.9,,22:13,,,,,mitchwi01
12,2007-08,VAN,30.0,72.0,81.0,6,2.0,0.0,0.0,1.0,9.0,1.0,0.0,3.1,141.0,3.1,141.0,23:12,49.0,109.0,37.0,41.0,mitchwi01
13,2008-09,VAN,31.0,82.0,59.0,29,3.0,0.0,0.0,1.0,20.0,0.0,0.0,3.4,207.0,3.4,207.0,22:55,81.0,125.0,39.0,58.0,mitchwi01
14,2009-10,VAN,32.0,48.0,48.0,13,4.0,0.0,0.0,1.0,7.0,0.0,1.0,8.5,104.0,8.5,104.0,22:37,32.0,79.0,23.0,27.0,mitchwi01
15,2010-11,LAK,33.0,57.0,21.0,4,4.0,0.0,1.0,1.0,5.0,0.0,0.0,8.5,152.0,8.5,152.0,21:49,35.0,85.0,12.0,47.0,mitchwi01
16,2011-12,LAK,34.0,76.0,44.0,20,5.0,0.0,0.0,2.0,11.0,5.0,3.0,4.8,239.0,4.8,239.0,22:14,74.0,136.0,21.0,55.0,mitchwi01
17,2013-14,LAK,36.0,76.0,58.0,14,1.0,0.0,0.0,0.0,9.0,2.0,0.0,1.4,177.0,1.4,177.0,20:20,102.0,128.0,10.0,56.0,mitchwi01
18,2014-15,FLA,37.0,66.0,25.0,1,3.0,0.0,0.0,0.0,4.0,0.0,1.0,3.8,183.0,3.8,183.0,21:41,99.0,144.0,17.0,34.0,mitchwi01
19,2015-16,FLA,38.0,46.0,18.0,-2,1.0,0.0,0.0,1.0,6.0,0.0,0.0,3.0,77.0,3.0,77.0,19:56,68.0,70.0,6.0,18.0,mitchwi01
1,1997-98,CGY,19.0,82.0,88.0,1,3.0,5.0,1.0,1.0,11.0,7.0,2.0,7.5,,7.5,,</td>,,,,,morride01
2,1998-99,CGY,20.0,71.0,73.0,4,4.0,3.0,0.0,2.0,20.0,7.0,0.0,4.7,,4.7,,20:44,,,,,morride01
3,1999-00,CGY,21.0,78.0,80.0,2,6.0,3.0,0.0,2.0,18.0,11.0,0.0,4.7,,4.7,,24:51,,,,,morride01
4,2000-01,CGY,22.0,51.0,56.0,-15,1.0,3.0,1.0,4.0,8.0,14.0,1.0,3.5,,3.5,,25:51,,,,,morride01
5,2001-02,CGY,23.0,61.0,88.0,-4,2.0,2.0,0.0,1.0,10.0,19.0,1.0,2.4,,2.4,,24:40,,,,,morride01
6,2002-03,COL,24.0,75.0,68.0,16,2.0,9.0,0.0,7.0,18.0,19.0,0.0,5.8,,5.8,,23:49,,,,,morride01
7,2003-04,TOT,25.0,83.0,49.0,-1,4.0,2.0,0.0,1.0,15.0,11.0,0.0,3.6,,3.6,,21:35,,,,,morride01
8,2003-04,COL,25.0,69.0,47.0,4,4.0,2.0,0.0,1.0,14.0,8.0,0.0,4.3,,4.3,,20:53,,,,,morride01
9,2003-04,PHX,25.0,14.0,2.0,-5,0.0,0.0,0.0,0.0,1.0,3.0,0.0,0.0,,0.0,,25:02,,,,,morride01
10,2005-06,PHX,27.0,53.0,54.0,-7,1.0,4.0,1.0,2.0,6.0,14.0,1.0,6.6,,6.6,,20:52,,,,,morride01
11,2006-07,PHX,28.0,82.0,115.0,-18,4.0,2.0,0.0,1.0,9.0,10.0,0.0,4.7,,4.7,,20:29,,,,,morride01
12,2007-08,PHX,29.0,82.0,83.0,8,6.0,2.0,0.0,0.0,9.0,8.0,0.0,5.9,281.0,5.9,281.0,21:43,81.0,115.0,24.0,22.0,morride01
13,2008-09,TOT,30.0,75.0,40.0,-10,4.0,0.0,1.0,0.0,9.0,5.0,1.0,4.2,278.0,4.2,278.0,20:53,83.0,128.0,20.0,20.0,morride01
14,2008-09,PHX,30.0,57.0,24.0,-13,4.0,0.0,1.0,0.0,4.0,2.0,1.0,5.6,196.0,5.6,196.0,21:16,66.0,96.0,11.0,16.0,morride01
15,2008-09,NYR,30.0,18.0,16.0,3,0.0,0.0,0.0,0.0,5.0,3.0,0.0,0.0,82.0,0.0,82.0,19:41,17.0,32.0,9.0,4.0,morride01
16,2009-10,TOT,31.0,76.0,37.0,2,2.0,2.0,0.0,0.0,14.0,11.0,0.0,3.3,257.0,3.3,257.0,21:27,64.0,110.0,12.0,32.0,morride01
17,2009-10,BOS,31.0,58.0,26.0,-2,1.0,2.0,0.0,0.0,12.0,10.0,0.0,3.2,206.0,3.2,206.0,22:00,49.0,82.0,5.0,24.0,morride01
18,2009-10,PHX,31.0,18.0,11.0,4,1.0,0.0,0.0,0.0,2.0,1.0,0.0,4.0,51.0,4.0,51.0,19:39,15.0,28.0,7.0,8.0,morride01
19,2010-11,PHX,32.0,77.0,58.0,-2,4.0,1.0,0.0,1.0,10.0,0.0,1.0,6.0,186.0,6.0,186.0,21:04,117.0,136.0,14.0,31.0,morride01
20,2011-12,PHX,33.0,59.0,38.0,-12,2.0,0.0,0.0,0.0,8.0,1.0,0.0,2.8,159.0,2.8,159.0,18:59,95.0,78.0,12.0,20.0,morride01
21,2012-13,PHX,34.0,39.0,36.0,-6,0.0,0.0,0.0,0.0,8.0,3.0,0.0,0.0,153.0,0.0,153.0,21:24,92.0,69.0,10.0,15.0,morride01
22,2013-14,PHX,35.0,63.0,41.0,-2,5.0,0.0,0.0,0.0,11.0,1.0,0.0,6.1,200.0,6.1,200.0,19:27,99.0,104.0,21.0,23.0,morride01
1,1998-99,FLA,20.0,8.0,5.0,2,1.0,0.0,0.0,1.0,1.0,0.0,0.0,14.3,,14.3,,12:24,,,,,nilsoma01
2,1999-00,FLA,21.0,9.0,2.0,2,0.0,0.0,0.0,0.0,2.0,0.0,0.0,0.0,,0.0,,7:56,,,,,nilsoma01
3,2000-01,FLA,22.0,78.0,74.0,-3,12.0,0.0,0.0,2.0,18.0,6.0,0.0,8.5,,8.5,,15:46,,,,,nilsoma01
4,2001-02,FLA,23.0,81.0,55.0,-14,7.0,6.0,1.0,2.0,12.0,6.0,1.0,9.5,,9.5,,16:31,,,,,nilsoma01
5,2002-03,FLA,24.0,82.0,31.0,2,7.0,7.0,1.0,0.0,11.0,7.0,1.0,8.0,,8.0,,15:31,,,,,nilsoma01
6,2003-04,TOT,25.0,83.0,40.0,-6,8.0,2.0,1.0,3.0,10.0,3.0,0.0,8.3,,8.3,,15:43,,,,,nilsoma01
7,2003-04,FLA,25.0,69.0,26.0,-9,4.0,1.0,1.0,1.0,10.0,3.0,0.0,5.5,,5.5,,15:30,,,,,nilsoma01
8,2003-04,CGY,25.0,14.0,14.0,3,4.0,1.0,0.0,2.0,0.0,0.0,0.0,21.7,,21.7,,16:43,,,,,nilsoma01
9,2005-06,CGY,27.0,70.0,32.0,13,4.0,2.0,0.0,2.0,9.0,2.0,0.0,7.2,,7.2,,14:50,,,,,nilsoma01
10,2006-07,CGY,28.0,63.0,27.0,7,5.0,0.0,0.0,1.0,10.0,0.0,0.0,7.2,,7.2,,13:07,,,,,nilsoma01
11,2007-08,CGY,29.0,47.0,4.0,2,3.0,0.0,0.0,0.0,2.0,0.0,0.0,6.4,74.0,6.4,74.0,9:49,6.0,17.0,9.0,6.0,nilsoma01
1,2000-01,TOT,23.0,76.0,20.0,-14,2.0,1.0,1.0,1.0,5.0,0.0,0.0,6.8,,6.8,,14:15,,,,,pahlssa01
2,2000-01,BOS,23.0,17.0,6.0,-5,1.0,0.0,0.0,0.0,1.0,0.0,0.0,7.7,,7.7,,14:19,,,,,pahlssa01
3,2000-01,MDA,23.0,59.0,14.0,-9,1.0,1.0,1.0,1.0,4.0,0.0,0.0,6.5,,6.5,,14:14,,,,,pahlssa01
4,2001-02,MDA,24.0,80.0,26.0,-16,4.0,1.0,1.0,0.0,12.0,2.0,0.0,6.1,,6.1,,16:24,,,,,pahlssa01
5,2002-03,MDA,25.0,34.0,18.0,10,3.0,0.0,1.0,2.0,10.0,0.0,1.0,14.3,,14.3,,13:20,,,,,pahlssa01
6,2003-04,MDA,26.0,82.0,52.0,-2,7.0,1.0,0.0,2.0,12.0,0.0,2.0,6.0,,6.0,,16:51,,,,,pahlssa01
7,2005-06,MDA,28.0,82.0,34.0,-1,8.0,0.0,3.0,1.0,8.0,1.0,1.0,9.5,,9.5,,16:30,,,,,pahlssa01
8,2006-07,ANA,29.0,82.0,42.0,-4,8.0,0.0,0.0,1.0,18.0,0.0,0.0,7.2,,7.2,,17:22,,,,,pahlssa01
9,2007-08,ANA,30.0,56.0,34.0,-2,3.0,0.0,3.0,3.0,8.0,1.0,0.0,6.4,152.0,6.4,152.0,18:46,114.0,24.0,33.0,22.0,pahlssa01
10,2008-09,TOT,31.0,65.0,34.0,-17,6.0,1.0,0.0,2.0,9.0,2.0,0.0,8.0,139.0,8.0,139.0,18:17,121.0,21.0,25.0,26.0,pahlssa01
11,2008-09,ANA,31.0,52.0,32.0,-16,4.0,1.0,0.0,1.0,8.0,2.0,0.0,6.8,119.0,6.8,119.0,18:31,91.0,15.0,19.0,23.0,pahlssa01
12,2008-09,CHI,31.0,13.0,2.0,-1,2.0,0.0,0.0,1.0,1.0,0.0,0.0,14.3,20.0,14.3,20.0,17:25,30.0,6.0,6.0,3.0,pahlssa01
13,2009-10,CBJ,32.0,79.0,32.0,-9,3.0,0.0,0.0,0.0,10.0,1.0,2.0,3.2,160.0,3.2,160.0,16:17,151.0,35.0,28.0,13.0,pahlssa01
14,2010-11,CBJ,33.0,82.0,30.0,-13,6.0,0.0,1.0,1.0,13.0,0.0,0.0,6.5,181.0,6.5,181.0,15:20,162.0,49.0,28.0,8.0,pahlssa01
15,2011-12,TOT,34.0,80.0,34.0,-2,3.0,0.0,1.0,1.0,12.0,0.0,1.0,4.3,172.0,4.3,172.0,14:46,123.0,37.0,44.0,14.0,pahlssa01
16,2011-12,CBJ,34.0,61.0,22.0,-6,1.0,0.0,1.0,0.0,9.0,0.0,0.0,3.2,126.0,3.2,126.0,15:02,98.0,33.0,34.0,8.0,pahlssa01
17,2011-12,VAN,34.0,19.0,12.0,4,2.0,0.0,0.0,1.0,3.0,0.0,1.0,6.7,46.0,6.7,46.0,13:56,25.0,4.0,10.0,6.0,pahlssa01
1,1998-99,COL,21.0,27.0,71.0,-3,0.0,0.0,0.0,0.0,0.0,0.0,0.0,0.0,,0.0,,1:37,,,,,parkesc01
2,2000-01,COL,23.0,69.0,155.0,-2,2.0,0.0,0.0,1.0,3.0,0.0,0.0,5.7,,5.7,,5:42,,,,,parkesc01
3,2001-02,COL,24.0,63.0,154.0,0,1.0,0.0,0.0,0.0,4.0,0.0,0.0,3.1,,3.1,,5:50,,,,,parkesc01
4,2002-03,COL,25.0,43.0,82.0,6,1.0,0.0,0.0,0.0,3.0,0.0,0.0,5.0,,5.0,,6:15,,,,,parkesc01
5,2003-04,SJS,26.0,50.0,101.0,0,1.0,0.0,0.0,0.0,3.0,0.0,0.0,5.0,,5.0,,6:37,,,,,parkesc01
6,2005-06,SJS,28.0,10.0,38.0,3,1.0,0.0,0.0,0.0,0.0,0.0,0.0,16.7,,16.7,,5:39,,,,,parkesc01
7,2006-07,TOT,29.0,21.0,28.0,0,1.0,0.0,0.0,0.0,1.0,0.0,0.0,20.0,,20.0,,5:19,,,,,parkesc01
8,2006-07,SJS,29.0,11.0,22.0,0,0.0,0.0,0.0,0.0,0.0,0.0,0.0,0.0,,0.0,,5:03,,,,,parkesc01
9,2006-07,COL,29.0,10.0,6.0,0,1.0,0.0,0.0,0.0,1.0,0.0,0.0,50.0,,50.0,,5:35,,,,,parkesc01
10,2007-08,COL,30.0,25.0,70.0,0,0.0,0.0,0.0,0.0,0.0,0.0,0.0,0.0,8.0,0.0,8.0,3:42,18.0,1.0,1.0,5.0,parkesc01
1,1998-99,FLA,21.0,73.0,25.0,-6,19.0,5.0,0.0,5.0,9.0,4.0,0.0,18.6,,18.6,,13:59,,,,,parrima01
2,1999-00,FLA,22.0,81.0,39.0,1,20.0,6.0,0.0,3.0,15.0,3.0,0.0,17.1,,17.1,,14:04,,,,,parrima01
3,2000-01,NYI,23.0,70.0,28.0,-27,11.0,6.0,0.0,3.0,9.0,4.0,0.0,13.8,,13.8,,15:27,,,,,parrima01
4,2001-02,NYI,24.0,78.0,32.0,10,20.0,9.0,1.0,6.0,18.0,9.0,3.0,18.5,,18.5,,16:48,,,,,parrima01
5,2002-03,NYI,25.0,81.0,28.0,-11,14.0,9.0,0.0,5.0,13.0,12.0,0.0,15.6,,15.6,,16:12,,,,,parrima01
6,2003-04,NYI,26.0,59.0,18.0,8,18.0,6.0,0.0,6.0,10.0,1.0,0.0,<str,,<str,,17:20,,,,,parrima01
7,2005-06,TOT,28.0,76.0,20.0,-23,13.0,16.0,0.0,5.0,6.0,14.0,0.0,21.2,,21.2,,18:33,,,,,parrima01
8,2005-06,NYI,28.0,57.0,16.0,-14,11.0,13.0,0.0,5.0,6.0,11.0,0.0,23.5,,23.5,,19:34,,,,,parrima01
9,2005-06,LAK,28.0,19.0,4.0,-9,2.0,3.0,0.0,0.0,0.0,3.0,0.0,14.3,,14.3,,15:29,,,,,parrima01
10,2006-07,MIN,29.0,76.0,18.0,9,14.0,5.0,0.0,4.0,14.0,6.0,0.0,13.5,,13.5,,14:20,,,,,parrima01
11,2007-08,MIN,30.0,66.0,16.0,2,9.0,7.0,0.0,0.0,9.0,5.0,0.0,16.8,155.0,16.8,155.0,14:56,32.0,43.0,13.0,17.0,parrima01
12,2008-09,DAL,31.0,44.0,18.0,-3,4.0,4.0,0.0,3.0,4.0,1.0,0.0,17.4,93.0,17.4,93.0,11:16,30.0,21.0,9.0,10.0,parrima01
13,2009-10,TBL,32.0,16.0,4.0,-5,0.0,0.0,0.0,0.0,2.0,0.0,0.0,0.0,25.0,0.0,25.0,15:10,11.0,13.0,1.0,7.0,parrima01
14,2010-11,BUF,33.0,2.0,0.0,-2,0.0,0.0,0.0,0.0,0.0,0.0,0.0,</td,2.0,</td,2.0,11:47,2.0,2.0,0.0,1.0,parrima01
1,1997-98,OTT,19.0,72.0,38.0,2,3.0,2.0,0.0,2.0,5.0,6.0,0.0,4.7,,4.7,,</td>,,,,,phillch02
2,1998-99,OTT,20.0,34.0,32.0,-5,1.0,2.0,0.0,0.0,2.0,1.0,0.0,5.9,,5.9,,18:06,,,,,phillch02
3,1999-00,OTT,21.0,65.0,39.0,12,5.0,0.0,0.0,1.0,11.0,2.0,1.0,5.2,,5.2,,16:50,,,,,phillch02
4,2000-01,OTT,22.0,73.0,31.0,8,0.0,2.0,0.0,0.0,8.0,4.0,0.0,2.6,,2.6,,21:28,,,,,phillch02
5,2001-02,OTT,23.0,63.0,29.0,5,5.0,1.0,0.0,1.0,9.0,7.0,0.0,5.8,,5.8,,19:31,,,,,phillch02
6,2002-03,OTT,24.0,78.0,71.0,7,1.0,2.0,0.0,1.0,13.0,3.0,0.0,3.1,,3.1,,20:13,,,,,phillch02
7,2003-04,OTT,25.0,82.0,46.0,15,7.0,0.0,0.0,1.0,13.0,3.0,0.0,7.5,,7.5,,20:50,,,,,phillch02
8,2005-06,OTT,27.0,69.0,90.0,19,1.0,0.0,0.0,0.0,11.0,1.0,6.0,1.3,,1.3,,20:52,,,,,phillch02
9,2006-07,OTT,28.0,82.0,80.0,36,7.0,0.0,1.0,3.0,14.0,0.0,4.0,8.5,,8.5,,22:22,,,,,phillch02
10,2007-08,OTT,29.0,81.0,56.0,15,4.0,1.0,0.0,1.0,10.0,0.0,3.0,6.3,164.0,6.3,164.0,22:29,126.0,151.0,25.0,57.0,phillch02
11,2008-09,OTT,30.0,82.0,66.0,-14,5.0,0.0,1.0,0.0,11.0,3.0,2.0,6.8,183.0,6.8,183.0,21:52,113.0,114.0,32.0,56.0,phillch02
12,2009-10,OTT,31.0,82.0,45.0,8,6.0,1.0,1.0,2.0,12.0,3.0,1.0,9.8,172.0,9.8,172.0,22:21,97.0,142.0,29.0,75.0,phillch02
13,2010-11,OTT,32.0,82.0,32.0,-35,1.0,0.0,0.0,0.0,7.0,1.0,0.0,1.2,170.0,1.2,170.0,21:31,116.0,152.0,26.0,54.0,phillch02
14,2011-12,OTT,33.0,80.0,16.0,12,1.0,4.0,0.0,1.0,12.0,0.0,2.0,5.9,190.0,5.9,190.0,19:07,134.0,137.0,18.0,50.0,phillch02
15,2012-13,OTT,34.0,48.0,43.0,-5,4.0,1.0,0.0,0.0,9.0,0.0,0.0,5.6,162.0,5.6,162.0,21:03,93.0,78.0,9.0,20.0,phillch02
16,2013-14,OTT,35.0,70.0,30.0,-13,0.0,1.0,0.0,0.0,7.0,7.0,0.0,1.1,173.0,1.1,173.0,19:14,140.0,95.0,10.0,46.0,phillch02
17,2014-15,OTT,36.0,36.0,14.0,0,0.0,0.0,0.0,0.0,2.0,1.0,0.0,0.0,69.0,0.0,69.0,20:54,70.0,54.0,7.0,26.0,phillch02
1,2002-03,EDM,26.0,35.0,10.0,9,7.0,0.0,1.0,0.0,5.0,0.0,0.0,25.0,,25.0,,10:43,,,,,pisanfe01
2,2003-04,EDM,27.0,76.0,46.0,14,11.0,4.0,1.0,1.0,14.0,0.0,0.0,16.2,,16.2,,12:46,,,,,pisanfe01
3,2005-06,EDM,29.0,80.0,42.0,5,13.0,4.0,1.0,2.0,14.0,5.0,0.0,13.7,,13.7,,13:51,,,,,pisanfe01
4,2006-07,EDM,30.0,77.0,40.0,-1,11.0,2.0,1.0,0.0,11.0,2.0,1.0,9.9,,9.9,,16:54,,,,,pisanfe01
5,2007-08,EDM,31.0,56.0,28.0,-5,9.0,4.0,0.0,3.0,8.0,1.0,0.0,13.5,165.0,13.5,165.0,16:32,41.0,14.0,20.0,22.0,pisanfe01
6,2008-09,EDM,32.0,38.0,14.0,-1,7.0,0.0,0.0,0.0,7.0,0.0,1.0,9.7,115.0,9.7,115.0,15:19,48.0,12.0,16.0,12.0,pisanfe01
7,2009-10,EDM,33.0,40.0,10.0,-16,4.0,0.0,0.0,0.0,3.0,0.0,1.0,7.4,90.0,7.4,90.0,14:35,57.0,24.0,13.0,15.0,pisanfe01
8,2010-11,CHI,34.0,60.0,10.0,0,6.0,1.0,0.0,1.0,9.0,0.0,0.0,9.7,123.0,9.7,123.0,12:34,69.0,21.0,32.0,13.0,pisanfe01
1,1998-99,EDM,21.0,73.0,42.0,10,3.0,2.0,0.0,3.0,9.0,7.0,0.0,5.3,,5.3,,19:33,,,,,potito01
2,1999-00,EDM,22.0,76.0,65.0,8,6.0,2.0,1.0,1.0,15.0,11.0,0.0,7.2,,7.2,,24:10,,,,,potito01
3,2000-01,EDM,23.0,81.0,60.0,-4,6.0,6.0,0.0,3.0,7.0,12.0,1.0,7.5,,7.5,,22:44,,,,,potito01
4,2001-02,TOT,24.0,66.0,44.0,-10,0.0,2.0,0.0,1.0,11.0,10.0,2.0,1.8,,1.8,,24:04,,,,,potito01
5,2001-02,EDM,24.0,55.0,42.0,-6,0.0,1.0,0.0,0.0,7.0,7.0,2.0,1.0,,1.0,,24:32,,,,,potito01
6,2001-02,NYR,24.0,11.0,2.0,-4,0.0,1.0,0.0,1.0,4.0,3.0,0.0,11.1,,11.1,,21:45,,,,,potito01
7,2002-03,NYR,25.0,80.0,58.0,-6,8.0,3.0,0.0,2.0,18.0,18.0,1.0,7.4,,7.4,,24:43,,,,,potito01
8,2003-04,NYR,26.0,67.0,47.0,-1,6.0,4.0,0.0,5.0,10.0,4.0,0.0,8.1,,8.1,,22:28,,,,,potito01
9,2005-06,NYR,28.0,73.0,70.0,16,1.0,2.0,0.0,2.0,8.0,12.0,0.0,2.5,,2.5,,20:46,,,,,potito01
10,2006-07,NYI,29.0,78.0,74.0,-1,0.0,6.0,0.0,1.0,11.0,26.0,1.0,4.5,,4.5,,25:43,,,,,potito01
11,2007-08,WSH,30.0,71.0,46.0,9,2.0,0.0,0.0,0.0,19.0,8.0,0.0,2.0,182.0,2.0,182.0,23:29,42.0,119.0,32.0,58.0,potito01
12,2008-09,WSH,31.0,52.0,28.0,3,3.0,0.0,0.0,1.0,7.0,2.0,1.0,6.3,109.0,6.3,109.0,21:09,31.0,97.0,24.0,42.0,potito01
13,2009-10,WSH,32.0,70.0,42.0,26,2.0,2.0,0.0,0.0,16.0,4.0,0.0,5.8,135.0,5.8,135.0,21:24,19.0,121.0,35.0,53.0,potito01
14,2010-11,WSH,33.0,21.0,8.0,-4,2.0,0.0,0.0,0.0,4.0,1.0,0.0,10.0,40.0,10.0,40.0,18:22,7.0,27.0,3.0,12.0,potito01
15,2012-13,WSH,35.0,16.0,2.0,-2,0.0,0.0,0.0,0.0,1.0,1.0,0.0,0.0,24.0,0.0,24.0,15:13,5.0,15.0,2.0,5.0,potito01
1,1998-99,STL,21.0,22.0,8.0,2,2.0,1.0,0.0,0.0,3.0,4.0,0.0,9.1,,9.1,,13:55,,,,,reasoma01
2,1999-00,STL,22.0,32.0,20.0,9,7.0,3.0,0.0,0.0,9.0,5.0,0.0,19.6,,19.6,,15:20,,,,,reasoma01
3,2000-01,STL,23.0,41.0,14.0,-5,4.0,0.0,0.0,0.0,2.0,6.0,1.0,6.2,,6.2,,14:00,,,,,reasoma01
4,2001-02,EDM,24.0,52.0,41.0,0,3.0,3.0,0.0,2.0,4.0,1.0,0.0,9.1,,9.1,,11:44,,,,,reasoma01
5,2002-03,EDM,25.0,70.0,28.0,19,7.0,2.0,2.0,0.0,15.0,3.0,2.0,10.8,,10.8,,14:50,,,,,reasoma01
6,2003-04,EDM,26.0,17.0,10.0,5,2.0,0.0,0.0,0.0,4.0,1.0,1.0,7.1,,7.1,,16:30,,,,,reasoma01
7,2005-06,TOT,28.0,77.0,28.0,-14,5.0,6.0,0.0,1.0,16.0,7.0,0.0,10.8,,10.8,,13:20,,,,,reasoma01
8,2005-06,EDM,28.0,58.0,20.0,-12,4.0,5.0,0.0,1.0,11.0,6.0,0.0,14.3,,14.3,,12:45,,,,,reasoma01
9,2005-06,BOS,28.0,19.0,8.0,-2,1.0,1.0,0.0,0.0,5.0,1.0,0.0,5.1,,5.1,,15:09,,,,,reasoma01
10,2006-07,EDM,29.0,72.0,60.0,-15,6.0,0.0,0.0,1.0,12.0,0.0,2.0,7.1,,7.1,,13:52,,,,,reasoma01
11,2007-08,EDM,30.0,82.0,50.0,-17,11.0,0.0,0.0,0.0,11.0,2.0,1.0,9.7,208.0,9.7,208.0,14:58,23.0,53.0,45.0,34.0,reasoma01
12,2008-09,ATL,31.0,79.0,36.0,11,13.0,0.0,1.0,2.0,11.0,0.0,5.0,10.7,221.0,10.7,221.0,15:19,41.0,60.0,69.0,18.0,reasoma01
13,2009-10,ATL,32.0,80.0,24.0,-3,4.0,0.0,0.0,0.0,11.0,0.0,2.0,4.7,162.0,4.7,162.0,12:30,33.0,49.0,51.0,12.0,reasoma01
14,2010-11,FLA,33.0,82.0,22.0,2,14.0,0.0,0.0,4.0,17.0,1.0,0.0,11.3,232.0,11.3,232.0,17:10,71.0,57.0,52.0,17.0,reasoma01
15,2011-12,NYI,34.0,61.0,34.0,-25,1.0,0.0,0.0,0.0,5.0,0.0,0.0,1.4,110.0,1.4,110.0,11:37,43.0,31.0,25.0,15.0,reasoma01
16,2012-13,NYI,35.0,31.0,4.0,-3,0.0,0.0,0.0,0.0,5.0,0.0,0.0,0.0,54.0,0.0,54.0,11:14,21.0,14.0,14.0,1.0,reasoma01
1,1999-00,PIT,21.0,75.0,48.0,11,3.0,1.0,0.0,1.0,17.0,0.0,0.0,5.5,,5.5,,19:01,,,,,rozsimi01
2,2000-01,PIT,22.0,30.0,26.0,3,1.0,0.0,0.0,0.0,3.0,1.0,0.0,5.9,,5.9,,17:06,,,,,rozsimi01
3,2001-02,PIT,23.0,79.0,47.0,-6,5.0,4.0,0.0,4.0,13.0,7.0,0.0,10.1,,10.1,,20:01,,,,,rozsimi01
4,2002-03,PIT,24.0,53.0,40.0,-5,3.0,1.0,0.0,0.0,3.0,3.0,0.0,6.6,,6.6,,20:25,,,,,rozsimi01
5,2005-06,NYR,27.0,82.0,90.0,<str,2.0,3.0,0.0,3.0,16.0,8.0,1.0,4.3,,4.3,,22:27,,,,,rozsimi01
6,2006-07,NYR,28.0,80.0,52.0,10,3.0,7.0,0.0,3.0,15.0,13.0,2.0,9.6,,9.6,,23:46,,,,,rozsimi01
7,2007-08,NYR,29.0,80.0,80.0,0,5.0,6.0,2.0,0.0,13.0,12.0,0.0,10.2,269.0,10.2,269.0,24:33,93.0,129.0,58.0,55.0,rozsimi01
8,2008-09,NYR,30.0,76.0,52.0,-7,5.0,3.0,0.0,2.0,9.0,11.0,2.0,6.7,277.0,6.7,277.0,22:31,90.0,113.0,37.0,32.0,rozsimi01
9,2009-10,NYR,31.0,82.0,78.0,3,2.0,1.0,0.0,1.0,16.0,3.0,1.0,3.8,179.0,3.8,179.0,21:26,136.0,130.0,34.0,28.0,rozsimi01
10,2010-11,TOT,32.0,65.0,42.0,6,4.0,2.0,0.0,3.0,9.0,6.0,0.0,10.9,136.0,10.9,136.0,21:00,100.0,108.0,24.0,24.0,rozsimi01
11,2010-11,NYR,32.0,32.0,22.0,3,3.0,0.0,0.0,1.0,6.0,6.0,0.0,12.5,79.0,12.5,79.0,22:03,45.0,47.0,16.0,13.0,rozsimi01
12,2010-11,PHX,32.0,33.0,20.0,3,1.0,2.0,0.0,2.0,3.0,0.0,0.0,9.7,57.0,9.7,57.0,19:59,55.0,61.0,8.0,11.0,rozsimi01
13,2011-12,PHX,33.0,54.0,34.0,8,1.0,0.0,0.0,0.0,12.0,0.0,0.0,2.0,109.0,2.0,109.0,19:20,62.0,91.0,13.0,16.0,rozsimi01
14,2012-13,CHI,34.0,27.0,14.0,18,0.0,0.0,0.0,0.0,11.0,0.0,1.0,0.0,43.0,0.0,43.0,18:07,44.0,28.0,10.0,13.0,rozsimi01
15,2013-14,CHI,35.0,42.0,32.0,7,1.0,0.0,0.0,0.0,7.0,0.0,0.0,2.6,75.0,2.6,75.0,16:39,67.0,43.0,15.0,24.0,rozsimi01
16,2014-15,CHI,36.0,65.0,22.0,0,1.0,0.0,0.0,0.0,12.0,0.0,0.0,1.8,136.0,1.8,136.0,17:01,103.0,87.0,17.0,36.0,rozsimi01
17,2015-16,CHI,37.0,51.0,33.0,3,1.0,0.0,0.0,0.0,9.0,2.0,1.0,2.4,90.0,2.4,90.0,16:10,81.0,63.0,6.0,24.0,rozsimi01
18,2016-17,CHI,38.0,8.0,4.0,1,0.0,0.0,0.0,0.0,1.0,0.0,0.0,0.0,10.0,0.0,10.0,15:13,19.0,12.0,0.0,2.0,rozsimi01
1,1996-97,MDA,22.0,30.0,37.0,-8,0.0,0.0,0.0,0.0,1.0,0.0,0.0,0.0,,0.0,,</td>,,,,,saleiru01
2,1997-98,MDA,23.0,66.0,70.0,7,4.0,1.0,0.0,0.0,6.0,4.0,0.0,4.8,,4.8,,</td>,,,,,saleiru01
3,1998-99,MDA,24.0,74.0,65.0,1,1.0,1.0,0.0,0.0,6.0,8.0,0.0,1.6,,1.6,,22:03,,,,,saleiru01
4,1999-00,MDA,25.0,71.0,94.0,3,4.0,1.0,0.0,0.0,3.0,2.0,0.0,4.3,,4.3,,20:21,,,,,saleiru01
5,2000-01,MDA,26.0,50.0,70.0,-14,1.0,0.0,0.0,0.0,5.0,0.0,0.0,1.4,,1.4,,20:40,,,,,saleiru01
6,2001-02,MDA,27.0,82.0,97.0,-10,4.0,0.0,0.0,1.0,6.0,1.0,0.0,4.2,,4.2,,21:25,,,,,saleiru01
7,2002-03,MDA,28.0,61.0,78.0,2,4.0,0.0,0.0,0.0,8.0,0.0,0.0,4.3,,4.3,,21:53,,,,,saleiru01
8,2003-04,MDA,29.0,82.0,110.0,-1,3.0,0.0,1.0,2.0,11.0,0.0,0.0,2.8,,2.8,,23:42,,,,,saleiru01
9,2005-06,MDA,31.0,78.0,114.0,17,1.0,0.0,0.0,0.0,11.0,6.0,1.0,0.9,,0.9,,22:31,,,,,saleiru01
10,2006-07,FLA,32.0,82.0,102.0,-13,4.0,2.0,0.0,0.0,8.0,18.0,0.0,4.1,,4.1,,23:20,,,,,saleiru01
11,2007-08,TOT,33.0,82.0,98.0,-4,5.0,1.0,0.0,1.0,16.0,7.0,1.0,5.4,250.0,5.4,250.0,22:27,162.0,135.0,13.0,35.0,saleiru01
12,2007-08,FLA,33.0,65.0,75.0,-5,2.0,1.0,0.0,0.0,12.0,7.0,1.0,3.7,198.0,3.7,198.0,23:17,122.0,114.0,10.0,30.0,saleiru01
13,2007-08,COL,33.0,17.0,23.0,1,3.0,0.0,0.0,1.0,4.0,0.0,0.0,10.0,52.0,10.0,52.0,19:17,40.0,21.0,3.0,5.0,saleiru01
14,2008-09,COL,34.0,70.0,72.0,-4,3.0,1.0,0.0,0.0,11.0,6.0,0.0,4.3,242.0,4.3,242.0,21:06,107.0,143.0,18.0,36.0,saleiru01
15,2009-10,COL,35.0,14.0,10.0,-1,1.0,0.0,0.0,0.0,5.0,0.0,0.0,4.5,38.0,4.5,38.0,18:46,21.0,20.0,1.0,7.0,saleiru01
16,2010-11,DET,36.0,75.0,48.0,0,2.0,0.0,0.0,0.0,8.0,0.0,0.0,2.7,161.0,2.7,161.0,17:58,117.0,109.0,19.0,35.0,saleiru01
1,1998-99,OTT,24.0,61.0,24.0,20,5.0,2.0,0.0,1.0,6.0,6.0,0.0,6.6,,6.6,,19:42,,,,,salosa01
2,1999-00,OTT,25.0,37.0,2.0,6,3.0,3.0,0.0,1.0,6.0,2.0,0.0,7.1,,7.1,,20:18,,,,,salosa01
3,2000-01,OTT,26.0,31.0,10.0,9,1.0,1.0,0.0,0.0,5.0,11.0,0.0,3.3,,3.3,,19:44,,,,,salosa01
4,2001-02,OTT,27.0,66.0,14.0,1,2.0,1.0,1.0,2.0,9.0,5.0,0.0,3.3,,3.3,,19:52,,,,,salosa01
5,2002-03,VAN,28.0,79.0,10.0,9,5.0,4.0,0.0,1.0,12.0,5.0,4.0,7.1,,7.1,,20:08,,,,,salosa01
6,2003-04,VAN,29.0,74.0,22.0,8,2.0,5.0,0.0,2.0,8.0,10.0,1.0,4.9,,4.9,,22:14,,,,,salosa01
7,2005-06,VAN,31.0,59.0,38.0,9,1.0,9.0,0.0,2.0,11.0,11.0,1.0,7.1,,7.1,,24:30,,,,,salosa01
8,2006-07,VAN,32.0,67.0,26.0,21,9.0,5.0,0.0,6.0,10.0,13.0,0.0,9.8,,9.8,,21:27,,,,,salosa01
9,2007-08,VAN,33.0,63.0,38.0,8,2.0,6.0,0.0,1.0,5.0,11.0,1.0,6.6,278.0,6.6,278.0,23:39,36.0,79.0,18.0,46.0,salosa01
10,2008-09,VAN,34.0,60.0,26.0,5,0.0,5.0,0.0,2.0,11.0,9.0,0.0,4.5,245.0,4.5,245.0,20:11,44.0,65.0,22.0,29.0,salosa01
11,2009-10,VAN,35.0,68.0,18.0,14,3.0,6.0,0.0,3.0,10.0,7.0,2.0,7.6,250.0,7.6,250.0,20:41,43.0,60.0,16.0,29.0,salosa01
12,2010-11,VAN,36.0,27.0,14.0,-3,2.0,1.0,0.0,0.0,2.0,2.0,0.0,7.7,81.0,7.7,81.0,20:21,6.0,28.0,3.0,18.0,salosa01
13,2011-12,VAN,37.0,69.0,10.0,7,2.0,7.0,0.0,3.0,9.0,7.0,0.0,6.6,282.0,6.6,282.0,20:27,29.0,77.0,23.0,35.0,salosa01
14,2012-13,TBL,38.0,46.0,16.0,5,1.0,1.0,0.0,0.0,9.0,6.0,0.0,4.2,99.0,4.2,99.0,20:59,40.0,65.0,13.0,16.0,salosa01
15,2013-14,TBL,39.0,71.0,18.0,11,4.0,0.0,0.0,0.0,7.0,6.0,0.0,4.9,179.0,4.9,179.0,18:11,57.0,66.0,17.0,20.0,salosa01
1,1998-99,BUF,20.0,4.0,0.0,3,0.0,0.0,0.0,0.0,0.0,0.0,0.0,0.0,,0.0,,13:11,,,,,saricco01
2,1999-00,TOT,21.0,59.0,77.0,-6,0.0,0.0,0.0,0.0,4.0,1.0,1.0,0.0,,0.0,,18:34,,,,,saricco01
3,1999-00,BUF,21.0,42.0,35.0,2,0.0,0.0,0.0,0.0,3.0,1.0,0.0,0.0,,0.0,,17:42,,,,,saricco01
4,1999-00,TBL,21.0,17.0,42.0,-8,0.0,0.0,0.0,0.0,1.0,0.0,1.0,0.0,,0.0,,20:42,,,,,saricco01
5,2000-01,TBL,22.0,73.0,106.0,-25,1.0,0.0,0.0,1.0,7.0,0.0,1.0,1.5,,1.5,,18:44,,,,,saricco01
6,2001-02,TBL,23.0,72.0,105.0,-4,0.0,0.0,0.0,0.0,10.0,0.0,1.0,0.0,,0.0,,16:06,,,,,saricco01
7,2002-03,TBL,24.0,82.0,63.0,-3,5.0,0.0,0.0,2.0,7.0,0.0,2.0,6.3,,6.3,,19:36,,,,,saricco01
8,2003-04,TBL,25.0,82.0,89.0,5,2.0,0.0,1.0,1.0,15.0,0.0,1.0,3.2,,3.2,,18:31,,,,,saricco01
9,2005-06,TBL,27.0,82.0,79.0,-2,1.0,0.0,0.0,0.0,12.0,1.0,1.0,1.1,,1.1,,18:34,,,,,saricco01
10,2006-07,TBL,28.0,82.0,70.0,-6,0.0,0.0,0.0,0.0,14.0,0.0,1.0,0.0,,0.0,,18:07,,,,,saricco01
11,2007-08,CGY,29.0,80.0,135.0,2,2.0,0.0,0.0,0.0,3.0,0.0,2.0,3.5,135.0,3.5,135.0,18:49,157.0,64.0,27.0,44.0,saricco01
12,2008-09,CGY,30.0,76.0,112.0,12,2.0,0.0,0.0,0.0,15.0,1.0,2.0,3.5,160.0,3.5,160.0,17:53,132.0,70.0,13.0,46.0,saricco01
13,2009-10,CGY,31.0,57.0,58.0,4,1.0,0.0,0.0,1.0,4.0,1.0,0.0,2.2,98.0,2.2,98.0,15:57,115.0,57.0,5.0,36.0,saricco01
14,2010-11,CGY,32.0,76.0,75.0,11,4.0,0.0,0.0,1.0,13.0,0.0,0.0,5.3,162.0,5.3,162.0,17:53,175.0,109.0,15.0,51.0,saricco01
15,2011-12,CGY,33.0,62.0,66.0,1,1.0,0.0,0.0,0.0,6.0,0.0,0.0,2.8,107.0,2.8,107.0,16:07,144.0,60.0,9.0,33.0,saricco01
16,2012-13,CGY,34.0,28.0,16.0,-8,0.0,0.0,0.0,0.0,2.0,0.0,0.0,0.0,38.0,0.0,38.0,14:52,43.0,33.0,6.0,13.0,saricco01
17,2013-14,COL,35.0,54.0,38.0,7,1.0,0.0,0.0,0.0,9.0,0.0,0.0,2.1,111.0,2.1,111.0,17:05,107.0,66.0,14.0,19.0,saricco01
1,1998-99,DAL,21.0,7.0,12.0,1,1.0,0.0,0.0,0.0,0.0,0.0,0.0,12.5,,12.5,,11:26,,,,,simjo01
2,1999-00,DAL,22.0,25.0,10.0,4,3.0,2.0,0.0,1.0,3.0,0.0,0.0,11.4,,11.4,,10:51,,,,,simjo01
3,2000-01,DAL,23.0,15.0,6.0,-2,0.0,0.0,0.0,0.0,2.0,1.0,0.0,0.0,,0.0,,8:47,,,,,simjo01
4,2001-02,DAL,24.0,26.0,10.0,-3,2.0,1.0,0.0,0.0,0.0,0.0,0.0,7.0,,7.0,,9:30,,,,,simjo01
5,2002-03,TOT,25.0,22.0,19.0,-4,1.0,0.0,0.0,0.0,2.0,0.0,0.0,2.6,,2.6,,11:03,,,,,simjo01
6,2002-03,DAL,25.0,4.0,0.0,-1,0.0,0.0,0.0,0.0,0.0,0.0,0.0,0.0,,0.0,,9:10,,,,,simjo01
7,2002-03,NSH,25.0,4.0,0.0,0,1.0,0.0,0.0,0.0,0.0,0.0,0.0,33.3,,33.3,,9:18,,,,,simjo01
8,2002-03,LAK,25.0,14.0,19.0,-3,0.0,0.0,0.0,0.0,2.0,0.0,0.0,0.0,,0.0,,12:05,,,,,simjo01
9,2003-04,TOT,26.0,63.0,33.0,-4,8.0,0.0,0.0,2.0,9.0,1.0,0.0,8.0,,8.0,,10:53,,,,,simjo01
10,2003-04,LAK,26.0,48.0,27.0,0,6.0,0.0,0.0,1.0,7.0,0.0,0.0,8.2,,8.2,,10:01,,,,,simjo01
11,2003-04,PIT,26.0,15.0,6.0,-4,2.0,0.0,0.0,1.0,2.0,1.0,0.0,7.4,,7.4,,13:39,,,,,simjo01
12,2005-06,TOT,28.0,72.0,54.0,-7,9.0,8.0,0.0,5.0,13.0,2.0,0.0,9.9,,9.9,,11:40,,,,,simjo01
13,2005-06,PHI,28.0,39.0,28.0,-6,3.0,4.0,0.0,2.0,7.0,0.0,0.0,8.8,,8.8,,10:59,,,,,simjo01
14,2005-06,FLA,28.0,33.0,26.0,-1,6.0,4.0,0.0,3.0,6.0,2.0,0.0,10.9,,10.9,,12:28,,,,,simjo01
15,2006-07,ATL,29.0,77.0,60.0,-1,15.0,2.0,0.0,1.0,11.0,1.0,0.0,12.1,,12.1,,11:45,,,,,simjo01
16,2007-08,NYI,30.0,2.0,2.0,-1,0.0,0.0,0.0,0.0,1.0,0.0,0.0,0.0,8.0,0.0,8.0,14:19,4.0,0.0,1.0,0.0,simjo01
17,2008-09,NYI,31.0,49.0,42.0,-12,6.0,3.0,0.0,0.0,6.0,0.0,0.0,10.0,149.0,10.0,149.0,12:10,44.0,21.0,13.0,11.0,simjo01
18,2009-10,NYI,32.0,77.0,44.0,-4,12.0,1.0,0.0,0.0,9.0,0.0,0.0,10.2,189.0,10.2,189.0,11:39,121.0,36.0,27.0,12.0,simjo01
19,2010-11,NYI,33.0,34.0,22.0,-10,1.0,0.0,0.0,0.0,2.0,1.0,0.0,2.6,59.0,2.6,59.0,11:24,53.0,12.0,13.0,2.0,simjo01
1,1997-98,SJS,19.0,74.0,40.0,-2,8.0,2.0,0.0,3.0,16.0,4.0,0.0,8.5,,8.5,,</td>,,,,,sturmma01
2,1998-99,SJS,20.0,78.0,52.0,7,11.0,3.0,2.0,3.0,12.0,8.0,2.0,11.4,,11.4,,15:23,,,,,sturmma01
3,1999-00,SJS,21.0,74.0,22.0,4,6.0,2.0,4.0,3.0,14.0,0.0,1.0,10.0,,10.0,,14:07,,,,,sturmma01
4,2000-01,SJS,22.0,81.0,28.0,9,9.0,2.0,3.0,5.0,16.0,2.0,0.0,9.2,,9.2,,16:06,,,,,sturmma01
5,2001-02,SJS,23.0,77.0,32.0,23,14.0,4.0,3.0,5.0,18.0,2.0,0.0,12.1,,12.1,,15:39,,,,,sturmma01
6,2002-03,SJS,24.0,82.0,16.0,9,22.0,6.0,0.0,2.0,12.0,8.0,0.0,13.5,,13.5,,16:31,,,,,sturmma01
7,2003-04,SJS,25.0,64.0,36.0,0,9.0,10.0,2.0,6.0,12.0,8.0,0.0,13.3,,13.3,,16:25,,,,,sturmma01
8,2005-06,TOT,27.0,74.0,48.0,6,21.0,8.0,0.0,6.0,19.0,9.0,2.0,16.1,,16.1,,18:21,,,,,sturmma01
9,2005-06,SJS,27.0,23.0,16.0,-8,3.0,3.0,0.0,0.0,4.0,5.0,1.0,12.5,,12.5,,17:28,,,,,sturmma01
10,2005-06,BOS,27.0,51.0,32.0,14,18.0,5.0,0.0,6.0,15.0,4.0,1.0,17.4,,17.4,,18:44,,,,,sturmma01
11,2006-07,BOS,28.0,76.0,46.0,-24,15.0,10.0,2.0,1.0,9.0,8.0,0.0,12.1,,12.1,,18:36,,,,,sturmma01
12,2007-08,BOS,29.0,80.0,40.0,11,16.0,10.0,1.0,5.0,16.0,13.0,0.0,11.8,334.0,11.8,334.0,17:00,50.0,25.0,25.0,21.0,sturmma01
13,2008-09,BOS,30.0,19.0,8.0,9,3.0,4.0,0.0,0.0,5.0,1.0,0.0,15.6,65.0,15.6,65.0,16:01,12.0,3.0,5.0,3.0,sturmma01
14,2009-10,BOS,31.0,76.0,30.0,14,17.0,4.0,1.0,2.0,9.0,6.0,0.0,10.8,313.0,10.8,313.0,16:46,69.0,24.0,31.0,19.0,sturmma01
15,2010-11,TOT,32.0,35.0,23.0,6,4.0,1.0,0.0,1.0,8.0,2.0,1.0,8.8,98.0,8.8,98.0,14:14,23.0,6.0,12.0,11.0,sturmma01
16,2010-11,LAK,32.0,17.0,17.0,6,3.0,1.0,0.0,0.0,4.0,0.0,1.0,14.8,44.0,14.8,44.0,14:28,12.0,2.0,5.0,6.0,sturmma01
17,2010-11,WSH,32.0,18.0,6.0,0,1.0,0.0,0.0,1.0,4.0,2.0,0.0,3.3,54.0,3.3,54.0,14:01,11.0,4.0,7.0,5.0,sturmma01
18,2011-12,TOT,33.0,48.0,25.0,-13,3.0,0.0,0.0,1.0,2.0,0.0,0.0,4.6,100.0,4.6,100.0,12:19,49.0,14.0,12.0,12.0,sturmma01
19,2011-12,VAN,33.0,6.0,2.0,-5,0.0,0.0,0.0,0.0,0.0,0.0,0.0,0.0,6.0,0.0,6.0,13:53,3.0,2.0,0.0,1.0,sturmma01
20,2011-12,FLA,33.0,42.0,23.0,-8,3.0,0.0,0.0,1.0,2.0,0.0,0.0,4.8,94.0,4.8,94.0,12:05,46.0,12.0,12.0,11.0,sturmma01
1,1999-00,NJD,22.0,21.0,40.0,3,2.0,0.0,0.0,1.0,1.0,0.0,0.0,6.9,,6.9,,14:45,,,,,whiteco01
2,2000-01,NJD,23.0,82.0,155.0,32,1.0,0.0,0.0,1.0,13.0,4.0,2.0,0.9,,0.9,,19:06,,,,,whiteco01
3,2001-02,NJD,24.0,73.0,133.0,6,2.0,0.0,0.0,0.0,3.0,0.0,0.0,2.5,,2.5,,20:06,,,,,whiteco01
4,2002-03,NJD,25.0,72.0,98.0,19,5.0,0.0,0.0,1.0,7.0,1.0,0.0,6.2,,6.2,,19:41,,,,,whiteco01
5,2003-04,NJD,26.0,75.0,96.0,10,2.0,0.0,0.0,0.0,10.0,1.0,0.0,3.3,,3.3,,21:02,,,,,whiteco01
6,2005-06,NJD,28.0,73.0,91.0,-2,2.0,1.0,0.0,1.0,8.0,6.0,0.0,5.0,,5.0,,21:48,,,,,whiteco01
7,2006-07,NJD,29.0,69.0,69.0,-8,0.0,0.0,0.0,0.0,8.0,0.0,0.0,0.0,,0.0,,22:28,,,,,whiteco01
8,2007-08,NJD,30.0,57.0,26.0,-5,2.0,0.0,0.0,1.0,8.0,0.0,0.0,7.4,77.0,7.4,77.0,19:40,106.0,73.0,20.0,24.0,whiteco01
9,2008-09,NJD,31.0,71.0,46.0,18,1.0,0.0,0.0,0.0,14.0,0.0,3.0,1.5,130.0,1.5,130.0,19:01,126.0,109.0,12.0,29.0,whiteco01
10,2009-10,NJD,32.0,81.0,46.0,8,2.0,0.0,0.0,0.0,9.0,0.0,1.0,4.3,118.0,4.3,118.0,20:04,143.0,126.0,20.0,40.0,whiteco01
11,2010-11,NJD,33.0,69.0,48.0,-2,0.0,0.0,0.0,0.0,5.0,0.0,1.0,0.0,96.0,0.0,96.0,18:51,109.0,100.0,21.0,38.0,whiteco01
12,2011-12,SJS,34.0,54.0,21.0,-5,1.0,0.0,0.0,0.0,3.0,0.0,0.0,3.0,71.0,3.0,71.0,14:57,65.0,94.0,10.0,25.0,whiteco01
1,2000-01,WSH,23.0,61.0,35.0,3,2.0,0.0,0.0,0.0,4.0,0.0,0.0,4.3,,4.3,,9:39,,,,,whitftr01
2,2001-02,TOT,24.0,25.0,28.0,-2,0.0,0.0,0.0,0.0,1.0,0.0,0.0,0.0,,0.0,,7:19,,,,,whitftr01
3,2001-02,WSH,24.0,24.0,28.0,-3,0.0,0.0,0.0,0.0,1.0,0.0,0.0,0.0,,0.0,,7:06,,,,,whitftr01
4,2001-02,NYR,24.0,1.0,0.0,1,0.0,0.0,0.0,0.0,0.0,0.0,0.0,</td,,</td,,12:44,,,,,whitftr01
5,2002-03,WSH,25.0,14.0,6.0,1,1.0,0.0,0.0,1.0,1.0,0.0,0.0,25.0,,25.0,,8:30,,,,,whitftr01
6,2003-04,WSH,26.0,44.0,14.0,-2,5.0,0.0,1.0,2.0,5.0,0.0,0.0,15.8,,15.8,,12:48,,,,,whitftr01
7,2005-06,STL,28.0,30.0,14.0,-3,1.0,1.0,0.0,0.0,4.0,1.0,0.0,4.9,,4.9,,11:56,,,,,whitftr01
8,2008-09,STL,31.0,3.0,0.0,2,0.0,0.0,0.0,0.0,1.0,0.0,0.0,0.0,4.0,0.0,4.0,11:03,2.0,2.0,0.0,0.0,whitftr01
9,2009-10,BOS,32.0,16.0,7.0,-2,0.0,0.0,0.0,0.0,1.0,0.0,0.0,0.0,23.0,0.0,23.0,11:03,14.0,5.0,3.0,0.0,whitftr01
10,2011-12,BOS,34.0,1.0,0.0,0,0.0,0.0,0.0,0.0,0.0,0.0,0.0,0.0,2.0,0.0,2.0,13:59,2.0,3.0,0.0,0.0,whitftr01
1,1999-00,COL,21.0,1.0,0.0,0,0.0,0.0,0.0,0.0,0.0,0.0,0.0,0.0,,0.0,,8:16,,,,,willsbr01
2,2001-02,COL,23.0,56.0,14.0,4,5.0,2.0,0.0,1.0,6.0,1.0,0.0,10.6,,10.6,,11:24,,,,,willsbr01
3,2002-03,COL,24.0,12.0,15.0,0,0.0,0.0,0.0,0.0,1.0,0.0,0.0,0.0,,0.0,,9:36,,,,,willsbr01
4,2003-04,WSH,25.0,49.0,18.0,-7,8.0,1.0,1.0,1.0,4.0,1.0,0.0,11.8,,11.8,,12:42,,,,,willsbr01
5,2005-06,WSH,27.0,82.0,77.0,-19,10.0,8.0,1.0,2.0,9.0,13.0,0.0,10.3,,10.3,,16:40,,,,,willsbr01
6,2006-07,LAK,28.0,81.0,49.0,-20,9.0,2.0,0.0,1.0,8.0,2.0,0.0,8.4,,8.4,,13:23,,,,,willsbr01
7,2007-08,LAK,29.0,53.0,30.0,-8,4.0,0.0,0.0,0.0,8.0,0.0,0.0,6.5,111.0,6.5,111.0,10:38,42.0,13.0,12.0,10.0,willsbr01
8,2008-09,COL,30.0,42.0,14.0,-6,1.0,0.0,0.0,0.0,3.0,0.0,0.0,1.7,108.0,1.7,108.0,11:47,36.0,21.0,12.0,8.0,willsbr01
9,2009-10,COL,31.0,4.0,0.0,-1,0.0,0.0,0.0,0.0,0.0,0.0,0.0,0.0,5.0,0.0,5.0,11:05,2.0,1.0,1.0,0.0,willsbr01
10,2010-11,WSH,32.0,1.0,0.0,0,0.0,0.0,0.0,0.0,1.0,0.0,0.0,</td,0.0,</td,0.0,6:15,0.0,2.0,0.0,0.0,willsbr01
1,1996-97,PHI,18.0,68.0,22.0,3,7.0,1.0,0.0,2.0,11.0,2.0,0.0,11.3,,11.3,,</td>,,,,,zubruda01
2,1997-98,PHI,19.0,69.0,42.0,29,7.0,1.0,0.0,5.0,22.0,3.0,0.0,7.9,,7.9,,</td>,,,,,zubruda01
3,1998-99,TOT,20.0,80.0,29.0,-8,5.0,0.0,1.0,1.0,9.0,1.0,0.0,7.5,,7.5,,12:15,,,,,zubruda01
4,1998-99,PHI,20.0,63.0,25.0,-5,2.0,0.0,1.0,0.0,5.0,0.0,0.0,6.1,,6.1,,11:00,,,,,zubruda01
5,1998-99,MTL,20.0,17.0,4.0,-3,3.0,0.0,0.0,1.0,4.0,1.0,0.0,9.7,,9.7,,16:53,,,,,zubruda01
6,1999-00,MTL,21.0,73.0,54.0,-1,11.0,3.0,0.0,1.0,22.0,6.0,0.0,10.1,,10.1,,17:37,,,,,zubruda01
7,2000-01,TOT,22.0,61.0,37.0,-11,9.0,4.0,0.0,0.0,9.0,4.0,0.0,15.7,,15.7,,17:26,,,,,zubruda01
8,2000-01,MTL,22.0,49.0,30.0,-7,9.0,3.0,0.0,0.0,8.0,4.0,0.0,17.1,,17.1,,18:30,,,,,zubruda01
9,2000-01,WSH,22.0,12.0,7.0,-4,0.0,1.0,0.0,0.0,1.0,0.0,0.0,7.7,,7.7,,13:05,,,,,zubruda01
10,2001-02,WSH,23.0,71.0,38.0,5,13.0,4.0,0.0,3.0,19.0,7.0,0.0,12.3,,12.3,,18:52,,,,,zubruda01
11,2002-03,WSH,24.0,63.0,43.0,15,11.0,2.0,0.0,0.0,20.0,2.0,0.0,12.5,,12.5,,16:26,,,,,zubruda01
12,2003-04,WSH,25.0,54.0,38.0,-16,5.0,6.0,1.0,2.0,8.0,7.0,0.0,10.4,,10.4,,19:32,,,,,zubruda01
13,2005-06,WSH,27.0,71.0,84.0,3,10.0,13.0,0.0,5.0,19.0,13.0,2.0,12.7,,12.7,,20:22,,,,,zubruda01
14,2006-07,TOT,28.0,79.0,62.0,-19,14.0,10.0,0.0,4.0,23.0,13.0,0.0,15.2,,15.2,,19:29,,,,,zubruda01
15,2006-07,WSH,28.0,60.0,50.0,-16,11.0,9.0,0.0,4.0,20.0,12.0,0.0,15.7,,15.7,,19:51,,,,,zubruda01
16,2006-07,BUF,28.0,19.0,12.0,-3,3.0,1.0,0.0,0.0,3.0,1.0,0.0,12.9,,12.9,,18:22,,,,,zubruda01
17,2007-08,NJD,29.0,82.0,38.0,2,9.0,4.0,0.0,2.0,21.0,4.0,0.0,10.2,237.0,10.2,237.0,15:42,77.0,17.0,35.0,21.0,zubruda01
18,2008-09,NJD,30.0,82.0,69.0,6,14.0,1.0,0.0,3.0,15.0,10.0,0.0,11.5,207.0,11.5,207.0,15:16,98.0,16.0,19.0,25.0,zubruda01
19,2009-10,NJD,31.0,51.0,28.0,4,9.0,1.0,0.0,4.0,14.0,2.0,1.0,11.6,131.0,11.6,131.0,16:29,61.0,24.0,18.0,21.0,zubruda01
20,2010-11,NJD,32.0,79.0,53.0,-11,12.0,1.0,0.0,2.0,14.0,2.0,1.0,11.3,190.0,11.3,190.0,17:09,107.0,32.0,33.0,30.0,zubruda01
21,2011-12,NJD,33.0,82.0,34.0,7,10.0,4.0,3.0,2.0,23.0,2.0,2.0,15.6,171.0,15.6,171.0,18:41,102.0,41.0,34.0,23.0,zubruda01
22,2012-13,NJD,34.0,22.0,12.0,-3,2.0,0.0,0.0,0.0,5.0,0.0,2.0,9.1,39.0,9.1,39.0,16:47,31.0,9.0,6.0,6.0,zubruda01
23,2013-14,NJD,35.0,82.0,46.0,1,13.0,0.0,0.0,1.0,13.0,0.0,0.0,10.7,188.0,10.7,188.0,17:33,107.0,39.0,19.0,20.0,zubruda01
24,2014-15,NJD,36.0,74.0,42.0,-9,4.0,0.0,0.0,1.0,4.0,1.0,1.0,5.6,106.0,5.6,106.0,14:40,97.0,40.0,19.0,19.0,zubruda01
25,2015-16,SJS,37.0,50.0,20.0,4,3.0,0.0,0.0,0.0,4.0,0.0,0.0,9.1,66.0,9.1,66.0,11:35,68.0,15.0,15.0,15.0,zubruda01
1,1997-98,SJS,20.0,56.0,66.0,8,4.0,2.0,0.0,2.0,5.0,2.0,0.0,8.3,,8.3,,</td>,,,,,zyuzian01
2,1998-99,SJS,21.0,25.0,38.0,5,1.0,2.0,0.0,0.0,1.0,0.0,0.0,6.8,,6.8,,15:56,,,,,zyuzian01
3,1999-00,TBL,22.0,34.0,33.0,-11,2.0,0.0,0.0,0.0,6.0,3.0,0.0,4.3,,4.3,,20:28,,,,,zyuzian01
4,2000-01,TBL,23.0,64.0,76.0,-8,1.0,2.0,1.0,1.0,13.0,3.0,0.0,4.3,,4.3,,18:39,,,,,zyuzian01
5,2001-02,TOT,24.0,47.0,31.0,-5,0.0,1.0,0.0,0.0,3.0,1.0,0.0,1.6,,1.6,,15:57,,,,,zyuzian01
6,2001-02,TBL,24.0,9.0,6.0,-6,0.0,0.0,0.0,0.0,1.0,1.0,0.0,0.0,,0.0,,19:41,,,,,zyuzian01
7,2001-02,NJD,24.0,38.0,25.0,1,0.0,1.0,0.0,0.0,2.0,0.0,0.0,2.1,,2.1,,15:04,,,,,zyuzian01
8,2002-03,TOT,25.0,67.0,36.0,-8,2.0,2.0,0.0,0.0,4.0,6.0,3.0,3.5,,3.5,,21:37,,,,,zyuzian01
9,2002-03,NJD,25.0,1.0,2.0,-1,0.0,0.0,0.0,0.0,0.0,1.0,0.0,</td,,</td,,20:03,,,,,zyuzian01
10,2002-03,MIN,25.0,66.0,34.0,-7,2.0,2.0,0.0,0.0,4.0,5.0,3.0,3.5,,3.5,,21:38,,,,,zyuzian01
11,2003-04,MIN,26.0,65.0,48.0,4,4.0,4.0,0.0,1.0,9.0,4.0,0.0,7.7,,7.7,,20:22,,,,,zyuzian01
12,2005-06,MIN,28.0,57.0,50.0,-12,3.0,4.0,0.0,1.0,7.0,4.0,0.0,8.8,,8.8,,18:53,,,,,zyuzian01
13,2006-07,CGY,29.0,49.0,30.0,-2,1.0,0.0,0.0,0.0,5.0,0.0,0.0,2.8,,2.8,,13:49,,,,,zyuzian01
14,2007-08,CHI,30.0,32.0,38.0,-11,1.0,1.0,0.0,0.0,2.0,1.0,0.0,5.9,68.0,5.9,68.0,14:58,29.0,35.0,6.0,10.0,zyuzian01
